horizon_seconds,price_range,band_low,band_high,n,total_available_contracts,coverage,wins,losses,p_success,avg_cost,ev_p_minus_c,gross_pnl,profit_per_available_contract,p_value_break_even,neighbor_count,neighbor_positive_count,neighbor_positive_share,neighbor_profit_per_available_mean,positive_component_size,positive_component_profit_per_available_mean,stable
60,0.50-0.60,0.50,0.60,5,150,0.033333,3,2,0.600000,0.548000,0.052000,0.260000,0.001733,0.5895904536,0,0,0.000000,0.000000,0,0.000000,0
60,0.50-0.70,0.50,0.70,7,150,0.046667,3,4,0.428571,0.570000,-0.141429,-0.990000,-0.006600,0.8728071252,1,0,0.000000,-0.021966,0,0.000000,0
60,0.50-0.80,0.50,0.80,9,150,0.060000,5,4,0.555556,0.603333,-0.047778,-0.430000,-0.002867,0.742715691,3,0,0.000000,-0.016666,0,0.000000,0
60,0.50-0.90,0.50,0.90,16,150,0.106667,11,5,0.687500,0.716875,-0.029375,-0.470000,-0.003133,0.7223439965,7,0,0.000000,-0.012149,0,0.000000,0
60,0.50-1.00,0.50,1.00,150,150,1.000000,143,7,0.953333,0.963213,-0.009880,-1.482000,-0.009880,0.8443091756,5,0,0.000000,-0.010639,0,0.000000,0
60,0.60-0.70,0.60,0.70,2,150,0.013333,0,2,0.000000,0.625000,-0.625000,-1.250000,-0.008333,1,1,0,0.000000,-0.021966,0,0.000000,0
60,0.60-0.80,0.60,0.80,4,150,0.026667,2,2,0.500000,0.672500,-0.172500,-0.690000,-0.004600,0.89563096,4,0,0.000000,-0.015126,0,0.000000,0
60,0.60-0.90,0.60,0.90,11,150,0.073333,8,3,0.727273,0.793636,-0.066364,-0.730000,-0.004867,0.8314654225,10,0,0.000000,-0.010209,0,0.000000,0
60,0.60-1.00,0.60,1.00,145,150,0.966667,140,5,0.965517,0.977531,-0.012014,-1.742000,-0.011613,0.9102567151,8,0,0.000000,-0.008564,0,0.000000,0
60,0.70-0.80,0.70,0.80,2,150,0.013333,2,0,1.000000,0.720000,0.280000,0.560000,0.003733,0.5183,2,0,0.000000,-0.010450,0,0.000000,0
60,0.70-0.90,0.70,0.90,9,150,0.060000,8,1,0.888889,0.831111,0.057778,0.520000,0.003467,0.5330626653,8,1,0.125000,-0.004707,0,0.000000,0
60,0.70-1.00,0.70,1.00,143,150,0.953333,140,3,0.979021,0.982462,-0.003441,-0.492000,-0.003280,0.7649653738,7,1,0.142857,-0.004911,0,0.000000,0
60,0.80-0.90,0.80,0.90,7,150,0.046667,6,1,0.857143,0.862857,-0.005714,-0.040000,-0.000267,0.7526746098,7,2,0.285714,-0.001714,0,0.000000,0
60,0.80-1.00,0.80,1.00,141,150,0.940000,138,3,0.978723,0.986184,-0.007461,-1.052000,-0.007013,0.875651477,6,2,0.333333,-0.000831,0,0.000000,0
60,0.90-1.00,0.90,1.00,134,150,0.893333,132,2,0.985075,0.992627,-0.007552,-1.012000,-0.006747,0.9254678434,3,2,0.666667,0.003932,0,0.000000,0
120,0.50-0.60,0.50,0.60,8,178,0.044944,3,5,0.375000,0.536250,-0.161250,-1.290000,-0.007247,0.8984388534,0,0,0.000000,0.000000,0,0.000000,0
120,0.50-0.70,0.50,0.70,11,178,0.061798,5,6,0.454545,0.570000,-0.115455,-1.270000,-0.007135,0.8612756211,2,1,0.500000,-0.008552,0,0.000000,0
120,0.50-0.80,0.50,0.80,21,178,0.117978,10,11,0.476190,0.662381,-0.186190,-3.910000,-0.021966,0.9795636541,5,2,0.400000,-0.005312,0,0.000000,0
120,0.50-0.90,0.50,0.90,32,178,0.179775,20,12,0.625000,0.723125,-0.098125,-3.140000,-0.017640,0.9294375077,11,4,0.363636,-0.004901,0,0.000000,0
120,0.50-1.00,0.50,1.00,178,178,1.000000,165,13,0.926966,0.937365,-0.010399,-1.851000,-0.010399,0.7987555998,9,3,0.333333,-0.004894,0,0.000000,0
120,0.60-0.70,0.60,0.70,3,178,0.016854,2,1,0.666667,0.660000,0.006667,0.020000,0.000112,0.732248,2,1,0.500000,-0.008552,0,0.000000,0
120,0.60-0.80,0.60,0.80,13,178,0.073034,7,6,0.538462,0.740000,-0.201538,-2.620000,-0.014719,0.971017786,8,2,0.250000,-0.008270,0,0.000000,0
120,0.60-0.90,0.60,0.90,24,178,0.134831,17,7,0.708333,0.785417,-0.077083,-1.850000,-0.010393,0.8793547325,16,5,0.312500,-0.005298,0,0.000000,0
120,0.60-1.00,0.60,1.00,170,178,0.955056,162,8,0.952941,0.956241,-0.003300,-0.561000,-0.003152,0.6792938161,14,4,0.285714,-0.005350,0,0.000000,0
120,0.70-0.80,0.70,0.80,10,178,0.056180,5,5,0.500000,0.764000,-0.264000,-2.640000,-0.014831,0.9853521404,4,1,0.250000,-0.006809,0,0.000000,0
120,0.70-0.90,0.70,0.90,21,178,0.117978,15,6,0.714286,0.803333,-0.089048,-1.870000,-0.010506,0.9003706245,12,4,0.333333,-0.002146,0,0.000000,0
120,0.70-1.00,0.70,1.00,167,178,0.938202,160,7,0.958084,0.961563,-0.003479,-0.581000,-0.003264,0.6925382066,12,4,0.333333,-0.002750,0,0.000000,0
120,0.80-0.90,0.80,0.90,11,178,0.061798,10,1,0.909091,0.839091,0.070000,0.770000,0.004326,0.4510191553,11,4,0.363636,-0.001108,0,0.000000,0
120,0.80-1.00,0.80,1.00,157,178,0.882022,155,2,0.987261,0.974146,0.013115,2.059000,0.011567,0.2143417893,10,3,0.300000,-0.002376,5,0.005975,0
120,0.90-1.00,0.90,1.00,146,178,0.820225,145,1,0.993151,0.984322,0.008829,1.289000,0.007242,0.3258890612,5,2,0.400000,0.000835,5,0.005975,0
180,0.50-0.60,0.50,0.60,7,183,0.038251,3,4,0.428571,0.558571,-0.130000,-0.910000,-0.004973,0.8585608152,0,0,0.000000,0.000000,0,0.000000,0
180,0.50-0.70,0.50,0.70,17,183,0.092896,11,6,0.647059,0.615294,0.031765,0.540000,0.002951,0.4996963788,4,1,0.250000,-0.012857,0,0.000000,0
180,0.50-0.80,0.50,0.80,26,183,0.142077,18,8,0.692308,0.658077,0.034231,0.890000,0.004863,0.4434733175,9,1,0.111111,-0.014227,1,0.004863,0
180,0.50-0.90,0.50,0.90,42,183,0.229508,30,12,0.714286,0.732500,-0.018214,-0.765000,-0.004180,0.6827464308,15,4,0.266667,-0.010300,0,0.000000,0
180,0.50-1.00,0.50,1.00,183,183,1.000000,169,14,0.923497,0.919973,0.003525,0.645000,0.003525,0.4935702786,11,2,0.181818,-0.010071,4,0.003347,0
180,0.60-0.70,0.60,0.70,10,183,0.054645,8,2,0.800000,0.655000,0.145000,1.450000,0.007923,0.2717527797,4,1,0.250000,-0.012857,0,0.000000,0
180,0.60-0.80,0.60,0.80,19,183,0.103825,15,4,0.789474,0.694737,0.094737,1.800000,0.009836,0.2639886321,13,2,0.153846,-0.012236,0,0.000000,0
180,0.60-0.90,0.60,0.90,35,183,0.191257,27,8,0.771429,0.767286,0.004143,0.145000,0.000792,0.5705991464,21,4,0.190476,-0.010148,4,0.003347,0
180,0.60-1.00,0.60,1.00,176,183,0.961749,166,10,0.943182,0.934347,0.008835,1.555000,0.008497,0.3756060718,17,3,0.176471,-0.009964,4,0.003347,0
180,0.70-0.80,0.70,0.80,9,183,0.049180,7,2,0.777778,0.738889,0.038889,0.350000,0.001913,0.569481,8,1,0.125000,-0.009559,0,0.000000,0
180,0.70-0.90,0.70,0.90,25,183,0.136612,19,6,0.760000,0.812200,-0.052200,-1.305000,-0.007131,0.8278860914,16,5,0.312500,-0.005228,0,0.000000,0
180,0.70-1.00,0.70,1.00,166,183,0.907104,158,8,0.951807,0.951175,0.000633,0.105000,0.000574,0.5774875271,15,4,0.266667,-0.005258,4,0.003347,0
180,0.80-0.90,0.80,0.90,16,183,0.087432,12,4,0.750000,0.853437,-0.103437,-1.655000,-0.009044,0.9279143572,13,6,0.461538,-0.002162,0,0.000000,0
180,0.80-1.00,0.80,1.00,157,183,0.857923,151,6,0.961783,0.963344,-0.001561,-0.245000,-0.001339,0.6479282027,12,6,0.500000,-0.002231,0,0.000000,0
180,0.90-1.00,0.90,1.00,141,183,0.770492,139,2,0.985816,0.975816,0.010000,1.410000,0.007705,0.3301612313,6,4,0.666667,0.002971,5,0.005975,0
240,0.50-0.60,0.50,0.60,7,185,0.037838,2,5,0.285714,0.532857,-0.247143,-1.730000,-0.009351,0.9565929669,1,0,0.000000,-0.011676,0,0.000000,0
240,0.50-0.70,0.50,0.70,14,185,0.075676,7,7,0.500000,0.587143,-0.087143,-1.220000,-0.006595,0.8270375852,6,1,0.166667,-0.012928,0,0.000000,0
240,0.50-0.80,0.50,0.80,27,185,0.145946,14,13,0.518519,0.668148,-0.149630,-4.040000,-0.021838,0.9684914175,11,2,0.181818,-0.012684,0,0.000000,0
240,0.50-0.90,0.50,0.90,66,185,0.356757,47,19,0.712121,0.781758,-0.069636,-4.596000,-0.024843,0.9395992735,16,4,0.250000,-0.012420,0,0.000000,0
240,0.50-1.00,0.50,1.00,185,185,1.000000,163,22,0.881081,0.902741,-0.021659,-4.007000,-0.021659,0.8859077119,11,3,0.272727,-0.012364,0,0.000000,0
240,0.60-0.70,0.60,0.70,7,185,0.037838,5,2,0.714286,0.641429,0.072857,0.510000,0.002757,0.5125239694,7,1,0.142857,-0.012780,0,0.000000,0
240,0.60-0.80,0.60,0.80,20,185,0.108108,12,8,0.600000,0.715500,-0.115500,-2.310000,-0.012486,0.9166015655,15,2,0.133333,-0.013323,0,0.000000,0
240,0.60-0.90,0.60,0.90,59,185,0.318919,45,14,0.762712,0.811288,-0.048576,-2.866000,-0.015492,0.8724645044,23,5,0.217391,-0.012747,0,0.000000,0
240,0.60-1.00,0.60,1.00,178,185,0.962162,161,17,0.904494,0.917287,-0.012792,-2.277000,-0.012308,0.7917950835,17,4,0.235294,-0.012858,0,0.000000,0
240,0.70-0.80,0.70,0.80,13,185,0.070270,7,6,0.538462,0.755385,-0.216923,-2.820000,-0.015243,0.9786818978,11,1,0.090909,-0.010048,0,0.000000,0
240,0.70-0.90,0.70,0.90,52,185,0.281081,40,12,0.769231,0.834154,-0.064923,-3.376000,-0.018249,0.9230539974,19,4,0.210526,-0.008408,0,0.000000,0
240,0.70-1.00,0.70,1.00,171,185,0.924324,156,15,0.912281,0.928579,-0.016298,-2.787000,-0.015065,0.845851403,16,4,0.250000,-0.007856,0,0.000000,0
240,0.80-0.90,0.80,0.90,39,185,0.210811,33,6,0.846154,0.860410,-0.014256,-0.556000,-0.003005,0.7023402962,14,4,0.285714,-0.006492,0,0.000000,0
240,0.80-1.00,0.80,1.00,158,185,0.854054,149,9,0.943038,0.942829,0.000209,0.033000,0.000178,0.5830956458,13,3,0.230769,-0.006321,5,0.005975,0
240,0.90-1.00,0.90,1.00,119,185,0.643243,116,3,0.974790,0.969840,0.004950,0.589000,0.003184,0.5140505966,7,2,0.285714,-0.001709,5,0.005975,0
300,0.50-0.60,0.50,0.60,7,185,0.037838,2,5,0.285714,0.568571,-0.282857,-1.980000,-0.010703,0.9717720218,2,0,0.000000,-0.008120,0,0.000000,0
300,0.50-0.70,0.50,0.70,21,185,0.113514,11,10,0.523810,0.626667,-0.102857,-2.160000,-0.011676,0.8852327997,7,0,0.000000,-0.015434,0,0.000000,0
300,0.50-0.80,0.50,0.80,41,185,0.221622,24,17,0.585366,0.691707,-0.106341,-4.360000,-0.023568,0.9495286415,13,0,0.000000,-0.015264,0,0.000000,0
300,0.50-0.90,0.50,0.90,82,185,0.443243,59,23,0.719512,0.776780,-0.057268,-4.696000,-0.025384,0.9198994145,17,0,0.000000,-0.016415,0,0.000000,0
300,0.50-1.00,0.50,1.00,185,185,1.000000,157,28,0.848649,0.879968,-0.031319,-5.794000,-0.031319,0.9332626894,11,0,0.000000,-0.015422,0,0.000000,0
300,0.60-0.70,0.60,0.70,14,185,0.075676,9,5,0.642857,0.655714,-0.012857,-0.180000,-0.000973,0.6579314295,10,0,0.000000,-0.014862,0,0.000000,0
300,0.60-0.80,0.60,0.80,34,185,0.183784,22,12,0.647059,0.717059,-0.070000,-2.380000,-0.012865,0.8649163048,18,0,0.000000,-0.015644,0,0.000000,0
300,0.60-0.90,0.60,0.90,75,185,0.405405,57,18,0.760000,0.796213,-0.036213,-2.716000,-0.014681,0.8282572396,25,0,0.000000,-0.016158,0,0.000000,0
300,0.60-1.00,0.60,1.00,178,185,0.962162,155,23,0.870787,0.892213,-0.021427,-3.814000,-0.020616,0.8641948943,17,0,0.000000,-0.015626,0,0.000000,0
300,0.70-0.80,0.70,0.80,20,185,0.108108,13,7,0.650000,0.760000,-0.110000,-2.200000,-0.011892,0.9170105748,13,1,0.076923,-0.010182,0,0.000000,0
300,0.70-0.90,0.70,0.90,61,185,0.329730,48,13,0.786885,0.828459,-0.041574,-2.536000,-0.013708,0.851314114,22,3,0.136364,-0.009272,0,0.000000,0
300,0.70-1.00,0.70,1.00,164,185,0.886486,146,18,0.890244,0.912402,-0.022159,-3.634000,-0.019643,0.8801908767,17,3,0.176471,-0.007803,0,0.000000,0
300,0.80-0.90,0.80,0.90,41,185,0.221622,35,6,0.853659,0.861854,-0.008195,-0.336000,-0.001816,0.6648355675,16,5,0.312500,-0.006724,0,0.000000,0
300,0.80-1.00,0.80,1.00,144,185,0.778378,133,11,0.923611,0.933569,-0.009958,-1.434000,-0.007751,0.754326418,14,5,0.357143,-0.005196,0,0.000000,0
300,0.90-1.00,0.90,1.00,103,185,0.556757,98,5,0.951456,0.962117,-0.010660,-1.098000,-0.005935,0.8054838141,8,5,0.625000,0.001342,0,0.000000,0
360,0.50-0.60,0.50,0.60,16,184,0.086957,7,9,0.437500,0.557500,-0.120000,-1.920000,-0.010435,0.8885155905,5,3,0.600000,0.003904,0,0.000000,0
360,0.50-0.70,0.50,0.70,34,184,0.184783,20,14,0.588235,0.612941,-0.024706,-0.840000,-0.004565,0.686035466,10,3,0.300000,-0.005517,0,0.000000,0
360,0.50-0.80,0.50,0.80,55,184,0.298913,33,22,0.600000,0.672182,-0.072182,-3.970000,-0.021576,0.903152374,15,4,0.266667,-0.005131,0,0.000000,0
360,0.50-0.90,0.50,0.90,98,184,0.532609,71,27,0.724490,0.754837,-0.030347,-2.974000,-0.016163,0.8032191507,17,4,0.235294,-0.007608,0,0.000000,0
360,0.50-1.00,0.50,1.00,184,184,1.000000,154,30,0.836957,0.848560,-0.011603,-2.135000,-0.011603,0.7244433954,11,4,0.363636,-0.004967,0,0.000000,0
360,0.60-0.70,0.60,0.70,18,184,0.097826,13,5,0.722222,0.662222,0.060000,1.080000,0.005870,0.3964778954,14,3,0.214286,-0.007912,0,0.000000,0
360,0.60-0.80,0.60,0.80,39,184,0.211957,26,13,0.666667,0.719231,-0.052564,-2.050000,-0.011141,0.8215070676,21,4,0.190476,-0.008019,0,0.000000,0
360,0.60-0.90,0.60,0.90,82,184,0.445652,64,18,0.780488,0.793341,-0.012854,-1.054000,-0.005728,0.6748746644,26,5,0.192308,-0.009488,0,0.000000,0
360,0.60-1.00,0.60,1.00,168,184,0.913043,147,21,0.875000,0.876280,-0.001280,-0.215000,-0.001168,0.5794785331,17,5,0.294118,-0.007116,0,0.000000,0
360,0.70-0.80,0.70,0.80,21,184,0.114130,13,8,0.619048,0.768095,-0.149048,-3.130000,-0.017011,0.9641014645,15,4,0.266667,-0.004361,0,0.000000,0
360,0.70-0.90,0.70,0.90,64,184,0.347826,51,13,0.796875,0.830219,-0.033344,-2.134000,-0.011598,0.8144667935,23,7,0.304348,-0.004030,0,0.000000,0
360,0.70-1.00,0.70,1.00,150,184,0.815217,134,16,0.893333,0.901967,-0.008633,-1.295000,-0.007038,0.7030962704,17,7,0.411765,-0.000961,0,0.000000,0
360,0.80-0.90,0.80,0.90,43,184,0.233696,38,5,0.883721,0.860558,0.023163,0.996000,0.005413,0.4335892304,17,6,0.352941,-0.003656,81,0.015013,0
360,0.80-1.00,0.80,1.00,129,184,0.701087,121,8,0.937984,0.923760,0.014225,1.835000,0.009973,0.3388548504,14,6,0.428571,-0.001120,81,0.015013,0
360,0.90-1.00,0.90,1.00,86,184,0.467391,83,3,0.965116,0.955360,0.009756,0.839000,0.004560,0.4602044313,8,5,0.625000,0.005704,81,0.015013,0
420,0.50-0.60,0.50,0.60,23,184,0.125000,13,10,0.565217,0.552174,0.013043,0.300000,0.001630,0.5362651035,5,4,0.800000,0.009663,81,0.015013,1
420,0.50-0.70,0.50,0.70,43,184,0.233696,29,14,0.674419,0.597907,0.076512,3.290000,0.017880,0.1918744519,11,5,0.454545,-0.002050,81,0.015013,0
420,0.50-0.80,0.50,0.80,76,184,0.413043,50,26,0.657895,0.668158,-0.010263,-0.780000,-0.004239,0.6290741249,16,8,0.500000,0.000292,0,0.000000,0
420,0.50-0.90,0.50,0.90,120,184,0.652174,91,29,0.758333,0.738083,0.020250,2.430000,0.013207,0.3431166804,17,6,0.352941,-0.001554,81,0.015013,0
420,0.50-1.00,0.50,1.00,184,184,1.000000,153,31,0.831522,0.812886,0.018636,3.429000,0.018636,0.2796014281,11,5,0.454545,0.002070,81,0.015013,0
420,0.60-0.70,0.60,0.70,20,184,0.108696,16,4,0.800000,0.650500,0.149500,2.990000,0.016250,0.1186309742,14,5,0.357143,-0.005381,81,0.015013,0
420,0.60-0.80,0.60,0.80,53,184,0.288043,37,16,0.698113,0.718491,-0.020377,-1.080000,-0.005870,0.6925171083,22,8,0.363636,-0.003265,0,0.000000,0
420,0.60-0.90,0.60,0.90,97,184,0.527174,78,19,0.804124,0.782165,0.021959,2.130000,0.011576,0.3478048661,26,7,0.269231,-0.004334,81,0.015013,0
420,0.60-1.00,0.60,1.00,161,184,0.875000,140,21,0.869565,0.850130,0.019435,3.129000,0.017005,0.2759321236,17,6,0.352941,-0.000534,81,0.015013,0
420,0.70-0.80,0.70,0.80,33,184,0.179348,21,12,0.636364,0.759697,-0.123333,-4.070000,-0.022120,0.9641437066,16,8,0.500000,0.000688,0,0.000000,0
420,0.70-0.90,0.70,0.90,77,184,0.418478,62,15,0.805195,0.816364,-0.011169,-0.860000,-0.004674,0.6662230271,23,12,0.521739,0.001067,0,0.000000,0
420,0.70-1.00,0.70,1.00,141,184,0.766304,124,17,0.879433,0.878447,0.000986,0.139000,0.000755,0.5498045069,17,10,0.588235,0.005166,81,0.015013,0
420,0.80-0.90,0.80,0.90,44,184,0.239130,41,3,0.931818,0.858864,0.072955,3.210000,0.017446,0.1135621939,17,9,0.529412,-0.000944,81,0.015013,0
420,0.80-1.00,0.80,1.00,108,184,0.586957,103,5,0.953704,0.914731,0.038972,4.209000,0.022875,0.08912517619,14,9,0.642857,0.002352,81,0.015013,0
420,0.90-1.00,0.90,1.00,64,184,0.347826,62,2,0.968750,0.953141,0.015609,0.999000,0.005429,0.4160423765,8,8,1.000000,0.010482,81,0.015013,1
480,0.50-0.60,0.50,0.60,18,184,0.097826,7,11,0.388889,0.565000,-0.176111,-3.170000,-0.017228,0.9592936013,8,6,0.750000,0.002493,0,0.000000,0
480,0.50-0.70,0.50,0.70,48,184,0.260870,30,18,0.625000,0.622083,0.002917,0.140000,0.000761,0.5475588044,13,6,0.461538,-0.001756,81,0.015013,0
480,0.50-0.80,0.50,0.80,91,184,0.494565,60,31,0.659341,0.688681,-0.029341,-2.670000,-0.014511,0.7689884087,17,9,0.529412,0.000651,0,0.000000,0
480,0.50-0.90,0.50,0.90,135,184,0.733696,99,36,0.733333,0.742452,-0.009119,-1.231000,-0.006690,0.641852974,17,8,0.470588,0.000885,0,0.000000,0
480,0.50-1.00,0.50,1.00,184,184,1.000000,146,38,0.793478,0.796196,-0.002717,-0.500000,-0.002717,0.5821473842,11,7,0.636364,0.004826,0,0.000000,0
480,0.60-0.70,0.60,0.70,30,184,0.163043,23,7,0.766667,0.656333,0.110333,3.310000,0.017989,0.1385530838,16,7,0.437500,-0.004219,81,0.015013,0
480,0.60-0.80,0.60,0.80,73,184,0.396739,53,20,0.726027,0.719178,0.006849,0.500000,0.002717,0.5074510166,23,10,0.434783,-0.001182,81,0.015013,0
480,0.60-0.90,0.60,0.90,117,184,0.635870,92,25,0.786325,0.769752,0.016573,1.939000,0.010538,0.3801126523,26,11,0.423077,-0.000666,81,0.015013,0
480,0.60-1.00,0.60,1.00,166,184,0.902174,139,27,0.837349,0.821265,0.016084,2.670000,0.014511,0.3291481229,17,9,0.529412,0.002833,81,0.015013,0
480,0.70-0.80,0.70,0.80,43,184,0.233696,30,13,0.697674,0.763023,-0.065349,-2.810000,-0.015272,0.8810038554,17,10,0.588235,0.002448,0,0.000000,0
480,0.70-0.90,0.70,0.90,87,184,0.472826,69,18,0.793103,0.808862,-0.015759,-1.371000,-0.007451,0.7035687886,23,14,0.608696,0.003432,0,0.000000,0
480,0.70-1.00,0.70,1.00,136,184,0.739130,116,20,0.852941,0.857647,-0.004706,-0.640000,-0.003478,0.6223725138,17,12,0.705882,0.006960,0,0.000000,0
480,0.80-0.90,0.80,0.90,44,184,0.239130,39,5,0.886364,0.853659,0.032705,1.439000,0.007821,0.3603393993,17,10,0.588235,0.002572,81,0.015013,0
480,0.80-1.00,0.80,1.00,93,184,0.505435,86,7,0.924731,0.901398,0.023333,2.170000,0.011793,0.2877116731,14,9,0.642857,0.004800,81,0.015013,0
480,0.90-1.00,0.90,1.00,49,184,0.266304,47,2,0.959184,0.944265,0.014918,0.731000,0.003973,0.4798367684,8,6,0.750000,0.007839,81,0.015013,1
540,0.50-0.60,0.50,0.60,27,184,0.146739,16,11,0.592593,0.555556,0.037037,1.000000,0.005435,0.4260418533,7,3,0.428571,-0.007353,81,0.015013,0
540,0.50-0.70,0.50,0.70,61,184,0.331522,34,27,0.557377,0.609508,-0.052131,-3.180000,-0.017283,0.834733688,13,7,0.538462,-0.004532,0,0.000000,0
540,0.50-0.80,0.50,0.80,98,184,0.532609,64,34,0.653061,0.666837,-0.013776,-1.350000,-0.007337,0.6601355393,17,9,0.529412,-0.004193,0,0.000000,0
540,0.50-0.90,0.50,0.90,150,184,0.815217,110,40,0.733333,0.731800,0.001533,0.230000,0.001250,0.5256329612,17,7,0.411765,-0.002541,81,0.015013,0
540,0.50-1.00,0.50,1.00,184,184,1.000000,140,44,0.760870,0.769533,-0.008663,-1.594000,-0.008663,0.6543196135,11,5,0.454545,-0.000284,0,0.000000,0
540,0.60-0.70,0.60,0.70,34,184,0.184783,18,16,0.529412,0.652353,-0.122941,-4.180000,-0.022717,0.9519709219,16,9,0.562500,-0.002660,0,0.000000,0
540,0.60-0.80,0.60,0.80,71,184,0.385870,48,23,0.676056,0.709155,-0.033099,-2.350000,-0.012772,0.7761735573,23,13,0.565217,-0.001180,0,0.000000,0
540,0.60-0.90,0.60,0.90,123,184,0.668478,94,29,0.764228,0.770488,-0.006260,-0.770000,-0.004185,0.6159850653,26,14,0.538462,0.000742,0,0.000000,0
540,0.60-1.00,0.60,1.00,157,184,0.853261,124,33,0.789809,0.806331,-0.016522,-2.594000,-0.014098,0.7448130024,17,9,0.529412,0.002849,0,0.000000,0
540,0.70-0.80,0.70,0.80,37,184,0.201087,30,7,0.810811,0.761351,0.049459,1.830000,0.009946,0.3128194661,17,11,0.647059,0.001364,81,0.015013,0
540,0.70-0.90,0.70,0.90,89,184,0.483696,76,13,0.853933,0.815618,0.038315,3.410000,0.018533,0.2138427983,23,14,0.608696,0.002552,81,0.015013,0
540,0.70-1.00,0.70,1.00,123,184,0.668478,106,17,0.861789,0.848894,0.012894,1.586000,0.008620,0.4000343046,17,10,0.588235,0.003949,81,0.015013,0
540,0.80-0.90,0.80,0.90,52,184,0.282609,46,6,0.884615,0.854231,0.030385,1.580000,0.008587,0.349778375,16,10,0.625000,0.004174,81,0.015013,0
540,0.80-1.00,0.80,1.00,86,184,0.467391,76,10,0.883721,0.886558,-0.002837,-0.244000,-0.001326,0.6161052547,13,9,0.692308,0.005060,0,0.000000,0
540,0.90-1.00,0.90,1.00,34,184,0.184783,30,4,0.882353,0.936000,-0.053647,-1.824000,-0.009913,0.9375632197,7,5,0.714286,0.004035,0,0.000000,0
600,0.50-0.60,0.50,0.60,38,184,0.206522,21,17,0.552632,0.550000,0.002632,0.100000,0.000543,0.5539724797,8,4,0.500000,-0.002296,81,0.015013,0
600,0.50-0.70,0.50,0.70,73,184,0.396739,41,32,0.561644,0.599726,-0.038082,-2.780000,-0.015109,0.785775712,14,9,0.642857,0.004227,0,0.000000,0
600,0.50-0.80,0.50,0.80,122,184,0.663043,81,41,0.663934,0.662213,0.001721,0.210000,0.001141,0.5264322095,17,10,0.588235,0.004571,81,0.015013,0
600,0.50-0.90,0.50,0.90,165,184,0.896739,118,47,0.715152,0.713376,0.001776,0.293000,0.001592,0.5190664571,17,10,0.588235,0.008763,81,0.015013,0
600,0.50-1.00,0.50,1.00,184,184,1.000000,135,49,0.733696,0.735609,-0.001913,-0.352000,-0.001913,0.563522197,11,7,0.636364,0.008234,0,0.000000,0
600,0.60-0.70,0.60,0.70,35,184,0.190217,20,15,0.571429,0.653714,-0.082286,-2.880000,-0.015652,0.8842954139,17,12,0.705882,0.006541,0,0.000000,0
600,0.60-0.80,0.60,0.80,84,184,0.456522,60,24,0.714286,0.712976,0.001310,0.110000,0.000598,0.5443441656,23,16,0.695652,0.007792,81,0.015013,0
600,0.60-0.90,0.60,0.90,127,184,0.690217,97,30,0.763780,0.762260,0.001520,0.193000,0.001049,0.5328042232,26,19,0.730769,0.011013,81,0.015013,1
600,0.60-1.00,0.60,1.00,146,184,0.793478,114,32,0.780822,0.783918,-0.003096,-0.452000,-0.002457,0.5845603264,17,13,0.764706,0.010381,0,0.000000,0
600,0.70-0.80,0.70,0.80,49,184,0.266304,40,9,0.816327,0.755306,0.061020,2.990000,0.016250,0.2061132591,17,12,0.705882,0.005140,81,0.015013,1
600,0.70-0.90,0.70,0.90,92,184,0.500000,77,15,0.836957,0.803554,0.033402,3.073000,0.016701,0.2518068418,23,15,0.652174,0.006219,81,0.015013,0
600,0.70-1.00,0.70,1.00,111,184,0.603261,94,17,0.846847,0.824973,0.021874,2.428000,0.013196,0.3189412932,17,10,0.588235,0.004454,81,0.015013,0
600,0.80-0.90,0.80,0.90,43,184,0.233696,37,6,0.860465,0.858535,0.001930,0.083000,0.000451,0.5922698332,15,10,0.666667,0.007260,81,0.015013,0
600,0.80-1.00,0.80,1.00,62,184,0.336957,54,8,0.870968,0.880032,-0.009065,-0.562000,-0.003054,0.6766447227,12,8,0.666667,0.005078,0,0.000000,0
600,0.90-1.00,0.90,1.00,19,184,0.103261,17,2,0.894737,0.928684,-0.033947,-0.645000,-0.003505,0.8507351491,7,2,0.285714,-0.003926,0,0.000000,0
660,0.50-0.60,0.50,0.60,34,184,0.184783,22,12,0.647059,0.553824,0.093235,3.170000,0.017228,0.1785116354,8,6,0.750000,0.011020,81,0.015013,1
660,0.50-0.70,0.50,0.70,86,184,0.467391,57,29,0.662791,0.612558,0.050233,4.320000,0.023478,0.1981113678,14,12,0.857143,0.018010,81,0.015013,1
660,0.50-0.80,0.50,0.80,138,184,0.750000,101,37,0.731884,0.666884,0.065000,8.970000,0.048750,0.05815637316,17,15,0.882353,0.018585,81,0.015013,1
660,0.50-0.90,0.50,0.90,172,184,0.934783,128,44,0.744186,0.703802,0.040384,6.946000,0.037750,0.1335116412,17,15,0.882353,0.022080,81,0.015013,1
660,0.50-1.00,0.50,1.00,184,184,1.000000,139,45,0.755435,0.717913,0.037522,6.904000,0.037522,0.1382341581,11,9,0.818182,0.018669,81,0.015013,1
660,0.60-0.70,0.60,0.70,52,184,0.282609,35,17,0.673077,0.650962,0.022115,1.150000,0.006250,0.430594407,17,15,0.882353,0.018901,81,0.015013,1
660,0.60-0.80,0.60,0.80,104,184,0.565217,79,25,0.759615,0.703846,0.055769,5.800000,0.031522,0.1243232038,23,20,0.869565,0.018089,81,0.015013,1
660,0.60-0.90,0.60,0.90,138,184,0.750000,106,32,0.768116,0.740754,0.027362,3.776000,0.020522,0.261157184,26,22,0.846154,0.019218,81,0.015013,1
660,0.60-1.00,0.60,1.00,150,184,0.815217,117,33,0.780000,0.755107,0.024893,3.734000,0.020293,0.2675342125,17,13,0.764706,0.016335,81,0.015013,1
660,0.70-0.80,0.70,0.80,52,184,0.282609,44,8,0.846154,0.756731,0.089423,4.650000,0.025272,0.08489295905,17,13,0.764706,0.009430,81,0.015013,1
660,0.70-0.90,0.70,0.90,86,184,0.467391,71,15,0.825581,0.795047,0.030535,2.626000,0.014272,0.2891801358,23,15,0.652174,0.008346,81,0.015013,0
660,0.70-1.00,0.70,1.00,98,184,0.532609,82,16,0.836735,0.810367,0.026367,2.584000,0.014043,0.2992344241,17,9,0.529412,0.004392,81,0.015013,0
660,0.80-0.90,0.80,0.90,34,184,0.184783,27,7,0.794118,0.853647,-0.059529,-2.024000,-0.011000,0.88703487,14,8,0.571429,0.004949,0,0.000000,0
660,0.80-1.00,0.80,1.00,46,184,0.250000,38,8,0.826087,0.871000,-0.044913,-2.066000,-0.011228,0.8704331719,11,5,0.454545,0.001596,0,0.000000,0
660,0.90-1.00,0.90,1.00,12,184,0.065217,11,1,0.916667,0.920167,-0.003500,-0.042000,-0.000228,0.7521801657,6,1,0.166667,-0.008131,0,0.000000,0
720,0.50-0.60,0.50,0.60,47,185,0.254054,30,17,0.638298,0.554468,0.083830,3.940000,0.021297,0.1558676385,8,7,0.875000,0.014370,81,0.015013,1
720,0.50-0.70,0.50,0.70,106,185,0.572973,73,33,0.688679,0.611321,0.077358,8.200000,0.044324,0.0596802914,14,11,0.785714,0.015585,81,0.015013,1
720,0.50-0.80,0.50,0.80,153,185,0.827027,110,43,0.718954,0.652745,0.066209,10.130000,0.054757,0.04688773265,17,12,0.705882,0.015113,81,0.015013,1
720,0.50-0.90,0.50,0.90,180,185,0.972973,131,49,0.727778,0.682278,0.045500,8.190000,0.044270,0.1023988231,17,11,0.647059,0.016153,81,0.015013,0
720,0.50-1.00,0.50,1.00,185,185,1.000000,135,50,0.729730,0.688443,0.041286,7.638000,0.041286,0.1212543529,11,7,0.636364,0.013756,81,0.015013,0
720,0.60-0.70,0.60,0.70,59,185,0.318919,43,16,0.728814,0.656610,0.072203,4.260000,0.023027,0.1506576273,17,13,0.764706,0.015232,81,0.015013,1
720,0.60-0.80,0.60,0.80,106,185,0.572973,80,26,0.754717,0.696321,0.058396,6.190000,0.033459,0.1118380736,23,15,0.652174,0.013175,81,0.015013,0
720,0.60-0.90,0.60,0.90,133,185,0.718919,101,32,0.759398,0.727444,0.031955,4.250000,0.022973,0.2311112459,26,15,0.576923,0.012473,81,0.015013,0
720,0.60-1.00,0.60,1.00,138,185,0.745946,105,33,0.760870,0.734072,0.026797,3.698000,0.019989,0.2680505445,17,9,0.529412,0.010680,81,0.015013,0
720,0.70-0.80,0.70,0.80,47,185,0.254054,37,10,0.787234,0.746170,0.041064,1.930000,0.010432,0.3235007072,16,8,0.500000,0.004711,81,0.015013,0
720,0.70-0.90,0.70,0.90,74,185,0.400000,58,16,0.783784,0.783919,-0.000135,-0.010000,-0.000054,0.5677948099,21,10,0.476190,0.003255,0,0.000000,0
720,0.70-1.00,0.70,1.00,79,185,0.427027,62,17,0.784810,0.791924,-0.007114,-0.562000,-0.003038,0.6260144337,15,6,0.400000,0.000880,0,0.000000,0
720,0.80-0.90,0.80,0.90,27,185,0.145946,21,6,0.777778,0.849630,-0.071852,-1.940000,-0.010486,0.9009520094,12,4,0.333333,-0.000608,0,0.000000,0
720,0.80-1.00,0.80,1.00,32,185,0.172973,25,7,0.781250,0.859125,-0.077875,-2.492000,-0.013470,0.9293578019,9,2,0.222222,-0.002640,0,0.000000,0
720,0.90-1.00,0.90,1.00,5,185,0.027027,4,1,0.800000,0.910400,-0.110400,-0.552000,-0.002984,0.9332976619,4,0,0.000000,-0.011546,0,0.000000,0
780,0.50-0.60,0.50,0.60,62,184,0.336957,36,26,0.580645,0.549839,0.030806,1.910000,0.010380,0.3607982932,8,7,0.875000,0.013208,81,0.015013,1
780,0.50-0.70,0.50,0.70,123,184,0.668478,74,49,0.601626,0.601138,0.000488,0.060000,0.000326,0.5349037671,14,11,0.785714,0.013612,81,0.015013,1
780,0.50-0.80,0.50,0.80,166,184,0.902174,103,63,0.620482,0.638133,-0.017651,-2.930000,-0.015924,0.7145858733,17,13,0.764706,0.013576,0,0.000000,0
780,0.50-0.90,0.50,0.90,181,184,0.983696,117,64,0.646409,0.655083,-0.008674,-1.570000,-0.008533,0.6319846244,17,12,0.705882,0.012826,0,0.000000,0
780,0.50-1.00,0.50,1.00,184,184,1.000000,120,64,0.652174,0.659261,-0.007087,-1.304000,-0.007087,0.6156302954,11,8,0.727273,0.012887,0,0.000000,0
780,0.60-0.70,0.60,0.70,61,184,0.331522,38,23,0.622951,0.653279,-0.030328,-1.850000,-0.010054,0.7392408851,17,14,0.823529,0.011929,0,0.000000,0
780,0.60-0.80,0.60,0.80,104,184,0.565217,67,37,0.644231,0.690769,-0.046538,-4.840000,-0.026304,0.8722317122,23,16,0.695652,0.010517,0,0.000000,0
780,0.60-0.90,0.60,0.90,119,184,0.646739,81,38,0.680672,0.709916,-0.029244,-3.480000,-0.018913,0.7934464057,26,16,0.615385,0.008710,0,0.000000,0
780,0.60-1.00,0.60,1.00,122,184,0.663043,84,38,0.688525,0.714869,-0.026344,-3.214000,-0.017467,0.7768009046,17,10,0.588235,0.008725,0,0.000000,0
780,0.70-0.80,0.70,0.80,43,184,0.233696,29,14,0.674419,0.743953,-0.069535,-2.990000,-0.016250,0.8870914436,15,9,0.600000,0.003105,0,0.000000,0
780,0.70-0.90,0.70,0.90,58,184,0.315217,43,15,0.741379,0.769483,-0.028103,-1.630000,-0.008859,0.7529335377,19,10,0.526316,0.001072,0,0.000000,0
780,0.70-1.00,0.70,1.00,61,184,0.331522,46,15,0.754098,0.776459,-0.022361,-1.364000,-0.007413,0.7245313115,13,6,0.461538,0.000161,0,0.000000,0
780,0.80-0.90,0.80,0.90,15,184,0.081522,14,1,0.933333,0.842667,0.090667,1.360000,0.007391,0.2910212327,11,4,0.363636,-0.002357,0,0.000000,0
780,0.80-1.00,0.80,1.00,18,184,0.097826,17,1,0.944444,0.854111,0.090333,1.626000,0.008837,0.2371331557,8,2,0.250000,-0.003472,0,0.000000,0
780,0.90-1.00,0.90,1.00,3,184,0.016304,3,0,1.000000,0.911333,0.088667,0.266000,0.001446,0.75685512,2,0,0.000000,-0.011978,0,0.000000,0
840,0.50-0.60,0.50,0.60,94,184,0.510870,54,40,0.574468,0.548617,0.025851,2.430000,0.013207,0.3455086414,8,6,0.750000,0.007004,81,0.015013,1
840,0.50-0.70,0.50,0.70,157,184,0.853261,95,62,0.605096,0.589427,0.015669,2.460000,0.013370,0.3761088275,14,10,0.714286,0.004837,81,0.015013,1
840,0.50-0.80,0.50,0.80,178,184,0.967391,112,66,0.629213,0.607472,0.021742,3.870000,0.021033,0.3018053224,17,11,0.647059,0.002401,81,0.015013,0
840,0.50-0.90,0.50,0.90,184,184,1.000000,117,67,0.635870,0.614728,0.021141,3.890000,0.021141,0.3026043426,17,11,0.647059,0.002782,81,0.015013,0
840,0.50-1.00,0.50,1.00,184,184,1.000000,117,67,0.635870,0.614728,0.021141,3.890000,0.021141,0.3026043426,11,7,0.636364,0.003222,81,0.015013,0
840,0.60-0.70,0.60,0.70,63,184,0.342391,41,22,0.650794,0.650317,0.000476,0.030000,0.000163,0.5545907898,16,11,0.687500,0.004521,81,0.015013,0
840,0.60-0.80,0.60,0.80,84,184,0.456522,58,26,0.690476,0.673333,0.017143,1.440000,0.007826,0.4180037379,21,13,0.619048,0.002112,81,0.015013,0
840,0.60-0.90,0.60,0.90,90,184,0.489130,63,27,0.700000,0.683778,0.016222,1.460000,0.007935,0.418210923,23,14,0.608696,0.002226,81,0.015013,0
840,0.60-1.00,0.60,1.00,90,184,0.489130,63,27,0.700000,0.683778,0.016222,1.460000,0.007935,0.418210923,15,9,0.600000,0.003195,81,0.015013,0
840,0.70-0.80,0.70,0.80,21,184,0.114130,17,4,0.809524,0.742381,0.067143,1.410000,0.007663,0.3372539142,12,6,0.500000,-0.004628,81,0.015013,0
840,0.70-0.90,0.70,0.90,27,184,0.146739,22,5,0.814815,0.761852,0.052963,1.430000,0.007772,0.3488854573,14,8,0.571429,-0.003714,81,0.015013,0
840,0.70-1.00,0.70,1.00,27,184,0.146739,22,5,0.814815,0.761852,0.052963,1.430000,0.007772,0.3488854573,9,5,0.555556,-0.002921,81,0.015013,0
840,0.80-0.90,0.80,0.90,6,184,0.032609,5,1,0.833333,0.830000,0.003333,0.020000,0.000109,0.7288666076,6,3,0.500000,-0.001553,0,0.000000,0
840,0.80-1.00,0.80,1.00,6,184,0.032609,5,1,0.833333,0.830000,0.003333,0.020000,0.000109,0.7288666076,4,2,0.500000,-0.000182,0,0.000000,0
840,0.90-1.00,0.90,1.00,0,184,0.000000,0,0,0.000000,0.000000,0.000000,0.000000,0.000000,1,0,0,0.000000,0.000000,0,0.000000,0
900,0.50-0.60,0.50,0.60,142,184,0.771739,83,59,0.584507,0.555352,0.029155,4.140000,0.022500,0.2697543361,5,4,0.800000,0.009218,81,0.015013,1
900,0.50-0.70,0.50,0.70,178,184,0.967391,106,72,0.595506,0.573876,0.021629,3.850000,0.020924,0.3060428168,9,8,0.888889,0.011305,81,0.015013,1
900,0.50-0.80,0.50,0.80,184,184,1.000000,111,73,0.603261,0.579402,0.023859,4.390000,0.023859,0.280335855,11,10,0.909091,0.010672,81,0.015013,1
900,0.50-0.90,0.50,0.90,184,184,1.000000,111,73,0.603261,0.579402,0.023859,4.390000,0.023859,0.280335855,11,11,1.000000,0.012619,81,0.015013,1
900,0.50-1.00,0.50,1.00,184,184,1.000000,111,73,0.603261,0.579402,0.023859,4.390000,0.023859,0.280335855,7,7,1.000000,0.012104,81,0.015013,1
900,0.60-0.70,0.60,0.70,36,184,0.195652,23,13,0.638889,0.646944,-0.008056,-0.290000,-0.001576,0.6145394639,10,10,1.000000,0.013190,0,0.000000,0
900,0.60-0.80,0.60,0.80,42,184,0.228261,28,14,0.666667,0.660714,0.005952,0.250000,0.001359,0.5393919971,13,12,0.923077,0.011948,81,0.015013,1
900,0.60-0.90,0.60,0.90,42,184,0.228261,28,14,0.666667,0.660714,0.005952,0.250000,0.001359,0.5393919971,14,14,1.000000,0.013180,81,0.015013,1
900,0.60-1.00,0.60,1.00,42,184,0.228261,28,14,0.666667,0.660714,0.005952,0.250000,0.001359,0.5393919971,9,9,1.000000,0.013641,81,0.015013,1
900,0.70-0.80,0.70,0.80,6,184,0.032609,5,1,0.833333,0.743333,0.090000,0.540000,0.002935,0.5177915264,8,7,0.875000,0.004063,0,0.000000,0
900,0.70-0.90,0.70,0.90,6,184,0.032609,5,1,0.833333,0.743333,0.090000,0.540000,0.002935,0.5177915264,9,9,1.000000,0.005664,0,0.000000,0
900,0.70-1.00,0.70,1.00,6,184,0.032609,5,1,0.833333,0.743333,0.090000,0.540000,0.002935,0.5177915264,6,6,1.000000,0.005689,0,0.000000,0
900,0.80-0.90,0.80,0.90,0,184,0.000000,0,0,0.000000,0.000000,0.000000,0.000000,0.000000,1,3,3,1.000000,0.007736,0,0.000000,0
900,0.80-1.00,0.80,1.00,0,184,0.000000,0,0,0.000000,0.000000,0.000000,0.000000,0.000000,1,2,2,1.000000,0.007772,0,0.000000,0
900,0.90-1.00,0.90,1.00,0,184,0.000000,0,0,0.000000,0.000000,0.000000,0.000000,0.000000,1,0,0,0.000000,0.000000,0,0.000000,0
