contract_id,close_time,row_count,has_outcome_row,trader_actual_side,trader_actual_label,trader_kalshi_price,trader_kalshi_target,trader_kalshi_target_source,official_result,official_raw_result,official_status,official_settlement_ts,official_settlement_value_dollars,official_expiration_value,official_floor_strike,official_title,discrepancy,note
KXBTC15M-26JUN041545-45,2026-06-04T19:45:00Z,2,1,NO,0,63730.79,64047.6,observed_source_snapshot,NO,no,finalized,2026-06-04T19:45:08.15424Z,0.0000,63719.04,64047.6,BTC price up in next 15 mins?,NO,
KXBTC15M-26JUN041600-00,2026-06-04T20:00:00Z,3,1,NO,0,63621.54,63719.04,observed_source_snapshot,NO,no,finalized,2026-06-04T20:00:08.154638Z,0.0000,63598.59,63719.04,BTC price up in next 15 mins?,NO,
KXBTC15M-26JUN041615-15,2026-06-04T20:15:00Z,2,1,NO,0,63461.95,63598.59,observed_source_snapshot,NO,no,finalized,2026-06-04T20:15:04.456776Z,0.0000,63441.31,63598.59,BTC price up in next 15 mins?,NO,
KXBTC15M-26JUN041630-30,2026-06-04T20:30:00Z,2,1,NO,0,63254.22,63441.31,observed_source_snapshot,NO,no,finalized,2026-06-04T20:30:04.455917Z,0.0000,63188.73,63441.31,BTC price up in next 15 mins?,NO,
KXBTC15M-26JUN041645-45,2026-06-04T20:45:00Z,2,1,YES,1,63548.49,63188.73,observed_source_snapshot,YES,yes,finalized,2026-06-04T20:45:04.455469Z,1.0000,63532.07,63188.73,BTC price up in next 15 mins?,NO,
KXBTC15M-26JUN041700-00,2026-06-04T21:00:00Z,2,1,YES,1,63586.36,63532.07,observed_source_snapshot,YES,yes,finalized,2026-06-04T21:00:04.460217Z,1.0000,63578.90,63532.07,BTC price up in next 15 mins?,NO,
KXBTC15M-26JUN041715-15,2026-06-04T21:15:00Z,2,1,YES,1,63746.88,63578.9,observed_source_snapshot,YES,yes,finalized,2026-06-04T21:15:04.454885Z,1.0000,63740.94,63578.9,BTC price up in next 15 mins?,NO,
KXBTC15M-26JUN041730-30,2026-06-04T21:30:00Z,2,1,NO,0,63501.29,63740.94,observed_source_snapshot,NO,no,finalized,2026-06-04T21:30:04.451352Z,0.0000,63432.13,63740.94,BTC price up in next 15 mins?,NO,
KXBTC15M-26JUN041745-45,2026-06-04T21:45:00Z,2,1,NO,0,63344.32,63432.13,observed_source_snapshot,NO,no,finalized,2026-06-04T21:45:04.455123Z,0.0000,63397.86,63432.13,BTC price up in next 15 mins?,NO,
KXBTC15M-26JUN041800-00,2026-06-04T22:00:00Z,2,1,NO,0,63208.99,63397.86,observed_source_snapshot,NO,no,finalized,2026-06-04T22:00:04.456493Z,0.0000,63232.72,63397.86,BTC price up in next 15 mins?,NO,
KXBTC15M-26JUN041815-15,2026-06-04T22:15:00Z,2,1,NO,0,63200.64,63232.72,observed_source_snapshot,NO,no,finalized,2026-06-04T22:15:04.475693Z,0.0000,63220.92,63232.72,BTC price up in next 15 mins?,NO,
KXBTC15M-26JUN041830-30,2026-06-04T22:30:00Z,2,1,YES,1,63302.54,63220.92,observed_source_snapshot,YES,yes,finalized,2026-06-04T22:30:04.415811Z,1.0000,63298.02,63220.92,BTC price up in next 15 mins?,NO,
KXBTC15M-26JUN041845-45,2026-06-04T22:45:00Z,2,1,YES,1,63433.82,63298.02,observed_source_snapshot,YES,yes,finalized,2026-06-04T22:45:04.458609Z,1.0000,63439.89,63298.02,BTC price up in next 15 mins?,NO,
KXBTC15M-26JUN041900-00,2026-06-04T23:00:00Z,2,1,YES,1,63708.46,63439.89,observed_source_snapshot,YES,yes,finalized,2026-06-04T23:00:04.459957Z,1.0000,63692.33,63439.89,BTC price up in next 15 mins?,NO,
KXBTC15M-26JUN041915-15,2026-06-04T23:15:00Z,1,0,,,,,,NO,no,finalized,2026-06-04T23:15:04.459537Z,0.0000,63563.94,63692.33,BTC price up in next 15 mins?,UNKNOWN,no trader outcome row
KXBTC15M-26JUN041930-30,2026-06-04T23:30:00Z,2,1,NO,0,63467.9,63563.94,observed_source_snapshot,NO,no,finalized,2026-06-04T23:30:04.462252Z,0.0000,63437.03,63563.94,BTC price up in next 15 mins?,NO,
KXBTC15M-26JUN041945-45,2026-06-04T23:45:00Z,2,1,YES,1,63695.03,63437.03,observed_source_snapshot,YES,yes,finalized,2026-06-04T23:45:04.460338Z,1.0000,63701.19,63437.03,BTC price up in next 15 mins?,NO,
KXBTC15M-26JUN042000-00,2026-06-05T00:00:00Z,2,1,YES,1,63792.82,63701.19,observed_source_snapshot,YES,yes,finalized,2026-06-05T00:00:04.415405Z,1.0000,63815.34,63701.19,BTC price up in next 15 mins?,NO,
KXBTC15M-26JUN042015-15,2026-06-05T00:15:00Z,2,1,NO,0,63639.42,63815.34,observed_source_snapshot,NO,no,finalized,2026-06-05T00:15:04.409984Z,0.0000,63599.08,63815.34,BTC price up in next 15 mins?,NO,
KXBTC15M-26JUN042030-30,2026-06-05T00:30:00Z,2,1,YES,1,63829.31,63599.08,observed_source_snapshot,YES,yes,finalized,2026-06-05T00:30:04.456631Z,1.0000,63799.39,63599.08,BTC price up in next 15 mins?,NO,
KXBTC15M-26JUN042045-45,2026-06-05T00:45:00Z,2,1,NO,0,63672.64,63799.39,observed_source_snapshot,NO,no,finalized,2026-06-05T00:45:04.456793Z,0.0000,63656.79,63799.39,BTC price up in next 15 mins?,NO,
KXBTC15M-26JUN042100-00,2026-06-05T01:00:00Z,2,1,NO,0,63363.35,63656.79,observed_source_snapshot,NO,no,finalized,2026-06-05T01:00:04.458753Z,0.0000,63352.53,63656.79,BTC price up in next 15 mins?,NO,
KXBTC15M-26JUN042115-15,2026-06-05T01:15:00Z,2,1,NO,0,63217.62,63352.53,observed_source_snapshot,NO,no,finalized,2026-06-05T01:15:04.456003Z,0.0000,63243.21,63352.53,BTC price up in next 15 mins?,NO,
KXBTC15M-26JUN042130-30,2026-06-05T01:30:00Z,2,1,NO,0,63240.64,63243.21,observed_source_snapshot,YES,yes,finalized,2026-06-05T01:30:04.462661Z,1.0000,63253.92,63243.21,BTC price up in next 15 mins?,YES,trader outcome differs from official Kalshi result
KXBTC15M-26JUN042145-45,2026-06-05T01:45:00Z,2,1,YES,1,63284.74,63253.92,observed_source_snapshot,YES,yes,finalized,2026-06-05T01:45:04.460531Z,1.0000,63331.21,63253.92,BTC price up in next 15 mins?,NO,
KXBTC15M-26JUN042200-00,2026-06-05T02:00:00Z,2,1,NO,0,63312.96,63331.21,observed_source_snapshot,NO,no,finalized,2026-06-05T02:00:04.459052Z,0.0000,63312.88,63331.21,BTC price up in next 15 mins?,NO,
KXBTC15M-26JUN042215-15,2026-06-05T02:15:00Z,1,0,,,,,,NO,no,finalized,2026-06-05T02:15:04.459553Z,0.0000,63121.74,63312.88,BTC price up in next 15 mins?,UNKNOWN,no trader outcome row
KXBTC15M-26JUN042230-30,2026-06-05T02:30:00Z,2,1,NO,0,62696.59,63121.74,observed_source_snapshot,NO,no,finalized,2026-06-05T02:30:04.457432Z,0.0000,62668.25,63121.74,BTC price up in next 15 mins?,NO,
KXBTC15M-26JUN042245-45,2026-06-05T02:45:00Z,2,1,YES,1,62685.23,62668.25,observed_source_snapshot,YES,yes,finalized,2026-06-05T02:45:04.509024Z,1.0000,62707.00,62668.25,BTC price up in next 15 mins?,NO,
KXBTC15M-26JUN042300-00,2026-06-05T03:00:00Z,2,1,NO,0,62538.6,62707.0,observed_source_snapshot,NO,no,finalized,2026-06-05T03:00:04.457956Z,0.0000,62547.94,62707,BTC price up in next 15 mins?,NO,
KXBTC15M-26JUN042315-15,2026-06-05T03:15:00Z,2,1,NO,0,62315.96,62547.94,observed_source_snapshot,NO,no,finalized,2026-06-05T03:15:04.458375Z,0.0000,62319.83,62547.94,BTC price up in next 15 mins?,NO,
KXBTC15M-26JUN042330-30,2026-06-05T03:30:00Z,2,1,YES,1,62466.04,62319.83,observed_source_snapshot,YES,yes,finalized,2026-06-05T03:30:04.458471Z,1.0000,62522.98,62319.83,BTC price up in next 15 mins?,NO,
KXBTC15M-26JUN042345-45,2026-06-05T03:45:00Z,2,1,YES,1,62545.27,62522.98,observed_source_snapshot,YES,yes,finalized,2026-06-05T03:45:04.411651Z,1.0000,62602.52,62522.98,BTC price up in next 15 mins?,NO,
KXBTC15M-26JUN050000-00,2026-06-05T04:00:00Z,2,1,YES,1,62650.02,62602.52,observed_source_snapshot,YES,yes,finalized,2026-06-05T04:00:34.009854Z,1.0000,62650.53,62602.52,BTC price up in next 15 mins?,NO,
KXBTC15M-26JUN050015-15,2026-06-05T04:15:00Z,2,1,YES,1,62771.85,62650.53,observed_source_snapshot,YES,yes,finalized,2026-06-05T04:15:04.458436Z,1.0000,62783.40,62650.53,BTC price up in next 15 mins?,NO,
KXBTC15M-26JUN050030-30,2026-06-05T04:30:00Z,2,1,YES,1,63136.59,62783.4,observed_source_snapshot,YES,yes,finalized,2026-06-05T04:30:04.459044Z,1.0000,63140.54,62783.4,BTC price up in next 15 mins?,NO,
KXBTC15M-26JUN050045-45,2026-06-05T04:45:00Z,2,1,NO,0,62939.6,63140.54,observed_source_snapshot,NO,no,finalized,2026-06-05T04:45:04.46184Z,0.0000,62950.55,63140.54,BTC price up in next 15 mins?,NO,
KXBTC15M-26JUN050100-00,2026-06-05T05:00:00Z,2,1,YES,1,63527.12,62950.55,observed_source_snapshot,YES,yes,finalized,2026-06-05T05:00:04.460316Z,1.0000,63544.52,62950.55,BTC price up in next 15 mins?,NO,
KXBTC15M-26JUN050115-15,2026-06-05T05:15:00Z,2,1,NO,0,63290.18,63544.52,observed_source_snapshot,NO,no,finalized,2026-06-05T05:15:04.455723Z,0.0000,63312.16,63544.52,BTC price up in next 15 mins?,NO,
KXBTC15M-26JUN050130-30,2026-06-05T05:30:00Z,2,1,YES,1,63422.22,63312.16,observed_source_snapshot,YES,yes,finalized,2026-06-05T05:30:14.457135Z,1.0000,63425.95,63312.16,BTC price up in next 15 mins?,NO,
KXBTC15M-26JUN050145-45,2026-06-05T05:45:00Z,2,1,NO,0,62867.2,63425.95,observed_source_snapshot,NO,no,finalized,2026-06-05T05:45:04.462129Z,0.0000,62847.12,63425.95,BTC price up in next 15 mins?,NO,
KXBTC15M-26JUN050200-00,2026-06-05T06:00:00Z,2,1,NO,0,62226.75,62847.12,observed_source_snapshot,NO,no,finalized,2026-06-05T06:00:04.455752Z,0.0000,62269.21,62847.12,BTC price up in next 15 mins?,NO,
KXBTC15M-26JUN050215-15,2026-06-05T06:15:00Z,2,1,NO,0,62083.38,62269.21,observed_source_snapshot,NO,no,finalized,2026-06-05T06:15:04.458463Z,0.0000,62073.67,62269.21,BTC price up in next 15 mins?,NO,
KXBTC15M-26JUN050230-30,2026-06-05T06:30:00Z,2,1,NO,0,61617.23,62073.67,observed_source_snapshot,NO,no,finalized,2026-06-05T06:30:04.459129Z,0.0000,61596.45,62073.67,BTC price up in next 15 mins?,NO,
KXBTC15M-26JUN050245-45,2026-06-05T06:45:00Z,2,1,YES,1,61794.33,61596.45,observed_source_snapshot,YES,yes,finalized,2026-06-05T06:45:04.407013Z,1.0000,62047.66,61596.45,BTC price up in next 15 mins?,NO,
KXBTC15M-26JUN050300-00,2026-06-05T07:00:00Z,2,1,NO,0,61970.71,62047.66,observed_source_snapshot,NO,no,finalized,2026-06-05T07:00:04.458066Z,0.0000,61868.44,62047.66,BTC price up in next 15 mins?,NO,
KXBTC15M-26JUN050315-15,2026-06-05T07:15:00Z,2,1,NO,0,61504.15,61868.44,observed_source_snapshot,NO,no,finalized,2026-06-05T07:15:04.453682Z,0.0000,61478.53,61868.44,BTC price up in next 15 mins?,NO,
KXBTC15M-26JUN050330-30,2026-06-05T07:30:00Z,2,1,YES,1,62201.49,61478.53,observed_source_snapshot,YES,yes,finalized,2026-06-05T07:30:04.404821Z,1.0000,62177.66,61478.53,BTC price up in next 15 mins?,NO,
KXBTC15M-26JUN050345-45,2026-06-05T07:45:00Z,2,1,YES,1,62802.7,62177.66,observed_source_snapshot,YES,yes,finalized,2026-06-05T07:45:04.455529Z,1.0000,62790.98,62177.66,BTC price up in next 15 mins?,NO,
KXBTC15M-26JUN050400-00,2026-06-05T08:00:00Z,2,1,YES,1,62892.78,62790.98,observed_source_snapshot,YES,yes,finalized,2026-06-05T08:00:04.452703Z,1.0000,63002.09,62790.98,BTC price up in next 15 mins?,NO,
KXBTC15M-26JUN050415-15,2026-06-05T08:15:00Z,2,1,NO,0,62717.04,63002.09,observed_source_snapshot,NO,no,finalized,2026-06-05T08:15:04.452814Z,0.0000,62729.83,63002.09,BTC price up in next 15 mins?,NO,
KXBTC15M-26JUN050430-30,2026-06-05T08:30:00Z,2,1,YES,1,62750.91,62729.83,observed_source_snapshot,YES,yes,finalized,2026-06-05T08:30:04.458778Z,1.0000,62771.83,62729.83,BTC price up in next 15 mins?,NO,
KXBTC15M-26JUN050445-45,2026-06-05T08:45:00Z,2,1,NO,0,62540.04,62771.83,observed_source_snapshot,NO,no,finalized,2026-06-05T08:45:04.45166Z,0.0000,62527.70,62771.83,BTC price up in next 15 mins?,NO,
KXBTC15M-26JUN050500-00,2026-06-05T09:00:00Z,2,1,NO,0,62416.83,62527.7,observed_source_snapshot,NO,no,finalized,2026-06-05T09:00:04.453724Z,0.0000,62408.80,62527.7,BTC price up in next 15 mins?,NO,
KXBTC15M-26JUN050515-15,2026-06-05T09:15:00Z,2,1,YES,1,62961.16,62408.8,observed_source_snapshot,YES,yes,finalized,2026-06-05T09:15:04.406211Z,1.0000,62958.84,62408.8,BTC price up in next 15 mins?,NO,
KXBTC15M-26JUN050530-30,2026-06-05T09:30:00Z,2,1,YES,1,63077.67,62958.84,observed_source_snapshot,YES,yes,finalized,2026-06-05T09:30:04.453467Z,1.0000,63070.68,62958.84,BTC price up in next 15 mins?,NO,
KXBTC15M-26JUN050545-45,2026-06-05T09:45:00Z,2,1,NO,0,62761.35,63070.68,observed_source_snapshot,NO,no,finalized,2026-06-05T09:45:04.453563Z,0.0000,62769.34,63070.68,BTC price up in next 15 mins?,NO,
KXBTC15M-26JUN050600-00,2026-06-05T10:00:00Z,2,1,YES,1,62787.13,62769.34,observed_source_snapshot,YES,yes,finalized,2026-06-05T10:00:04.457075Z,1.0000,62806.88,62769.34,BTC price up in next 15 mins?,NO,
KXBTC15M-26JUN050615-15,2026-06-05T10:15:00Z,2,1,NO,0,62741.85,62806.88,observed_source_snapshot,NO,no,finalized,2026-06-05T10:15:04.4555Z,0.0000,62712.48,62806.88,BTC price up in next 15 mins?,NO,
KXBTC15M-26JUN050630-30,2026-06-05T10:30:00Z,2,1,NO,0,62533.51,62712.48,observed_source_snapshot,NO,no,finalized,2026-06-05T10:30:04.402437Z,0.0000,62545.35,62712.48,BTC price up in next 15 mins?,NO,
KXBTC15M-26JUN050645-45,2026-06-05T10:45:00Z,2,1,NO,0,62521.84,62545.35,observed_source_snapshot,YES,yes,finalized,2026-06-05T10:45:04.454917Z,1.0000,62580.50,62545.35,BTC price up in next 15 mins?,YES,trader outcome differs from official Kalshi result
KXBTC15M-26JUN050700-00,2026-06-05T11:00:00Z,2,1,NO,0,62480.9,62580.5,observed_source_snapshot,NO,no,finalized,2026-06-05T11:00:04.453605Z,0.0000,62503.25,62580.5,BTC price up in next 15 mins?,NO,
KXBTC15M-26JUN050715-15,2026-06-05T11:15:00Z,2,1,NO,0,62290.55,62503.25,observed_source_snapshot,NO,no,finalized,2026-06-05T11:15:04.451152Z,0.0000,62283.56,62503.25,BTC price up in next 15 mins?,NO,
KXBTC15M-26JUN050730-30,2026-06-05T11:30:00Z,2,1,YES,1,62433.09,62283.56,observed_source_snapshot,YES,yes,finalized,2026-06-05T11:30:04.45976Z,1.0000,62413.25,62283.56,BTC price up in next 15 mins?,NO,
KXBTC15M-26JUN050745-45,2026-06-05T11:45:00Z,2,1,NO,0,62101.66,62413.25,observed_source_snapshot,NO,no,finalized,2026-06-05T11:45:14.452745Z,0.0000,62103.30,62413.25,BTC price up in next 15 mins?,NO,
KXBTC15M-26JUN050800-00,2026-06-05T12:00:00Z,2,1,NO,0,61930.15,62103.3,observed_source_snapshot,NO,no,finalized,2026-06-05T12:00:04.455629Z,0.0000,61946.99,62103.3,BTC price up in next 15 mins?,NO,
KXBTC15M-26JUN050815-15,2026-06-05T12:15:00Z,2,1,YES,1,62132.4,61946.99,observed_source_snapshot,YES,yes,finalized,2026-06-05T12:15:04.405178Z,1.0000,62109.46,61946.99,BTC price up in next 15 mins?,NO,
KXBTC15M-26JUN050830-30,2026-06-05T12:30:00Z,2,1,YES,1,62137.07,62109.46,observed_source_snapshot,YES,yes,finalized,2026-06-05T12:30:04.456406Z,1.0000,62157.65,62109.46,BTC price up in next 15 mins?,NO,
KXBTC15M-26JUN050845-45,2026-06-05T12:45:00Z,2,1,NO,0,61996.99,62157.65,observed_source_snapshot,NO,no,finalized,2026-06-05T12:45:04.412191Z,0.0000,61955.16,62157.65,BTC price up in next 15 mins?,NO,
KXBTC15M-26JUN050900-00,2026-06-05T13:00:00Z,2,1,NO,0,61922.49,61955.16,observed_source_snapshot,NO,no,finalized,2026-06-05T13:00:04.457212Z,0.0000,61917.81,61955.16,BTC price up in next 15 mins?,NO,
KXBTC15M-26JUN050915-15,2026-06-05T13:15:00Z,2,1,YES,1,61998.17,61917.81,observed_source_snapshot,YES,yes,finalized,2026-06-05T13:15:04.457038Z,1.0000,61998.70,61917.81,BTC price up in next 15 mins?,NO,
KXBTC15M-26JUN050930-30,2026-06-05T13:30:00Z,2,1,YES,1,62120.46,61998.7,observed_source_snapshot,YES,yes,finalized,2026-06-05T13:30:04.457245Z,1.0000,62109.06,61998.7,BTC price up in next 15 mins?,NO,
KXBTC15M-26JUN050945-45,2026-06-05T13:45:00Z,2,1,NO,0,61815.52,62109.06,observed_source_snapshot,NO,no,finalized,2026-06-05T13:45:04.404117Z,0.0000,61765.58,62109.06,BTC price up in next 15 mins?,NO,
KXBTC15M-26JUN051000-00,2026-06-05T14:00:00Z,1,0,,,,,,NO,no,finalized,2026-06-05T14:00:04.458145Z,0.0000,60715.38,61765.58,BTC price up in next 15 mins?,UNKNOWN,no trader outcome row
KXBTC15M-26JUN051015-15,2026-06-05T14:15:00Z,2,1,YES,1,60812.89,60715.38,observed_source_snapshot,YES,yes,finalized,2026-06-05T14:15:04.45724Z,1.0000,60813.42,60715.38,BTC price up in next 15 mins?,NO,
KXBTC15M-26JUN051030-30,2026-06-05T14:30:00Z,2,1,NO,0,60334.95,60813.42,observed_source_snapshot,NO,no,finalized,2026-06-05T14:30:04.452216Z,0.0000,60352.24,60813.42,BTC price up in next 15 mins?,NO,
KXBTC15M-26JUN051045-45,2026-06-05T14:45:00Z,2,1,YES,1,60968.11,60352.24,observed_source_snapshot,YES,yes,finalized,2026-06-05T15:15:14.455319Z,1.0000,60752.65,60352.24,BTC price up in next 15 mins?,NO,
KXBTC15M-26JUN051100-00,2026-06-05T15:00:00Z,2,1,,,60799.27,,missing,YES,yes,finalized,2026-06-05T15:13:24.406571Z,1.0000,60838.44,,BTC price up in next 15 mins?,UNKNOWN,no trader outcome row
KXBTC15M-26JUN051115-15,2026-06-05T15:15:00Z,2,1,,,60516.49,,missing,NO,no,finalized,2026-06-05T15:15:14.460802Z,0.0000,60542.60,,BTC price up in next 15 mins?,UNKNOWN,no trader outcome row
KXBTC15M-26JUN051130-30,2026-06-05T15:30:00Z,2,1,YES,1,60761.45,60542.6,observed_source_snapshot,YES,yes,finalized,2026-06-05T15:30:04.457467Z,1.0000,60727.34,60542.6,BTC price up in next 15 mins?,NO,
KXBTC15M-26JUN051145-45,2026-06-05T15:45:00Z,2,1,NO,0,60429.54,60727.34,observed_source_snapshot,NO,no,finalized,2026-06-05T15:45:04.455595Z,0.0000,60336.97,60727.34,BTC price up in next 15 mins?,NO,
KXBTC15M-26JUN051200-00,2026-06-05T16:00:00Z,2,1,YES,1,60502.71,60336.97,observed_source_snapshot,YES,yes,finalized,2026-06-05T16:00:04.462611Z,1.0000,60438.40,60336.97,BTC price up in next 15 mins?,NO,
KXBTC15M-26JUN051215-15,2026-06-05T16:15:00Z,2,1,YES,1,61008.78,60438.4,observed_source_snapshot,YES,yes,finalized,2026-06-05T16:15:04.462053Z,1.0000,60904.78,60438.4,BTC price up in next 15 mins?,NO,
KXBTC15M-26JUN051230-30,2026-06-05T16:30:00Z,2,1,YES,1,60929.62,60904.78,observed_source_snapshot,YES,yes,finalized,2026-06-05T16:30:04.42607Z,1.0000,60921.59,60904.78,BTC price up in next 15 mins?,NO,
KXBTC15M-26JUN051245-45,2026-06-05T16:45:00Z,2,1,NO,0,60842.95,60921.59,observed_source_snapshot,NO,no,finalized,2026-06-05T16:45:04.413437Z,0.0000,60805.83,60921.59,BTC price up in next 15 mins?,NO,
KXBTC15M-26JUN051300-00,2026-06-05T17:00:00Z,2,1,YES,1,61356.96,60805.83,observed_source_snapshot,YES,yes,finalized,2026-06-05T17:00:04.455657Z,1.0000,61389.54,60805.83,BTC price up in next 15 mins?,NO,
KXBTC15M-26JUN051315-15,2026-06-05T17:15:00Z,2,1,NO,0,61051.53,61389.54,observed_source_snapshot,NO,no,finalized,2026-06-05T17:15:04.457018Z,0.0000,61033.93,61389.54,BTC price up in next 15 mins?,NO,
KXBTC15M-26JUN051330-30,2026-06-05T17:30:00Z,2,1,NO,0,60754.17,61033.93,observed_source_snapshot,NO,no,finalized,2026-06-05T17:30:04.459694Z,0.0000,60651.79,61033.93,BTC price up in next 15 mins?,NO,
KXBTC15M-26JUN051345-45,2026-06-05T17:45:00Z,2,1,YES,1,60932.68,60651.79,observed_source_snapshot,YES,yes,finalized,2026-06-05T17:45:04.407881Z,1.0000,60816.10,60651.79,BTC price up in next 15 mins?,NO,
KXBTC15M-26JUN051400-00,2026-06-05T18:00:00Z,2,1,NO,0,60782.27,60816.1,observed_source_snapshot,NO,no,finalized,2026-06-05T18:00:04.459044Z,0.0000,60750.02,60816.1,BTC price up in next 15 mins?,NO,
KXBTC15M-26JUN051415-15,2026-06-05T18:15:00Z,2,1,NO,0,60684.06,60750.02,observed_source_snapshot,NO,no,finalized,2026-06-05T18:15:04.473145Z,0.0000,60639.50,60750.02,BTC price up in next 15 mins?,NO,
KXBTC15M-26JUN051430-30,2026-06-05T18:30:00Z,2,1,NO,0,60180.29,60639.5,observed_source_snapshot,NO,no,finalized,2026-06-05T18:30:04.455455Z,0.0000,60112.30,60639.5,BTC price up in next 15 mins?,NO,
KXBTC15M-26JUN051445-45,2026-06-05T18:45:00Z,2,1,NO,0,59956.82,60112.3,observed_source_snapshot,NO,no,finalized,2026-06-05T18:45:04.458286Z,0.0000,59790.42,60112.3,BTC price up in next 15 mins?,NO,
KXBTC15M-26JUN051500-00,2026-06-05T19:00:00Z,2,1,NO,0,59379.08,59790.42,observed_source_snapshot,NO,no,finalized,2026-06-05T19:00:04.460061Z,0.0000,59366.86,59790.42,BTC price up in next 15 mins?,NO,
KXBTC15M-26JUN051515-15,2026-06-05T19:15:00Z,2,1,YES,1,59389.43,59366.86,observed_source_snapshot,NO,no,finalized,2026-06-05T19:15:04.463242Z,0.0000,59345.73,59366.86,BTC price up in next 15 mins?,YES,trader outcome differs from official Kalshi result
KXBTC15M-26JUN051530-30,2026-06-05T19:30:00Z,2,1,YES,1,59811.8,59345.73,observed_source_snapshot,YES,yes,finalized,2026-06-05T19:30:04.454997Z,1.0000,59803.02,59345.73,BTC price up in next 15 mins?,NO,
KXBTC15M-26JUN051545-45,2026-06-05T19:45:00Z,2,1,NO,0,59620.42,59803.02,observed_source_snapshot,NO,no,finalized,2026-06-05T19:45:04.460705Z,0.0000,59665.61,59803.02,BTC price up in next 15 mins?,NO,
KXBTC15M-26JUN051600-00,2026-06-05T20:00:00Z,2,1,YES,1,60248.49,59665.61,observed_source_snapshot,YES,yes,finalized,2026-06-05T20:00:04.458753Z,1.0000,60340.20,59665.61,BTC price up in next 15 mins?,NO,
KXBTC15M-26JUN051615-15,2026-06-05T20:15:00Z,2,1,YES,1,60717.44,60340.2,observed_source_snapshot,YES,yes,finalized,2026-06-05T20:15:04.458841Z,1.0000,60775.15,60340.2,BTC price up in next 15 mins?,NO,
KXBTC15M-26JUN051630-30,2026-06-05T20:30:00Z,2,1,YES,1,61009.89,60775.15,observed_source_snapshot,YES,yes,finalized,2026-06-05T20:30:04.461455Z,1.0000,60941.59,60775.15,BTC price up in next 15 mins?,NO,
KXBTC15M-26JUN051645-45,2026-06-05T20:45:00Z,2,1,YES,1,61256.69,60941.59,observed_source_snapshot,YES,yes,finalized,2026-06-05T20:45:04.461897Z,1.0000,61261.31,60941.59,BTC price up in next 15 mins?,NO,
KXBTC15M-26JUN051700-00,2026-06-05T21:00:00Z,2,1,YES,1,61619.16,61261.31,observed_source_snapshot,YES,yes,finalized,2026-06-05T21:00:04.458047Z,1.0000,61638.06,61261.31,BTC price up in next 15 mins?,NO,
KXBTC15M-26JUN051715-15,2026-06-05T21:15:00Z,2,1,YES,1,61775.6,61638.06,observed_source_snapshot,YES,yes,finalized,2026-06-05T21:15:04.462968Z,1.0000,61808.19,61638.06,BTC price up in next 15 mins?,NO,
KXBTC15M-26JUN051730-30,2026-06-05T21:30:00Z,2,1,NO,0,61544.9,61808.19,observed_source_snapshot,NO,no,finalized,2026-06-05T21:30:04.460532Z,0.0000,61570.77,61808.19,BTC price up in next 15 mins?,NO,
KXBTC15M-26JUN051745-45,2026-06-05T21:45:00Z,2,1,YES,1,61909.88,61570.77,observed_source_snapshot,YES,yes,finalized,2026-06-05T21:45:04.457423Z,1.0000,61867.30,61570.77,BTC price up in next 15 mins?,NO,
KXBTC15M-26JUN051800-00,2026-06-05T22:00:00Z,1,0,,,,,,NO,no,finalized,2026-06-05T22:00:04.504429Z,0.0000,61658.10,61867.3,BTC price up in next 15 mins?,UNKNOWN,no trader outcome row
KXBTC15M-26JUN051815-15,2026-06-05T22:15:00Z,2,1,NO,0,61369.46,61658.1,observed_source_snapshot,NO,no,finalized,2026-06-05T22:15:04.507117Z,0.0000,61354.66,61658.1,BTC price up in next 15 mins?,NO,
KXBTC15M-26JUN051830-30,2026-06-05T22:30:00Z,2,1,YES,1,61479.53,61354.66,observed_source_snapshot,YES,yes,finalized,2026-06-05T22:30:04.458994Z,1.0000,61474.35,61354.66,BTC price up in next 15 mins?,NO,
KXBTC15M-26JUN051845-45,2026-06-05T22:45:00Z,2,1,YES,1,61766.1,61474.35,observed_source_snapshot,YES,yes,finalized,2026-06-05T22:45:04.478466Z,1.0000,61762.61,61474.35,BTC price up in next 15 mins?,NO,
KXBTC15M-26JUN051900-00,2026-06-05T23:00:00Z,2,1,NO,0,61739.08,61762.61,observed_source_snapshot,NO,no,finalized,2026-06-05T23:00:04.41106Z,0.0000,61584.39,61762.61,BTC price up in next 15 mins?,NO,
KXBTC15M-26JUN051915-15,2026-06-05T23:15:00Z,2,1,NO,0,61350.26,61584.39,observed_source_snapshot,NO,no,finalized,2026-06-05T23:24:44.407615Z,0.0000,61377.54,61584.39,BTC price up in next 15 mins?,NO,
KXBTC15M-26JUN051930-30,2026-06-05T23:30:00Z,2,1,NO,0,60976.62,61377.54,observed_source_snapshot,NO,no,finalized,2026-06-05T23:30:04.455819Z,0.0000,60977.66,61377.54,BTC price up in next 15 mins?,NO,
KXBTC15M-26JUN051945-45,2026-06-05T23:45:00Z,2,1,NO,0,60721.8,60977.66,observed_source_snapshot,NO,no,finalized,2026-06-05T23:45:04.4554Z,0.0000,60775.28,60977.66,BTC price up in next 15 mins?,NO,
KXBTC15M-26JUN052000-00,2026-06-06T00:00:00Z,2,1,YES,1,60934.91,60775.28,observed_source_snapshot,YES,yes,finalized,2026-06-06T00:00:04.41024Z,1.0000,60967.28,60775.28,BTC price up in next 15 mins?,NO,
KXBTC15M-26JUN052015-15,2026-06-06T00:15:00Z,2,1,YES,1,61413.36,60967.28,observed_source_snapshot,YES,yes,finalized,2026-06-06T00:15:04.456065Z,1.0000,61405.05,60967.28,BTC price up in next 15 mins?,NO,
KXBTC15M-26JUN052030-30,2026-06-06T00:30:00Z,2,1,NO,0,61293.51,61405.05,observed_source_snapshot,NO,no,finalized,2026-06-06T00:30:04.457577Z,0.0000,61295.83,61405.05,BTC price up in next 15 mins?,NO,
KXBTC15M-26JUN052045-45,2026-06-06T00:45:00Z,2,1,NO,0,61220.55,61295.83,observed_source_snapshot,NO,no,finalized,2026-06-06T00:45:04.464015Z,0.0000,61217.03,61295.83,BTC price up in next 15 mins?,NO,
KXBTC15M-26JUN052100-00,2026-06-06T01:00:00Z,2,1,YES,1,61269.72,61217.03,observed_source_snapshot,YES,yes,finalized,2026-06-06T01:00:04.455269Z,1.0000,61266.30,61217.03,BTC price up in next 15 mins?,NO,
KXBTC15M-26JUN052115-15,2026-06-06T01:15:00Z,2,1,NO,0,61143.98,61266.3,observed_source_snapshot,NO,no,finalized,2026-06-06T01:15:04.458221Z,0.0000,61120.91,61266.3,BTC price up in next 15 mins?,NO,
KXBTC15M-26JUN052130-30,2026-06-06T01:30:00Z,2,1,YES,1,61267.61,61120.91,observed_source_snapshot,YES,yes,finalized,2026-06-06T01:30:04.457906Z,1.0000,61262.04,61120.91,BTC price up in next 15 mins?,NO,
KXBTC15M-26JUN052145-45,2026-06-06T01:45:00Z,2,1,NO,0,61029.39,61262.04,observed_source_snapshot,NO,no,finalized,2026-06-06T01:45:04.457713Z,0.0000,61038.88,61262.04,BTC price up in next 15 mins?,NO,
KXBTC15M-26JUN052200-00,2026-06-06T02:00:00Z,2,1,YES,1,61056.52,61038.88,observed_source_snapshot,YES,yes,finalized,2026-06-06T02:00:04.4632Z,1.0000,61074.46,61038.88,BTC price up in next 15 mins?,NO,
KXBTC15M-26JUN052215-15,2026-06-06T02:15:00Z,2,1,NO,0,60882.8,61074.46,observed_source_snapshot,NO,no,finalized,2026-06-06T02:15:04.460432Z,0.0000,60876.98,61074.46,BTC price up in next 15 mins?,NO,
KXBTC15M-26JUN052230-30,2026-06-06T02:30:00Z,2,1,NO,0,60839.83,60876.98,observed_source_snapshot,NO,no,finalized,2026-06-06T02:30:04.455901Z,0.0000,60828.36,60876.98,BTC price up in next 15 mins?,NO,
KXBTC15M-26JUN052245-45,2026-06-06T02:45:00Z,2,1,YES,1,60943.98,60828.36,observed_source_snapshot,YES,yes,finalized,2026-06-06T02:45:04.454183Z,1.0000,60932.69,60828.36,BTC price up in next 15 mins?,NO,
KXBTC15M-26JUN052300-00,2026-06-06T03:00:00Z,2,1,YES,1,60953.36,60932.69,observed_source_snapshot,YES,yes,finalized,2026-06-06T03:00:04.59609Z,1.0000,60954.07,60932.69,BTC price up in next 15 mins?,NO,
KXBTC15M-26JUN052315-15,2026-06-06T03:15:00Z,2,1,NO,0,60829.78,60954.07,observed_source_snapshot,NO,no,finalized,2026-06-06T03:15:04.486197Z,0.0000,60877.52,60954.07,BTC price up in next 15 mins?,NO,
KXBTC15M-26JUN052330-30,2026-06-06T03:30:00Z,1,0,,,,,,NO,no,finalized,2026-06-06T03:30:04.469796Z,0.0000,60770.85,60877.52,BTC price up in next 15 mins?,UNKNOWN,no trader outcome row
KXBTC15M-26JUN052345-45,2026-06-06T03:45:00Z,2,1,NO,0,60615.68,60770.85,observed_source_snapshot,NO,no,finalized,2026-06-06T03:45:04.47961Z,0.0000,60636.91,60770.85,BTC price up in next 15 mins?,NO,
KXBTC15M-26JUN060000-00,2026-06-06T04:00:00Z,2,1,YES,1,60667.71,60636.91,observed_source_snapshot,YES,yes,finalized,2026-06-06T04:00:04.51077Z,1.0000,60670.30,60636.91,BTC price up in next 15 mins?,NO,
KXBTC15M-26JUN060015-15,2026-06-06T04:15:00Z,2,1,NO,0,60159.19,60670.3,observed_source_snapshot,NO,no,finalized,2026-06-06T04:15:04.470527Z,0.0000,60123.60,60670.3,BTC price up in next 15 mins?,NO,
KXBTC15M-26JUN060030-30,2026-06-06T04:30:00Z,2,1,NO,0,59951.18,60123.6,observed_source_snapshot,NO,no,finalized,2026-06-06T04:30:04.485874Z,0.0000,59947.98,60123.6,BTC price up in next 15 mins?,NO,
KXBTC15M-26JUN060045-45,2026-06-06T04:45:00Z,2,1,NO,0,59802.88,59947.98,observed_source_snapshot,NO,no,finalized,2026-06-06T04:45:04.485807Z,0.0000,59802.48,59947.98,BTC price up in next 15 mins?,NO,
KXBTC15M-26JUN060100-00,2026-06-06T05:00:00Z,2,1,YES,1,60038.02,59802.48,observed_source_snapshot,YES,yes,finalized,2026-06-06T05:00:04.461611Z,1.0000,60080.82,59802.48,BTC price up in next 15 mins?,NO,
KXBTC15M-26JUN060115-15,2026-06-06T05:15:00Z,2,1,NO,0,59923.5,60080.82,observed_source_snapshot,NO,no,finalized,2026-06-06T05:15:04.482692Z,0.0000,59932.20,60080.82,BTC price up in next 15 mins?,NO,
KXBTC15M-26JUN060130-30,2026-06-06T05:30:00Z,2,1,YES,1,60748.02,59932.2,observed_source_snapshot,YES,yes,finalized,2026-06-06T05:30:04.463984Z,1.0000,60734.78,59932.2,BTC price up in next 15 mins?,NO,
KXBTC15M-26JUN060145-45,2026-06-06T05:45:00Z,2,1,YES,1,60754.99,60734.78,observed_source_snapshot,YES,yes,finalized,2026-06-06T05:45:04.52856Z,1.0000,60768.86,60734.78,BTC price up in next 15 mins?,NO,
KXBTC15M-26JUN060200-00,2026-06-06T06:00:00Z,2,1,YES,1,60921.95,60768.86,observed_source_snapshot,YES,yes,finalized,2026-06-06T06:00:04.457828Z,1.0000,60930.92,60768.86,BTC price up in next 15 mins?,NO,
KXBTC15M-26JUN060215-15,2026-06-06T06:15:00Z,2,1,YES,1,61120.12,60930.92,observed_source_snapshot,YES,yes,finalized,2026-06-06T06:15:04.460313Z,1.0000,61122.92,60930.92,BTC price up in next 15 mins?,NO,
KXBTC15M-26JUN060230-30,2026-06-06T06:30:00Z,2,1,NO,0,61009.09,61122.92,observed_source_snapshot,NO,no,finalized,2026-06-06T06:30:04.46012Z,0.0000,61013.03,61122.92,BTC price up in next 15 mins?,NO,
KXBTC15M-26JUN060245-45,2026-06-06T06:45:00Z,2,1,NO,0,60844.43,61013.03,observed_source_snapshot,NO,no,finalized,2026-06-06T06:45:04.458605Z,0.0000,60806.48,61013.03,BTC price up in next 15 mins?,NO,
KXBTC15M-26JUN060300-00,2026-06-06T07:00:00Z,2,1,NO,0,60760.78,60806.48,observed_source_snapshot,NO,no,finalized,2026-06-06T07:00:04.582755Z,0.0000,60745.10,60806.48,BTC price up in next 15 mins?,NO,
KXBTC15M-26JUN060315-15,2026-06-06T07:15:00Z,2,1,YES,1,60984.1,60745.1,observed_source_snapshot,YES,yes,finalized,2026-06-06T07:15:04.455152Z,1.0000,61045.96,60745.1,BTC price up in next 15 mins?,NO,
KXBTC15M-26JUN060330-30,2026-06-06T07:30:00Z,2,1,NO,0,60853.79,61045.96,observed_source_snapshot,NO,no,finalized,2026-06-06T07:30:04.457811Z,0.0000,60863.73,61045.96,BTC price up in next 15 mins?,NO,
KXBTC15M-26JUN060345-45,2026-06-06T07:45:00Z,2,1,YES,1,61023.97,60863.73,observed_source_snapshot,YES,yes,finalized,2026-06-06T07:45:04.407195Z,1.0000,61028.49,60863.73,BTC price up in next 15 mins?,NO,
KXBTC15M-26JUN060400-00,2026-06-06T08:00:00Z,2,1,NO,0,60980.81,61028.49,observed_source_snapshot,NO,no,finalized,2026-06-06T08:00:04.457412Z,0.0000,60972.98,61028.49,BTC price up in next 15 mins?,NO,
KXBTC15M-26JUN060415-15,2026-06-06T08:15:00Z,2,1,YES,1,61122.78,60972.98,observed_source_snapshot,YES,yes,finalized,2026-06-06T08:15:04.454919Z,1.0000,61106.93,60972.98,BTC price up in next 15 mins?,NO,
KXBTC15M-26JUN060430-30,2026-06-06T08:30:00Z,2,1,YES,1,61199.25,61106.93,observed_source_snapshot,YES,yes,finalized,2026-06-06T08:30:04.45084Z,1.0000,61391.37,61106.93,BTC price up in next 15 mins?,NO,
KXBTC15M-26JUN060445-45,2026-06-06T08:45:00Z,2,1,NO,0,61329.36,61391.37,observed_source_snapshot,NO,no,finalized,2026-06-06T08:45:04.458928Z,0.0000,61348.93,61391.37,BTC price up in next 15 mins?,NO,
KXBTC15M-26JUN060500-00,2026-06-06T09:00:00Z,2,1,NO,0,61290.78,61348.93,observed_source_snapshot,NO,no,finalized,2026-06-06T09:00:04.45752Z,0.0000,61244.72,61348.93,BTC price up in next 15 mins?,NO,
KXBTC15M-26JUN060515-15,2026-06-06T09:15:00Z,2,1,NO,0,61217.92,61244.72,observed_source_snapshot,NO,no,finalized,2026-06-06T09:15:04.458074Z,0.0000,61227.29,61244.72,BTC price up in next 15 mins?,NO,
KXBTC15M-26JUN060530-30,2026-06-06T09:30:00Z,2,1,YES,1,61291.94,61227.29,observed_source_snapshot,YES,yes,finalized,2026-06-06T09:30:04.45504Z,1.0000,61282.70,61227.29,BTC price up in next 15 mins?,NO,
KXBTC15M-26JUN060545-45,2026-06-06T09:45:00Z,2,1,NO,0,61074.9,61282.7,observed_source_snapshot,NO,no,finalized,2026-06-06T09:45:04.454266Z,0.0000,61084.76,61282.7,BTC price up in next 15 mins?,NO,
KXBTC15M-26JUN060600-00,2026-06-06T10:00:00Z,2,1,NO,0,60955.48,61084.76,observed_source_snapshot,NO,no,finalized,2026-06-06T10:00:04.405613Z,0.0000,60949.89,61084.76,BTC price up in next 15 mins?,NO,
KXBTC15M-26JUN060615-15,2026-06-06T10:15:00Z,2,1,NO,0,60575.81,60949.89,observed_source_snapshot,NO,no,finalized,2026-06-06T10:15:04.451961Z,0.0000,60608.78,60949.89,BTC price up in next 15 mins?,NO,
KXBTC15M-26JUN060630-30,2026-06-06T10:30:00Z,2,1,NO,0,60506.05,60608.78,observed_source_snapshot,NO,no,finalized,2026-06-06T10:30:04.462457Z,0.0000,60585.43,60608.78,BTC price up in next 15 mins?,NO,
KXBTC15M-26JUN060645-45,2026-06-06T10:45:00Z,2,1,NO,0,60392.97,60585.43,observed_source_snapshot,NO,no,finalized,2026-06-06T10:45:04.452825Z,0.0000,60387.64,60585.43,BTC price up in next 15 mins?,NO,
KXBTC15M-26JUN060700-00,2026-06-06T11:00:00Z,2,1,YES,1,60531.49,60387.64,observed_source_snapshot,YES,yes,finalized,2026-06-06T11:00:04.453136Z,1.0000,60548.21,60387.64,BTC price up in next 15 mins?,NO,
KXBTC15M-26JUN060715-15,2026-06-06T11:15:00Z,2,1,YES,1,60591.37,60548.21,observed_source_snapshot,YES,yes,finalized,2026-06-06T11:15:04.45486Z,1.0000,60601.06,60548.21,BTC price up in next 15 mins?,NO,
KXBTC15M-26JUN060730-30,2026-06-06T11:30:00Z,2,1,YES,1,60760.02,60601.06,observed_source_snapshot,YES,yes,finalized,2026-06-06T11:30:04.452614Z,1.0000,60780.88,60601.06,BTC price up in next 15 mins?,NO,
KXBTC15M-26JUN060745-45,2026-06-06T11:45:00Z,2,1,YES,1,60797.59,60780.88,observed_source_snapshot,YES,yes,finalized,2026-06-06T11:45:05.153409Z,1.0000,60803.66,60780.88,BTC price up in next 15 mins?,NO,
KXBTC15M-26JUN060800-00,2026-06-06T12:00:00Z,2,1,NO,0,60730.77,60803.66,observed_source_snapshot,NO,no,finalized,2026-06-06T12:00:04.457407Z,0.0000,60759.07,60803.66,BTC price up in next 15 mins?,NO,
KXBTC15M-26JUN060815-15,2026-06-06T12:15:00Z,2,1,YES,1,61034.64,60759.07,observed_source_snapshot,YES,yes,finalized,2026-06-06T12:15:04.450668Z,1.0000,61016.57,60759.07,BTC price up in next 15 mins?,NO,
KXBTC15M-26JUN060830-30,2026-06-06T12:30:00Z,2,1,NO,0,60731.2,61016.57,observed_source_snapshot,NO,no,finalized,2026-06-06T12:30:04.454505Z,0.0000,60722.83,61016.57,BTC price up in next 15 mins?,NO,
KXBTC15M-26JUN060845-45,2026-06-06T12:45:00Z,2,1,YES,1,60797.34,60722.83,observed_source_snapshot,YES,yes,finalized,2026-06-06T12:45:04.412439Z,1.0000,60805.87,60722.83,BTC price up in next 15 mins?,NO,
KXBTC15M-26JUN060900-00,2026-06-06T13:00:00Z,2,1,YES,1,61007.94,60805.87,observed_source_snapshot,YES,yes,finalized,2026-06-06T13:00:04.451171Z,1.0000,61003.73,60805.87,BTC price up in next 15 mins?,NO,
KXBTC15M-26JUN060915-15,2026-06-06T13:15:00Z,2,1,NO,0,61002.31,61003.73,observed_source_snapshot,NO,no,finalized,2026-06-06T13:15:04.459368Z,0.0000,60988.97,61003.73,BTC price up in next 15 mins?,NO,
KXBTC15M-26JUN060930-30,2026-06-06T13:30:00Z,2,1,NO,0,60859.31,60988.97,observed_source_snapshot,NO,no,finalized,2026-06-06T13:30:04.458545Z,0.0000,60867.52,60988.97,BTC price up in next 15 mins?,NO,
KXBTC15M-26JUN060945-45,2026-06-06T13:45:00Z,2,1,NO,0,60835.68,60867.52,observed_source_snapshot,NO,no,finalized,2026-06-06T13:45:04.455026Z,0.0000,60846.04,60867.52,BTC price up in next 15 mins?,NO,
KXBTC15M-26JUN061000-00,2026-06-06T14:00:00Z,2,1,NO,0,60800.81,60846.04,observed_source_snapshot,NO,no,finalized,2026-06-06T14:00:04.45655Z,0.0000,60789.64,60846.04,BTC price up in next 15 mins?,NO,
KXBTC15M-26JUN061015-15,2026-06-06T14:15:00Z,2,1,YES,1,60870.61,60789.64,observed_source_snapshot,YES,yes,finalized,2026-06-06T14:15:04.454941Z,1.0000,60880.89,60789.64,BTC price up in next 15 mins?,NO,
KXBTC15M-26JUN061030-30,2026-06-06T14:30:00Z,2,1,NO,0,60831.31,60880.89,observed_source_snapshot,NO,no,finalized,2026-06-06T14:30:04.459377Z,0.0000,60844.17,60880.89,BTC price up in next 15 mins?,NO,
KXBTC15M-26JUN061045-45,2026-06-06T14:45:00Z,2,1,YES,1,60929.1,60844.17,observed_source_snapshot,YES,yes,finalized,2026-06-06T14:45:04.455539Z,1.0000,60936.79,60844.17,BTC price up in next 15 mins?,NO,
KXBTC15M-26JUN061100-00,2026-06-06T15:00:00Z,2,1,NO,0,60786.23,60936.79,observed_source_snapshot,NO,no,finalized,2026-06-06T15:00:04.458515Z,0.0000,60780.19,60936.79,BTC price up in next 15 mins?,NO,
KXBTC15M-26JUN061115-15,2026-06-06T15:15:00Z,2,1,NO,0,60621.77,60780.19,observed_source_snapshot,NO,no,finalized,2026-06-06T15:15:04.456702Z,0.0000,60595.38,60780.19,BTC price up in next 15 mins?,NO,
KXBTC15M-26JUN061130-30,2026-06-06T15:30:00Z,2,1,YES,1,60632.25,60595.38,observed_source_snapshot,YES,yes,finalized,2026-06-06T15:30:04.45727Z,1.0000,60638.20,60595.38,BTC price up in next 15 mins?,NO,
KXBTC15M-26JUN061145-45,2026-06-06T15:45:00Z,2,1,YES,1,60852.75,60638.2,observed_source_snapshot,YES,yes,finalized,2026-06-06T15:45:04.456996Z,1.0000,60844.59,60638.2,BTC price up in next 15 mins?,NO,
KXBTC15M-26JUN061200-00,2026-06-06T16:00:00Z,2,1,NO,0,60796.58,60844.59,observed_source_snapshot,NO,no,finalized,2026-06-06T16:00:04.454817Z,0.0000,60775.32,60844.59,BTC price up in next 15 mins?,NO,
KXBTC15M-26JUN061215-15,2026-06-06T16:15:00Z,4,1,YES,1,60796.79,60775.32,observed_source_snapshot,NO,no,finalized,2026-06-06T16:15:04.411258Z,0.0000,60769.58,60775.32,BTC price up in next 15 mins?,YES,trader outcome differs from official Kalshi result
KXBTC15M-26JUN061230-30,2026-06-06T16:30:00Z,3,1,NO,0,60619.75875,60769.58,observed_source_snapshot; outcome_source=kalshi_60_sma_source_snapshot,NO,no,finalized,2026-06-06T16:30:04.459026Z,0.0000,60608.46,60769.58,BTC price up in next 15 mins?,NO,
KXBTC15M-26JUN061245-45,2026-06-06T16:45:00Z,2,1,YES,1,60683.954375,60608.46,observed_source_snapshot; outcome_source=kalshi_60_sma_source_snapshot,YES,yes,finalized,2026-06-06T16:45:04.458686Z,1.0000,60710.04,60608.46,BTC price up in next 15 mins?,NO,
KXBTC15M-26JUN061300-00,2026-06-06T17:00:00Z,2,1,YES,1,60721.996,60710.04,observed_source_snapshot; outcome_source=kalshi_60_sma_source_snapshot,YES,yes,finalized,2026-06-06T17:00:04.461085Z,1.0000,60737.27,60710.04,BTC price up in next 15 mins?,NO,
KXBTC15M-26JUN061315-15,2026-06-06T17:15:00Z,2,1,NO,0,60702.56875,60737.27,observed_source_snapshot; outcome_source=kalshi_60_sma_source_snapshot,NO,no,finalized,2026-06-06T17:15:04.46009Z,0.0000,60698.67,60737.27,BTC price up in next 15 mins?,NO,
KXBTC15M-26JUN061330-30,2026-06-06T17:30:00Z,1,0,,,,,,NO,no,finalized,2026-06-06T17:30:04.45905Z,0.0000,60647.48,60698.67,BTC price up in next 15 mins?,UNKNOWN,no trader outcome row
KXBTC15M-26JUN061345-45,2026-06-06T17:45:00Z,2,1,NO,0,60638.374375,60647.48,observed_source_snapshot; outcome_source=kalshi_60_sma_source_snapshot,YES,yes,finalized,2026-06-06T17:45:04.46146Z,1.0000,60663.66,60647.48,BTC price up in next 15 mins?,YES,trader outcome differs from official Kalshi result
KXBTC15M-26JUN061400-00,2026-06-06T18:00:00Z,2,1,NO,0,60534.461764705884,60663.66,observed_source_snapshot; outcome_source=kalshi_60_sma_source_snapshot,NO,no,finalized,2026-06-06T18:00:04.458739Z,0.0000,60560.46,60663.66,BTC price up in next 15 mins?,NO,
KXBTC15M-26JUN061415-15,2026-06-06T18:15:00Z,2,1,NO,0,60504.27058823529,60560.46,observed_source_snapshot; outcome_source=kalshi_60_sma_source_snapshot,NO,no,finalized,2026-06-06T18:15:04.457547Z,0.0000,60477.94,60560.46,BTC price up in next 15 mins?,NO,
KXBTC15M-26JUN061430-30,2026-06-06T18:30:00Z,2,1,YES,1,60670.75705882353,60477.94,observed_source_snapshot; outcome_source=kalshi_60_sma_source_snapshot,YES,yes,finalized,2026-06-06T18:30:04.460254Z,1.0000,60704.40,60477.94,BTC price up in next 15 mins?,NO,
KXBTC15M-26JUN061445-45,2026-06-06T18:45:00Z,2,1,NO,0,60578.044705882356,60704.4,observed_source_snapshot; outcome_source=kalshi_60_sma_source_snapshot,NO,no,finalized,2026-06-06T18:45:04.4546Z,0.0000,60579.86,60704.4,BTC price up in next 15 mins?,NO,
KXBTC15M-26JUN061500-00,2026-06-06T19:00:00Z,2,1,YES,1,60627.092352941174,60579.86,observed_source_snapshot; outcome_source=kalshi_60_sma_source_snapshot,YES,yes,finalized,2026-06-06T19:00:04.458394Z,1.0000,60616.98,60579.86,BTC price up in next 15 mins?,NO,
KXBTC15M-26JUN061515-15,2026-06-06T19:15:00Z,2,1,YES,1,60733.17444444444,60616.98,observed_source_snapshot; outcome_source=kalshi_60_sma_source_snapshot,YES,yes,finalized,2026-06-06T19:15:04.458749Z,1.0000,60720.43,60616.98,BTC price up in next 15 mins?,NO,
KXBTC15M-26JUN061530-30,2026-06-06T19:30:00Z,2,1,NO,0,60582.319375,60720.43,observed_source_snapshot; outcome_source=kalshi_60_sma_source_snapshot,NO,no,finalized,2026-06-06T19:30:04.456333Z,0.0000,60591.46,60720.43,BTC price up in next 15 mins?,NO,
KXBTC15M-26JUN061545-45,2026-06-06T19:45:00Z,2,1,NO,0,60579.57125,60591.46,observed_source_snapshot; outcome_source=kalshi_60_sma_source_snapshot,NO,no,finalized,2026-06-06T19:45:04.462095Z,0.0000,60587.60,60591.46,BTC price up in next 15 mins?,NO,
KXBTC15M-26JUN061600-00,2026-06-06T20:00:00Z,1,0,,,,,,NO,no,finalized,2026-06-06T20:00:04.59465Z,0.0000,60575.84,60587.6,BTC price up in next 15 mins?,UNKNOWN,no trader outcome row
KXBTC15M-26JUN061615-15,2026-06-06T20:15:00Z,2,1,NO,0,60560.99176470588,60575.84,observed_source_snapshot; outcome_source=kalshi_60_sma_source_snapshot,NO,no,finalized,2026-06-06T20:15:04.411879Z,0.0000,60557.41,60575.84,BTC price up in next 15 mins?,NO,
KXBTC15M-26JUN061630-30,2026-06-06T20:30:00Z,2,1,YES,1,60576.25,60557.41,observed_source_snapshot; outcome_source=kalshi_60_sma_source_snapshot,YES,yes,finalized,2026-06-06T20:30:04.45783Z,1.0000,60561.99,60557.41,BTC price up in next 15 mins?,NO,
KXBTC15M-26JUN061645-45,2026-06-06T20:45:00Z,2,1,YES,1,60684.3205882353,60561.99,observed_source_snapshot; outcome_source=kalshi_60_sma_source_snapshot,YES,yes,finalized,2026-06-06T20:45:04.460011Z,1.0000,60713.39,60561.99,BTC price up in next 15 mins?,NO,
KXBTC15M-26JUN061700-00,2026-06-06T21:00:00Z,2,1,NO,0,60687.871875000004,60713.39,observed_source_snapshot; outcome_source=kalshi_60_sma_source_snapshot,NO,no,finalized,2026-06-06T21:00:04.459641Z,0.0000,60691.66,60713.39,BTC price up in next 15 mins?,NO,
KXBTC15M-26JUN061715-15,2026-06-06T21:15:00Z,1,0,,,,,,YES,yes,finalized,2026-06-06T21:15:04.510656Z,1.0000,60809.80,60691.66,BTC price up in next 15 mins?,UNKNOWN,no trader outcome row
KXBTC15M-26JUN061730-30,2026-06-06T21:30:00Z,2,1,YES,1,60868.1225,60809.8,observed_source_snapshot; outcome_source=kalshi_60_sma_source_snapshot,YES,yes,finalized,2026-06-06T21:30:04.519634Z,1.0000,60872.75,60809.8,BTC price up in next 15 mins?,NO,
KXBTC15M-26JUN061745-45,2026-06-06T21:45:00Z,2,1,NO,0,60817.229999999996,60872.75,observed_source_snapshot; outcome_source=kalshi_60_sma_source_snapshot,NO,no,finalized,2026-06-06T21:45:04.52279Z,0.0000,60813.99,60872.75,BTC price up in next 15 mins?,NO,
KXBTC15M-26JUN061800-00,2026-06-06T22:00:00Z,2,1,NO,0,60737.21461538462,60813.99,observed_source_snapshot; outcome_source=kalshi_60_sma_source_snapshot,NO,no,finalized,2026-06-06T22:00:04.412185Z,0.0000,60730.06,60813.99,BTC price up in next 15 mins?,NO,
KXBTC15M-26JUN061815-15,2026-06-06T22:15:00Z,2,1,NO,0,60616.1385,60730.06,observed_source_snapshot; outcome_source=kalshi_60_sma_source_snapshot,NO,no,finalized,2026-06-06T22:15:04.459066Z,0.0000,60606.84,60730.06,BTC price up in next 15 mins?,NO,
KXBTC15M-26JUN061830-30,2026-06-06T22:30:00Z,2,1,NO,0,60439.62478260869,60606.84,observed_source_snapshot; outcome_source=kalshi_60_sma_source_snapshot,NO,no,finalized,2026-06-06T22:30:04.461523Z,0.0000,60429.72,60606.84,BTC price up in next 15 mins?,NO,
KXBTC15M-26JUN061845-45,2026-06-06T22:45:00Z,2,1,YES,1,60551.78863636364,60429.72,observed_source_snapshot; outcome_source=kalshi_60_sma_source_snapshot,YES,yes,finalized,2026-06-06T22:45:04.4631Z,1.0000,60550.66,60429.72,BTC price up in next 15 mins?,NO,
KXBTC15M-26JUN061900-00,2026-06-06T23:00:00Z,2,1,YES,1,60577.64409090909,60550.66,observed_source_snapshot; outcome_source=kalshi_60_sma_source_snapshot,YES,yes,finalized,2026-06-06T23:00:04.457295Z,1.0000,60584.16,60550.66,BTC price up in next 15 mins?,NO,
KXBTC15M-26JUN061915-15,2026-06-06T23:15:00Z,2,1,YES,1,60704.26238095238,60584.16,observed_source_snapshot; outcome_source=kalshi_60_sma_source_snapshot,YES,yes,finalized,2026-06-06T23:15:04.462536Z,1.0000,60715.95,60584.16,BTC price up in next 15 mins?,NO,
KXBTC15M-26JUN061930-30,2026-06-06T23:30:00Z,2,1,NO,0,60664.43217391304,60715.95,observed_source_snapshot; outcome_source=kalshi_60_sma_source_snapshot,NO,no,finalized,2026-06-06T23:30:04.461841Z,0.0000,60676.17,60715.95,BTC price up in next 15 mins?,NO,
KXBTC15M-26JUN061945-45,2026-06-06T23:45:00Z,2,1,YES,1,60862.36954545454,60676.17,observed_source_snapshot; outcome_source=kalshi_60_sma_source_snapshot,YES,yes,finalized,2026-06-06T23:45:04.457913Z,1.0000,60848.98,60676.17,BTC price up in next 15 mins?,NO,
KXBTC15M-26JUN062000-00,2026-06-07T00:00:00Z,2,1,YES,1,60863.90217391304,60848.98,observed_source_snapshot; outcome_source=kalshi_60_sma_source_snapshot,YES,yes,finalized,2026-06-07T00:00:04.459118Z,1.0000,60861.15,60848.98,BTC price up in next 15 mins?,NO,
KXBTC15M-26JUN062015-15,2026-06-07T00:15:00Z,2,1,NO,0,60800.119090909095,60861.15,observed_source_snapshot; outcome_source=kalshi_60_sma_source_snapshot,NO,no,finalized,2026-06-07T00:15:04.561484Z,0.0000,60802.02,60861.15,BTC price up in next 15 mins?,NO,
KXBTC15M-26JUN062030-30,2026-06-07T00:30:00Z,2,1,NO,0,60774.38227272727,60802.02,observed_source_snapshot; outcome_source=kalshi_60_sma_source_snapshot,NO,no,finalized,2026-06-07T00:30:04.461399Z,0.0000,60781.22,60802.02,BTC price up in next 15 mins?,NO,
KXBTC15M-26JUN062045-45,2026-06-07T00:45:00Z,2,1,YES,1,60800.18739130435,60781.22,observed_source_snapshot; outcome_source=kalshi_60_sma_source_snapshot,YES,yes,finalized,2026-06-07T00:45:04.467344Z,1.0000,60787.88,60781.22,BTC price up in next 15 mins?,NO,
KXBTC15M-26JUN062100-00,2026-06-07T01:00:00Z,2,1,NO,0,60775.36636363636,60787.88,observed_source_snapshot; outcome_source=kalshi_60_sma_source_snapshot,NO,no,finalized,2026-06-07T01:00:04.520609Z,0.0000,60765.73,60787.88,BTC price up in next 15 mins?,NO,
KXBTC15M-26JUN062115-15,2026-06-07T01:15:00Z,2,1,YES,1,61338.09782608696,60765.73,observed_source_snapshot; outcome_source=kalshi_60_sma_source_snapshot,YES,yes,finalized,2026-06-07T01:15:04.463034Z,1.0000,61315.11,60765.73,BTC price up in next 15 mins?,NO,
KXBTC15M-26JUN062130-30,2026-06-07T01:30:00Z,2,1,YES,1,61533.659545454546,61315.11,observed_source_snapshot; outcome_source=kalshi_60_sma_source_snapshot,YES,yes,finalized,2026-06-07T01:30:04.456273Z,1.0000,61602.00,61315.11,BTC price up in next 15 mins?,NO,
KXBTC15M-26JUN062145-45,2026-06-07T01:45:00Z,2,1,NO,0,61416.53095238095,61602.0,observed_source_snapshot; outcome_source=kalshi_60_sma_source_snapshot,NO,no,finalized,2026-06-07T01:45:04.457898Z,0.0000,61413.62,61602,BTC price up in next 15 mins?,NO,
KXBTC15M-26JUN062200-00,2026-06-07T02:00:00Z,2,1,YES,1,61473.52545454546,61413.62,observed_source_snapshot; outcome_source=kalshi_60_sma_source_snapshot,YES,yes,finalized,2026-06-07T02:00:14.45873Z,1.0000,61469.13,61413.62,BTC price up in next 15 mins?,NO,
KXBTC15M-26JUN062215-15,2026-06-07T02:15:00Z,2,1,NO,0,61431.1659090909,61469.13,observed_source_snapshot; outcome_source=kalshi_60_sma_source_snapshot,NO,no,finalized,2026-06-07T02:15:04.456373Z,0.0000,61416.74,61469.13,BTC price up in next 15 mins?,NO,
KXBTC15M-26JUN062230-30,2026-06-07T02:30:00Z,2,1,NO,0,61208.056521739134,61416.74,observed_source_snapshot; outcome_source=kalshi_60_sma_source_snapshot,NO,no,finalized,2026-06-07T02:30:04.460924Z,0.0000,61221.03,61416.74,BTC price up in next 15 mins?,NO,
KXBTC15M-26JUN062245-45,2026-06-07T02:45:00Z,2,1,YES,1,61273.69136363636,61221.03,observed_source_snapshot; outcome_source=kalshi_60_sma_source_snapshot,YES,yes,finalized,2026-06-07T02:45:04.462995Z,1.0000,61275.29,61221.03,BTC price up in next 15 mins?,NO,
KXBTC15M-26JUN062300-00,2026-06-07T03:00:00Z,2,1,YES,1,61498.57818181818,61275.29,observed_source_snapshot; outcome_source=kalshi_60_sma_source_snapshot,YES,yes,finalized,2026-06-07T03:00:04.457598Z,1.0000,61480.47,61275.29,BTC price up in next 15 mins?,NO,
KXBTC15M-26JUN062315-15,2026-06-07T03:15:00Z,2,1,NO,0,61468.51090909091,61480.47,observed_source_snapshot; outcome_source=kalshi_60_sma_source_snapshot,YES,yes,finalized,2026-06-07T03:15:04.520861Z,1.0000,61494.35,61480.47,BTC price up in next 15 mins?,YES,trader outcome differs from official Kalshi result
KXBTC15M-26JUN062330-30,2026-06-07T03:30:00Z,2,1,YES,1,61627.49565217391,61494.35,observed_source_snapshot; outcome_source=kalshi_60_sma_source_snapshot,YES,yes,finalized,2026-06-07T03:30:04.457966Z,1.0000,61630.95,61494.35,BTC price up in next 15 mins?,NO,
KXBTC15M-26JUN062345-45,2026-06-07T03:45:00Z,2,1,NO,0,61610.42636363637,61630.95,observed_source_snapshot; outcome_source=kalshi_60_sma_source_snapshot,YES,yes,finalized,2026-06-07T03:45:04.458507Z,1.0000,61632.25,61630.95,BTC price up in next 15 mins?,YES,trader outcome differs from official Kalshi result
KXBTC15M-26JUN070000-00,2026-06-07T04:00:00Z,2,1,YES,1,61648.78772727273,61632.25,observed_source_snapshot; outcome_source=kalshi_60_sma_source_snapshot,YES,yes,finalized,2026-06-07T04:00:04.458073Z,1.0000,61685.90,61632.25,BTC price up in next 15 mins?,NO,
KXBTC15M-26JUN070015-15,2026-06-07T04:15:00Z,1,0,,,,,,NO,no,finalized,2026-06-07T04:15:04.460897Z,0.0000,61518.26,61685.9,BTC price up in next 15 mins?,UNKNOWN,no trader outcome row
KXBTC15M-26JUN070030-30,2026-06-07T04:30:00Z,2,1,NO,0,61512.38681818182,61518.26,observed_source_snapshot; outcome_source=kalshi_60_sma_source_snapshot,YES,yes,finalized,2026-06-07T04:30:04.462893Z,1.0000,61529.82,61518.26,BTC price up in next 15 mins?,YES,trader outcome differs from official Kalshi result
KXBTC15M-26JUN070045-45,2026-06-07T04:45:00Z,2,1,YES,1,61746.858181818185,61529.82,observed_source_snapshot; outcome_source=kalshi_60_sma_source_snapshot,YES,yes,finalized,2026-06-07T04:45:04.45791Z,1.0000,61714.88,61529.82,BTC price up in next 15 mins?,NO,
KXBTC15M-26JUN070100-00,2026-06-07T05:00:00Z,2,1,YES,1,61866.56260869565,61714.88,observed_source_snapshot; outcome_source=kalshi_60_sma_source_snapshot,YES,yes,finalized,2026-06-07T05:00:04.459872Z,1.0000,61874.21,61714.88,BTC price up in next 15 mins?,NO,
KXBTC15M-26JUN070115-15,2026-06-07T05:15:00Z,2,1,NO,0,61824.55809523809,61874.21,observed_source_snapshot; outcome_source=kalshi_60_sma_source_snapshot,YES,yes,finalized,2026-06-07T05:15:04.458184Z,1.0000,61884.50,61874.21,BTC price up in next 15 mins?,YES,trader outcome differs from official Kalshi result
KXBTC15M-26JUN070130-30,2026-06-07T05:30:00Z,2,1,NO,0,61796.863913043475,61884.5,observed_source_snapshot; outcome_source=kalshi_60_sma_source_snapshot,NO,no,finalized,2026-06-07T05:30:04.462604Z,0.0000,61729.75,61884.5,BTC price up in next 15 mins?,NO,
KXBTC15M-26JUN070145-45,2026-06-07T05:45:00Z,2,1,YES,1,61795.30217391304,61729.75,observed_source_snapshot; outcome_source=kalshi_60_sma_source_snapshot,YES,yes,finalized,2026-06-07T05:45:04.458625Z,1.0000,61795.09,61729.75,BTC price up in next 15 mins?,NO,
KXBTC15M-26JUN070200-00,2026-06-07T06:00:00Z,2,1,NO,0,61746.01434782609,61795.09,observed_source_snapshot; outcome_source=kalshi_60_sma_source_snapshot,NO,no,finalized,2026-06-07T06:00:04.462763Z,0.0000,61739.34,61795.09,BTC price up in next 15 mins?,NO,
KXBTC15M-26JUN070215-15,2026-06-07T06:15:00Z,2,1,NO,0,61699.51142857143,61739.34,observed_source_snapshot; outcome_source=kalshi_60_sma_source_snapshot,NO,no,finalized,2026-06-07T06:15:04.459975Z,0.0000,61689.82,61739.34,BTC price up in next 15 mins?,NO,
KXBTC15M-26JUN070230-30,2026-06-07T06:30:00Z,2,1,YES,1,61934.41782608696,61689.82,observed_source_snapshot; outcome_source=kalshi_60_sma_source_snapshot,YES,yes,finalized,2026-06-07T06:30:04.458503Z,1.0000,61967.60,61689.82,BTC price up in next 15 mins?,NO,
KXBTC15M-26JUN070245-45,2026-06-07T06:45:00Z,2,1,YES,1,62172.65590909091,61967.6,observed_source_snapshot; outcome_source=kalshi_60_sma_source_snapshot,YES,yes,finalized,2026-06-07T06:45:04.457442Z,1.0000,62180.94,61967.6,BTC price up in next 15 mins?,NO,
KXBTC15M-26JUN070300-00,2026-06-07T07:00:00Z,2,1,NO,0,62120.26238095238,62180.94,observed_source_snapshot; outcome_source=kalshi_60_sma_source_snapshot,NO,no,finalized,2026-06-07T07:00:04.45286Z,0.0000,62123.38,62180.94,BTC price up in next 15 mins?,NO,
KXBTC15M-26JUN070315-15,2026-06-07T07:15:00Z,2,1,NO,0,62122.211818181815,62123.38,observed_source_snapshot; outcome_source=kalshi_60_sma_source_snapshot,,,closed,,,,62123.38,BTC price up in next 15 mins?,UNKNOWN,official result not available
KXBTC15M-26JUN070330-30,2026-06-07T07:30:00Z,1,0,,,,,,YES,yes,finalized,2026-06-07T07:30:04.452711Z,1.0000,62194.96,62111.14,BTC price up in next 15 mins?,UNKNOWN,no trader outcome row
KXBTC15M-26JUN070345-45,2026-06-07T07:45:00Z,2,1,NO,0,62190.98045454546,62194.96,observed_source_snapshot; outcome_source=kalshi_60_sma_source_snapshot,YES,yes,finalized,2026-06-07T07:45:04.4567Z,1.0000,62203.85,62194.96,BTC price up in next 15 mins?,YES,trader outcome differs from official Kalshi result
KXBTC15M-26JUN070400-00,2026-06-07T08:00:00Z,2,1,YES,1,62360.185000000005,62203.85,observed_source_snapshot; outcome_source=kalshi_60_sma_source_snapshot,YES,yes,finalized,2026-06-07T08:00:04.456773Z,1.0000,62377.64,62203.85,BTC price up in next 15 mins?,NO,
KXBTC15M-26JUN070415-15,2026-06-07T08:15:00Z,2,1,NO,0,62314.06695652174,62377.64,observed_source_snapshot; outcome_source=kalshi_60_sma_source_snapshot,NO,no,finalized,2026-06-07T08:15:04.458434Z,0.0000,62346.27,62377.64,BTC price up in next 15 mins?,NO,
KXBTC15M-26JUN070430-30,2026-06-07T08:30:00Z,2,1,YES,1,62510.66863636363,62346.27,observed_source_snapshot; outcome_source=kalshi_60_sma_source_snapshot,YES,yes,finalized,2026-06-07T08:30:04.454612Z,1.0000,62517.78,62346.27,BTC price up in next 15 mins?,NO,
KXBTC15M-26JUN070445-45,2026-06-07T08:45:00Z,2,1,NO,0,62473.12523809524,62517.78,observed_source_snapshot; outcome_source=kalshi_60_sma_source_snapshot,YES,yes,finalized,2026-06-07T08:45:05.857941Z,1.0000,62526.76,62517.78,BTC price up in next 15 mins?,YES,trader outcome differs from official Kalshi result
KXBTC15M-26JUN070500-00,2026-06-07T09:00:00Z,2,1,YES,1,62811.39318181818,62526.76,observed_source_snapshot; outcome_source=kalshi_60_sma_source_snapshot,YES,yes,finalized,2026-06-07T09:00:04.407437Z,1.0000,62816.58,62526.76,BTC price up in next 15 mins?,NO,
KXBTC15M-26JUN070515-15,2026-06-07T09:15:00Z,2,1,NO,0,62741.45260869565,62816.58,observed_source_snapshot; outcome_source=kalshi_60_sma_source_snapshot,NO,no,finalized,2026-06-07T09:15:04.457676Z,0.0000,62792.73,62816.58,BTC price up in next 15 mins?,NO,
KXBTC15M-26JUN070530-30,2026-06-07T09:30:00Z,2,1,NO,0,62643.773043478264,62792.73,observed_source_snapshot; outcome_source=kalshi_60_sma_source_snapshot,NO,no,finalized,2026-06-07T09:30:04.455835Z,0.0000,62659.86,62792.73,BTC price up in next 15 mins?,NO,
KXBTC15M-26JUN070545-45,2026-06-07T09:45:00Z,2,1,NO,0,62540.369999999995,62659.86,observed_source_snapshot; outcome_source=kalshi_60_sma_source_snapshot,NO,no,finalized,2026-06-07T09:45:04.45372Z,0.0000,62530.64,62659.86,BTC price up in next 15 mins?,NO,
KXBTC15M-26JUN070600-00,2026-06-07T10:00:00Z,2,1,NO,0,62525.82217391304,62530.64,observed_source_snapshot; outcome_source=kalshi_60_sma_source_snapshot,NO,no,finalized,2026-06-07T10:00:04.457773Z,0.0000,62509.60,62530.64,BTC price up in next 15 mins?,NO,
KXBTC15M-26JUN070615-15,2026-06-07T10:15:00Z,2,1,NO,0,62418.19227272727,62509.6,observed_source_snapshot; outcome_source=kalshi_60_sma_source_snapshot,NO,no,finalized,2026-06-07T10:15:04.453426Z,0.0000,62394.72,62509.6,BTC price up in next 15 mins?,NO,
KXBTC15M-26JUN070630-30,2026-06-07T10:30:00Z,2,1,YES,1,62478.549565217385,62394.72,observed_source_snapshot; outcome_source=kalshi_60_sma_source_snapshot,YES,yes,finalized,2026-06-07T10:30:04.453094Z,1.0000,62488.72,62394.72,BTC price up in next 15 mins?,NO,
KXBTC15M-26JUN070645-45,2026-06-07T10:45:00Z,2,1,NO,0,62329.865,62488.72,observed_source_snapshot; outcome_source=kalshi_60_sma_source_snapshot,NO,no,finalized,2026-06-07T10:45:04.455667Z,0.0000,62332.03,62488.72,BTC price up in next 15 mins?,NO,
KXBTC15M-26JUN070700-00,2026-06-07T11:00:00Z,2,1,YES,1,62409.36136363636,62332.03,observed_source_snapshot; outcome_source=kalshi_60_sma_source_snapshot,YES,yes,finalized,2026-06-07T11:00:04.451935Z,1.0000,62353.89,62332.03,BTC price up in next 15 mins?,NO,
KXBTC15M-26JUN070715-15,2026-06-07T11:15:00Z,2,1,YES,1,62456.16909090909,62353.89,observed_source_snapshot; outcome_source=kalshi_60_sma_source_snapshot,YES,yes,finalized,2026-06-07T11:15:04.452909Z,1.0000,62449.70,62353.89,BTC price up in next 15 mins?,NO,
KXBTC15M-26JUN070730-30,2026-06-07T11:30:00Z,2,1,YES,1,62514.23608695652,62449.7,observed_source_snapshot; outcome_source=kalshi_60_sma_source_snapshot,YES,yes,finalized,2026-06-07T11:30:04.457345Z,1.0000,62523.16,62449.7,BTC price up in next 15 mins?,NO,
KXBTC15M-26JUN070745-45,2026-06-07T11:45:00Z,2,1,YES,1,62644.35272727273,62523.16,observed_source_snapshot; outcome_source=kalshi_60_sma_source_snapshot,YES,yes,finalized,2026-06-07T11:45:04.409035Z,1.0000,62653.03,62523.16,BTC price up in next 15 mins?,NO,
KXBTC15M-26JUN070800-00,2026-06-07T12:00:00Z,2,1,NO,0,62595.05434782609,62653.03,observed_source_snapshot; outcome_source=kalshi_60_sma_source_snapshot,NO,no,finalized,2026-06-07T12:00:04.457837Z,0.0000,62613.86,62653.03,BTC price up in next 15 mins?,NO,
KXBTC15M-26JUN070815-15,2026-06-07T12:15:00Z,2,1,NO,0,62149.42227272727,62613.86,observed_source_snapshot; outcome_source=kalshi_60_sma_source_snapshot,NO,no,finalized,2026-06-07T12:15:04.452053Z,0.0000,62095.79,62613.86,BTC price up in next 15 mins?,NO,
KXBTC15M-26JUN070830-30,2026-06-07T12:30:00Z,2,1,NO,0,61962.77409090909,62095.79,observed_source_snapshot; outcome_source=kalshi_60_sma_source_snapshot,NO,no,finalized,2026-06-07T12:30:04.46329Z,0.0000,61933.02,62095.79,BTC price up in next 15 mins?,NO,
KXBTC15M-26JUN070845-45,2026-06-07T12:45:00Z,2,1,NO,0,61637.718181818185,61933.02,observed_source_snapshot; outcome_source=kalshi_60_sma_source_snapshot,NO,no,finalized,2026-06-07T12:45:04.4592Z,0.0000,61625.67,61933.02,BTC price up in next 15 mins?,NO,
KXBTC15M-26JUN070900-00,2026-06-07T13:00:00Z,1,0,,,,,,YES,yes,finalized,2026-06-07T13:00:14.458498Z,1.0000,61887.70,61625.67,BTC price up in next 15 mins?,UNKNOWN,no trader outcome row
