ts_unix,open,high,low,close,vwap,volume
1780272000,73569.9,73960.0,73550.1,73777.8,73769.1,28.8570524
1780275600,73777.8,73802.7,73173.0,73193.4,73445.8,38.88540186
1780279200,73194.6,73765.7,73155.0,73681.8,73334.7,51.00153603
1780282800,73680.4,73889.1,73640.8,73673.1,73805.9,12.54946947
1780286400,73673.0,73745.9,73260.5,73429.8,73373.3,15.42807506
1780290000,73429.8,73434.3,73218.4,73256.2,73371.5,25.01180135
1780293600,73256.6,73270.0,72867.8,73041.7,73049.2,50.18040824
1780297200,73042.0,73100.0,72613.7,72719.8,72821.8,64.65090393
1780300800,72719.8,72835.3,72523.5,72799.8,72718.6,53.80533108
1780304400,72799.9,72999.9,72732.7,72789.6,72857.0,89.74172298
1780308000,72789.7,72817.3,72508.6,72659.2,72660.4,39.27714073
1780311600,72659.2,72683.5,72200.0,72384.3,72447.7,116.61587946
1780315200,72391.6,72529.3,71844.0,72130.0,72087.8,186.82815353
1780318800,72127.3,72143.2,71275.0,71614.2,71683.2,279.37687143
1780322400,71614.1,71774.4,71285.0,71419.8,71479.6,136.76405361
1780326000,71432.3,71549.9,70964.6,71000.0,71168.5,167.8369122
1780329600,71000.0,71488.9,70581.5,71455.2,70946.2,224.16350958
1780333200,71455.2,71679.6,71373.0,71551.4,71508.2,189.80965875
1780336800,71550.1,71592.5,71284.9,71415.0,71420.8,69.25561439
1780340400,71415.1,71578.5,71294.5,71493.2,71458.6,54.54424904
1780344000,71495.0,71595.0,71321.5,71354.5,71498.6,61.36641477
1780347600,71354.1,71365.5,70850.6,70950.1,71057.4,79.98857136
1780351200,70950.0,71336.4,70750.0,71310.0,71112.4,228.05534521
1780354800,71310.1,71464.9,71130.1,71317.5,71307.6,43.83725116
1780358400,71315.5,71315.5,71010.0,71177.7,71181.7,30.99962985
1780362000,71177.7,71276.5,70524.8,70539.4,70835.9,62.94176528
1780365600,70539.4,70765.2,70000.0,70736.2,70360.9,114.99666655
1780369200,70740.0,70918.2,70710.0,70846.2,70859.7,45.72048916
1780372800,70846.2,70928.6,70605.6,70695.0,70721.1,81.39502827
1780376400,70695.0,70700.0,70156.7,70158.4,70489.9,139.36840945
1780380000,70156.6,70333.6,69840.0,69989.0,70052.4,174.14148053
1780383600,69989.9,70155.0,69647.8,70022.1,69934.8,166.21358076
1780387200,70020.1,70065.0,69605.8,69705.1,69817.5,89.84827911
1780390800,69705.1,69754.1,69236.5,69300.2,69439.0,117.97387901
1780394400,69300.2,69645.0,69244.2,69542.6,69489.7,292.66534282
1780398000,69533.7,69540.0,69316.3,69362.5,69406.3,95.51788504
1780401600,69360.1,69434.9,68925.3,68925.4,69163.9,191.84823227
1780405200,68925.4,69081.2,68650.0,68691.0,68826.1,266.0105028
1780408800,68691.0,68715.0,67530.1,67874.9,68060.2,560.70940233
1780412400,67875.0,67942.7,66964.6,67197.7,67301.1,426.86502769
1780416000,67197.7,68001.5,67125.1,67303.4,67669.7,351.66303055
1780419600,67303.4,67725.0,67279.2,67380.1,67433.8,139.87423526
1780423200,67380.1,67545.0,67029.5,67231.4,67336.4,172.42166947
1780426800,67234.2,67366.5,66327.3,67209.9,66941.6,444.90801655
1780430400,67206.9,67590.6,66820.6,67488.2,67223.9,140.10546017
1780434000,67490.1,67802.8,67317.7,67467.3,67627.5,86.82694095
1780437600,67467.2,67467.2,66170.0,66278.4,66776.0,360.96923995
1780441200,66285.0,66772.4,66111.8,66669.7,66409.2,174.6321663
1780444800,66669.7,67083.3,66569.5,66841.4,66813.3,221.5913661
1780448400,66841.5,66963.0,66384.8,66840.0,66698.6,160.56834306
1780452000,66840.0,66840.0,66510.1,66526.0,66674.0,38.3360746
1780455600,66525.2,66569.9,65379.8,65770.5,65857.5,285.91952506
1780459200,65770.5,66526.8,65754.7,66379.3,66280.7,92.53566663
1780462800,66379.3,67306.7,66379.3,67237.1,67016.7,155.13785104
1780466400,67235.9,67420.0,66873.9,66877.6,67171.6,69.16863548
1780470000,66877.6,67226.0,66786.3,67130.6,67071.0,40.80373276
1780473600,67129.3,67155.0,66883.0,66930.1,66991.1,41.79838895
1780477200,66930.2,67212.1,66556.6,66977.7,66745.7,91.42998158
1780480800,66975.9,67374.9,66969.7,67195.5,67151.0,117.13031804
1780484400,67200.0,67262.4,66969.7,66985.0,67126.4,63.90214397
1780488000,66985.0,67060.1,66705.1,66985.1,66924.9,63.29096051
1780491600,66988.8,67140.0,66533.0,66789.1,66878.8,142.55631272
1780495200,66798.5,66893.8,66544.1,66766.3,66681.5,98.44142312
1780498800,66766.1,66780.0,66000.0,66000.0,66342.1,264.34145784
1780502400,66000.1,66250.0,65480.1,65976.2,65792.4,263.70971154
1780506000,65979.0,66090.0,65620.8,65872.8,65807.6,154.12621645
1780509600,65872.2,66059.9,65669.9,65965.9,65909.6,130.51908741
1780513200,65964.1,65976.6,65187.4,65376.1,65565.9,227.76925947
1780516800,65375.9,65521.6,64688.0,64903.1,65103.2,288.57523724
1780520400,64903.2,65761.5,64869.0,65672.1,65295.4,210.40468912
1780524000,65684.5,65730.0,64688.0,64810.1,64955.7,199.73223705
1780527600,64810.0,64883.7,64000.0,64035.8,64356.1,356.35596964
1780531200,64036.1,64320.0,62920.5,63245.0,63447.4,569.3318529
1780534800,63244.3,63399.3,62038.6,62099.9,62636.4,549.66907489
1780538400,62100.0,63553.4,61255.9,63153.0,62357.2,918.12833589
1780542000,63153.0,64444.0,63153.0,64290.0,64031.3,411.06212411
1780545600,64290.0,64686.1,64214.7,64327.7,64450.2,162.78231898
1780549200,64327.7,64327.7,63605.2,63898.8,64005.5,435.38989632
1780552800,63898.3,64403.8,63825.0,63979.6,64153.4,154.10508075
1780556400,63979.6,63996.0,63351.3,63525.1,63699.5,222.6770308
1780560000,63543.0,63826.8,63197.0,63546.1,63396.8,226.37911894
1780563600,63546.1,63569.9,62650.0,63179.1,62983.5,129.0783401
1780567200,63179.1,63179.4,62238.6,62353.0,62515.1,231.67407476
1780570800,62352.9,62755.0,62038.8,62476.1,62271.7,485.74652827
1780574400,62479.2,63915.9,62312.4,63706.9,63170.7,188.82906454
1780578000,63707.0,64203.3,63016.3,64150.0,63478.3,519.05571079
1780581600,64157.0,64434.8,63750.0,63897.1,64071.9,283.23914782
1780585200,63897.2,64326.6,63628.1,63826.7,63997.0,192.27948121
1780588800,63826.8,63858.0,63384.2,63485.7,63579.2,98.6837446
1780592400,63485.8,63645.8,62897.0,63460.1,63141.2,174.57905208
1780596000,63460.0,64032.4,63052.0,63746.1,63664.5,155.66644242
1780599600,63742.4,64072.0,63455.1,63547.7,63743.9,221.04091109
1780603200,63538.5,63596.9,63118.5,63575.7,63337.5,77.84482407
1780606800,63570.3,63797.5,63057.2,63233.0,63445.6,202.0178106
1780610400,63233.0,63695.5,63150.3,63677.4,63364.3,75.26013371
1780614000,63674.1,63850.0,63317.7,63814.0,63628.8,60.97581968
1780617600,63811.1,63905.3,63339.4,63366.7,63672.4,108.73728263
1780621200,63366.7,63475.4,62962.6,63305.4,63233.6,117.29376438
1780624800,63296.2,63374.5,62530.0,62544.2,62766.0,239.42329652
1780628400,62549.7,62814.0,62283.4,62648.3,62545.6,245.03214439
1780632000,62665.3,63568.7,62443.6,63521.2,62967.9,123.94326082
1780635600,63529.6,63614.6,62220.0,62272.7,62904.1,122.09869474
1780639200,62271.1,62560.4,61100.0,61894.4,61754.2,492.10530313
1780642800,61891.0,63043.1,61319.7,63043.1,62372.6,183.82662839
1780646400,63049.8,63049.8,62246.1,62397.3,62650.9,213.5677898
1780650000,62407.5,63194.8,62398.1,62813.4,62831.5,142.75084049
1780653600,62813.4,62887.9,62330.1,62496.6,62566.0,89.18516427
1780657200,62496.6,62577.0,61920.0,61920.0,62206.7,95.98045019
1780660800,61918.4,62388.1,61561.8,61918.3,61950.1,308.47794894
1780664400,61918.4,62268.4,60700.0,60700.1,61466.9,745.70203031
1780668000,60700.1,61179.7,60331.0,60838.6,60733.9,1131.75567252
1780671600,60844.8,61074.1,60000.0,60400.1,60336.8,980.89345075
1780675200,60400.1,61517.2,59764.0,61368.8,60614.8,665.51854031
1780678800,61368.7,61459.3,60612.4,60746.9,60896.1,222.33264705
1780682400,60747.0,60910.0,59107.5,59344.3,59767.5,633.70669604
1780686000,59356.4,60426.0,59070.6,60287.6,59597.8,554.38817121
1780689600,60260.4,61741.1,59922.8,61608.7,60939.9,605.87873705
1780693200,61604.4,61957.6,61424.6,61662.2,61757.4,353.28702871
1780696800,61657.1,61940.6,61117.8,61566.8,61543.0,222.698784
1780700400,61573.4,61738.5,60508.1,61037.9,60950.9,149.86255556
1780704000,61038.3,61496.2,61038.2,61248.4,61268.8,95.68357662
1780707600,61248.4,61355.0,60929.6,61030.0,61234.6,124.48424291
1780711200,61031.1,61150.0,60654.6,60942.1,60912.3,38.37332952
1780714800,60927.1,60927.4,60522.7,60671.7,60711.4,94.0533403
1780718400,60671.7,60851.0,59493.5,60080.3,60009.7,279.75226601
1780722000,60080.3,61010.4,59614.4,60911.8,60538.4,158.00121637
1780725600,60911.8,61226.4,60671.9,60743.1,60977.4,72.57426909
1780729200,60743.1,61199.0,60709.3,60974.0,60864.4,155.80354002
1780732800,60974.2,61462.5,60853.3,61223.5,61180.2,32.72197352
1780736400,61237.2,61299.0,60872.9,60944.8,61112.0,47.68807756
1780740000,60951.3,60951.3,60196.7,60579.8,60540.6,101.02385916
1780743600,60579.7,60923.3,60518.0,60761.9,60737.3,37.54839716
1780747200,60761.9,61154.1,60624.4,60988.9,60867.0,39.27516576
1780750800,60995.3,61075.2,60682.6,60775.9,60870.8,24.79155687
1780754400,60784.0,60985.7,60747.8,60769.1,60919.7,47.39616438
1780758000,60768.3,60879.5,60384.9,60746.3,60672.7,78.85620847
1780761600,60746.3,60920.6,60466.8,60758.3,60676.2,32.72637453
1780765200,60759.5,60814.5,60495.0,60558.3,60692.0,38.74949668
1780768800,60558.3,60716.8,60377.5,60606.1,60510.2,28.61115964
1780772400,60609.3,60748.1,60485.1,60575.3,60555.4,168.09094434
1780776000,60574.1,60719.7,60500.0,60682.6,60620.8,56.56230748
1780779600,60681.1,60959.9,60680.7,60725.2,60814.7,32.64720505
1780783200,60725.2,60786.6,60413.1,60529.6,60544.7,35.93510445
1780786800,60525.1,60894.1,60515.4,60855.7,60769.5,20.52226949
1780790400,60858.0,60937.9,60714.4,60757.4,60823.2,17.69007251
1780794000,60757.4,61603.5,60734.9,61455.8,61372.8,174.11310308
1780797600,61455.8,61538.7,61172.4,61488.3,61320.5,43.33725264
1780801200,61488.3,61725.4,61396.5,61678.4,61607.1,79.07027835
1780804800,61678.4,61868.3,61469.1,61863.1,61666.0,39.04200076
1780808400,61863.1,62301.1,61629.7,61734.8,61868.8,147.00001903
1780812000,61731.5,62248.7,61607.0,62082.8,62086.8,89.25746539
1780815600,62079.6,62395.6,61991.4,62381.1,62109.7,90.82949157
1780819200,62384.0,62914.4,62246.4,62829.5,62564.1,144.51688001
1780822800,62829.5,62875.3,62388.1,62510.3,62648.0,60.79377396
1780826400,62514.9,62545.0,62298.4,62361.8,62402.3,56.12214474
1780830000,62359.0,62725.9,62345.3,62615.0,62551.7,59.79877453
1780833600,62615.1,62621.0,61576.0,61870.6,61930.3,198.44352439
1780837200,61887.0,61887.0,61634.3,61700.1,61748.3,37.1719334
1780840800,61700.1,62278.5,61686.2,61891.1,61878.4,113.24341177
1780844400,61883.6,62178.9,61666.2,62067.1,61845.6,126.42016822
1780848000,62067.2,62287.1,61926.9,62050.2,62129.6,70.50551929
1780851600,62060.9,62292.2,62027.1,62134.1,62215.2,39.12243551
1780855200,62135.9,62274.3,62000.0,62008.1,62215.9,77.89172768
1780858800,62009.0,62009.0,61135.7,61305.5,61430.3,215.67421135
1780862400,61305.5,61925.7,61200.2,61867.4,61636.0,62.66600392
1780866000,61845.7,61966.5,61621.4,61746.6,61746.8,33.57585979
1780869600,61749.5,64613.0,61698.2,62845.3,63377.6,706.01536226
1780873200,62839.7,63400.0,62786.3,63307.6,63046.7,99.27221459
1780876800,63305.6,63821.5,63133.6,63615.3,63600.7,115.15685137
1780880400,63615.3,63615.3,62687.0,63166.3,62994.5,70.55506409
1780884000,63179.5,63229.6,62900.0,63104.5,63023.2,27.49769831
1780887600,63104.6,63429.8,62961.0,63078.2,63189.8,13.26390299
1780891200,63078.2,63144.7,62635.7,62674.9,62838.3,34.05854183
1780894800,62662.3,62788.0,62388.2,62712.6,62562.6,28.12543809
1780898400,62715.3,63100.7,62701.4,62961.7,62965.5,25.76413497
1780902000,62961.7,63304.6,62787.6,63230.4,63093.3,33.76935873
1780905600,63230.5,63230.5,62946.6,63094.7,63067.6,168.46573533
1780909200,63095.2,63546.2,63079.9,63451.5,63360.3,33.16425835
1780912800,63451.6,63483.1,63065.1,63099.9,63211.1,47.66501892
1780916400,63100.0,63811.3,63020.1,63438.0,63469.9,82.8509056
1780920000,63444.8,63880.0,62690.5,63788.3,63242.9,115.06556312
1780923600,63793.7,63899.9,63329.4,63711.8,63614.0,119.97247021
1780927200,63719.7,64057.0,63545.5,63926.5,63823.4,153.35826429
1780930800,63947.1,64189.0,63689.1,63745.4,63947.8,258.67154535
1780934400,63751.7,64025.3,63442.6,63504.1,63689.4,63.47916959
1780938000,63500.2,63612.1,63261.0,63517.6,63418.1,49.14980209
1780941600,63517.6,63666.1,63317.4,63445.7,63468.5,106.18828547
1780945200,63445.9,63561.6,63344.8,63344.8,63456.1,47.62503823
1780948800,63351.1,63468.1,63154.6,63467.0,63261.9,74.11636139
1780952400,63469.7,63826.8,63459.5,63718.8,63693.3,47.04356969
1780956000,63718.9,63718.9,63201.9,63433.7,63421.9,26.71642539
1780959600,63428.5,63577.8,62974.9,63076.4,63061.0,96.11955423
1780963200,63068.5,63148.6,62383.9,62546.4,62685.0,117.88196201
1780966800,62542.8,62863.8,62528.1,62760.2,62769.1,186.51080057
1780970400,62755.9,62852.3,62530.7,62843.6,62739.4,29.5200816
1780974000,62843.6,62944.6,62684.9,62851.4,62791.6,19.38536859
1780977600,62851.4,63384.2,62717.5,63203.8,63078.7,54.44961138
1780981200,63203.6,63467.9,63099.5,63317.5,63326.0,20.33119902
1780984800,63317.6,63453.1,63190.1,63257.7,63364.3,24.01033675
1780988400,63257.7,63405.5,62969.5,63158.5,63208.1,47.91668237
1780992000,63158.5,63167.5,62737.1,62817.5,62915.0,40.71025916
1780995600,62817.5,62911.0,62575.6,62677.5,62690.4,24.63701884
1780999200,62681.2,62784.7,62581.2,62762.2,62678.7,35.7048792
1781002800,62762.2,62775.6,62464.8,62680.2,62576.6,75.51267703
1781006400,62674.9,62870.4,62410.6,62619.4,62652.5,57.00513881
1781010000,62608.9,62692.6,62132.1,62240.1,62283.5,245.54071583
1781013600,62239.7,62361.9,61120.0,61493.8,61508.4,650.57662424
1781017200,61494.5,61655.2,61000.0,61087.9,61313.4,381.48073491
1781020800,61087.9,61421.9,60740.9,61346.5,61038.2,509.74906822
1781024400,61355.5,61830.7,61344.7,61643.5,61651.3,169.20047941
1781028000,61651.2,61916.6,61554.2,61742.3,61754.6,99.2769783
1781031600,61738.3,62050.0,61674.1,62050.0,61903.2,138.40581525
1781035200,62050.0,62208.7,61912.4,62118.5,62061.6,116.09112955
1781038800,62118.1,62146.1,61646.5,61718.8,61815.1,118.97227929
1781042400,61715.2,61919.5,61623.3,61681.6,61758.1,81.39055032
1781046000,61681.7,61827.8,61529.9,61690.4,61673.1,50.31374651
1781049600,61688.1,61873.7,61420.0,61873.6,61702.5,83.60487952
1781053200,61873.7,61918.3,61562.7,61670.6,61795.6,27.19255001
1781056800,61670.6,61797.2,61204.7,61265.9,61335.7,155.92669498
1781060400,61266.0,61542.9,61248.3,61500.0,61415.8,60.12265109
1781064000,61500.0,61500.0,61165.1,61256.5,61334.7,34.59063217
1781067600,61256.5,61354.2,61037.7,61300.2,61151.8,44.83673712
1781071200,61312.4,61466.7,61113.5,61426.7,61357.7,82.93495537
1781074800,61428.9,61759.9,61407.7,61640.0,61638.2,75.5425211
1781078400,61640.0,61676.0,61128.5,61214.6,61447.1,49.15799139
1781082000,61204.5,61363.6,60746.8,61280.8,60987.8,142.36463277
1781085600,61280.7,61393.0,61120.7,61344.3,61267.6,63.32545602
1781089200,61344.3,61401.7,60836.0,60981.8,61029.8,64.77481371
1781092800,60990.8,61871.7,60909.1,61540.2,61459.1,219.42142073
1781096400,61526.2,62395.6,61390.9,62077.0,61733.4,384.672522
1781100000,62094.0,62197.7,61769.0,62131.3,61979.7,90.62757018
1781103600,62141.6,62800.0,61813.0,62589.2,62433.3,252.9461054
1781107200,62589.2,62600.2,61879.1,62162.1,62116.1,229.91223137
1781110800,62162.2,62305.1,61597.9,61903.5,61988.8,220.18719061
1781114400,61920.1,62095.1,61555.0,61855.4,61811.7,152.13801254
1781118000,61809.7,62013.4,61613.4,61894.8,61853.2,76.27053286
1781121600,61881.0,61884.9,61636.6,61724.9,61735.6,63.68012099
1781125200,61725.0,61725.0,61131.3,61291.3,61501.2,183.9945022
1781128800,61291.4,61525.3,61042.6,61328.4,61245.3,65.01317581
1781132400,61326.7,61550.4,61121.0,61464.4,61415.4,40.17559852
1781136000,61459.1,61922.2,61459.0,61758.4,61750.3,40.44724751
1781139600,61758.4,62307.6,61758.3,62153.6,62127.2,49.37262419
1781143200,62153.6,62234.8,61888.0,62074.3,62095.6,64.33129456
1781146800,62073.7,62719.2,61955.0,62610.9,62371.4,101.48720785
1781150400,62601.3,62797.7,62471.2,62643.9,62690.4,180.16465942
1781154000,62643.9,62651.2,62497.5,62534.0,62571.4,30.45758497
1781157600,62534.1,62918.5,62473.3,62702.0,62800.3,38.97962004
1781161200,62702.0,62765.3,62538.6,62646.0,62647.2,32.34453153
1781164800,62639.6,62958.0,62639.5,62866.1,62838.3,30.08525316
1781168400,62866.2,62906.9,62699.3,62860.0,62761.0,69.02309751
1781172000,62842.4,63122.1,62734.9,63088.7,62916.5,101.25845124
1781175600,63088.7,63205.4,62988.3,63047.7,63095.7,29.14502422
1781179200,63047.7,63121.8,62459.4,62948.0,62753.9,84.9164737
1781182800,62948.0,63171.5,62619.0,63006.9,62885.7,73.76580059
1781186400,63006.9,63017.1,62665.7,62668.9,62860.3,67.08879462
1781190000,62669.0,62802.8,62453.5,62669.6,62628.9,65.32360432
1781193600,62670.5,62758.3,62495.7,62515.8,62628.7,45.06394494
1781197200,62515.9,63557.2,62268.5,63555.1,62958.1,210.26066113
1781200800,63558.0,63695.0,63262.6,63387.0,63447.3,145.95190865
1781204400,63389.0,63845.9,63323.5,63557.2,63671.4,140.82801962
1781208000,63553.9,63580.0,63217.1,63334.3,63386.2,36.14684558
1781211600,63334.4,63525.2,63334.3,63445.1,63444.0,58.9890339
1781215200,63445.2,63600.2,63407.3,63450.0,63504.1,26.19948937
1781218800,63443.1,63625.2,63300.2,63552.3,63440.1,80.33881995
1781222400,63553.7,63712.1,63468.8,63574.1,63636.5,70.56819282
1781226000,63574.1,63574.1,63242.7,63337.5,63376.6,47.56578749
1781229600,63337.5,63681.5,63337.5,63540.0,63512.8,48.64775902
1781233200,63540.0,63568.6,63285.5,63430.6,63427.8,22.24078165
1781236800,63430.6,63775.1,63354.4,63618.9,63629.1,29.63334209
1781240400,63619.0,63640.1,63239.8,63266.4,63391.2,23.47529123
1781244000,63271.0,63329.1,62765.3,62913.2,62964.6,56.00236035
1781247600,62900.2,63147.2,62879.7,63013.3,62983.4,25.26105161
1781251200,63013.3,63527.6,63013.2,63400.8,63251.8,51.17633842
1781254800,63400.8,63865.1,63359.6,63679.0,63664.5,33.77589986
1781258400,63679.0,63770.7,63530.0,63640.1,63656.4,37.35241162
1781262000,63640.2,63802.8,63624.0,63705.0,63733.0,25.12581801
1781265600,63705.0,63705.0,63323.4,63406.6,63452.0,54.7982311
1781269200,63406.7,63451.1,62997.5,63141.8,63207.8,63.58226759
1781272800,63141.8,63934.9,63114.6,63934.9,63499.3,78.76306644
1781276400,63934.9,64333.0,63508.2,63551.7,64067.5,300.43723503
1781280000,63554.2,63951.5,63493.5,63943.4,63718.8,144.50946109
1781283600,63941.7,64069.8,63706.0,63816.9,63836.9,47.26032743
1781287200,63816.9,63890.1,63641.3,63651.4,63747.2,56.48062875
1781290800,63652.7,63783.3,63567.0,63567.1,63647.0,31.83699196
1781294400,63567.1,63664.2,63372.2,63423.1,63495.9,124.5707122
1781298000,63423.0,63596.1,63390.7,63438.5,63473.6,112.52479141
1781301600,63438.2,63614.7,63433.5,63462.1,63482.4,49.13252298
1781305200,63462.1,63543.6,63385.4,63543.2,63452.4,42.67332681
1781308800,63543.3,63597.4,63488.0,63573.8,63533.7,14.19189773
1781312400,63573.8,63793.2,63573.7,63783.1,63689.3,16.7523937
1781316000,63783.0,63793.2,63525.7,63624.4,63685.4,15.60008096
1781319600,63622.0,63672.6,63418.5,63494.3,63520.0,11.36617562
1781323200,63494.3,63604.5,63450.1,63487.0,63533.2,9.41502522
1781326800,63487.1,63551.6,63474.3,63527.8,63520.0,19.29921989
1781330400,63534.7,63687.4,63527.8,63687.4,63595.2,6.73477954
1781334000,63687.4,63826.8,63642.7,63783.9,63754.5,16.22905272
1781337600,63795.2,63865.1,63736.1,63774.0,63793.8,12.40231448
1781341200,63774.0,63817.3,63712.8,63712.8,63768.4,5.7444144
1781344800,63712.9,63865.2,63703.3,63791.0,63778.4,9.44839446
1781348400,63791.1,63922.3,63791.0,63920.7,63891.5,12.00676501
1781352000,63920.7,64164.7,63877.4,64100.0,64005.7,23.91681932
1781355600,64100.1,64211.3,64019.2,64068.9,64114.8,38.78211905
1781359200,64069.0,64192.8,64046.4,64188.1,64123.1,68.52448458
1781362800,64188.1,64294.0,64139.3,64253.4,64239.4,58.53697109
1781366400,64258.3,64263.4,63893.2,63988.5,64013.2,108.99693743
1781370000,63988.5,64087.9,63915.0,63944.3,64005.3,40.97228759
1781373600,63944.4,64247.8,63944.3,64129.6,64124.7,34.31804286
1781377200,64129.6,64294.0,64120.4,64281.7,64174.9,84.13741292
1781380800,64281.8,64281.8,64206.4,64253.2,64239.1,29.97026742
1781384400,64257.2,64750.0,64200.7,64442.9,64481.5,79.27035847
1781388000,64442.9,64531.8,64360.3,64437.2,64433.0,25.49900791
1781391600,64437.2,64562.6,64366.2,64404.0,64427.2,40.19924199
1781395200,64415.6,64544.7,64367.1,64535.2,64405.4,69.12970427
1781398800,64534.6,64670.1,64500.0,64560.9,64606.9,19.56920432
1781402400,64559.5,64606.8,64452.1,64473.9,64549.1,9.96787083
1781406000,64474.0,64512.8,64442.7,64512.8,64489.1,12.98110822
1781409600,64512.8,64519.1,64320.1,64320.2,64447.9,21.40590589
1781413200,64320.2,64382.3,64280.3,64331.7,64318.1,16.59356425
1781416800,64331.7,64445.1,64234.0,64257.5,64309.8,30.1046267
1781420400,64257.5,64411.8,64205.2,64409.8,64321.3,14.26506383
1781424000,64409.8,64470.1,64365.9,64430.3,64412.6,12.010108
1781427600,64430.4,64570.1,64300.0,64570.0,64443.9,16.1993329
1781431200,64570.1,64620.0,64470.2,64500.1,64557.4,9.16269318
1781434800,64500.1,64600.4,64420.1,64521.5,64559.5,15.83227581
1781438400,64521.5,64528.8,64270.1,64282.9,64412.0,18.395013
1781442000,64283.0,64358.8,64218.6,64272.8,64290.6,39.75505624
1781445600,64272.8,64302.7,63850.7,63941.5,64075.0,96.60158663
1781449200,63942.3,64106.8,63942.2,63982.4,64047.2,44.37112616
1781452800,63983.9,64170.7,63900.0,63915.4,64076.6,53.23907326
1781456400,63915.4,63988.2,63665.0,63702.2,63807.9,46.87983307
1781460000,63702.3,63782.2,63643.3,63777.3,63720.0,42.56951986
1781463600,63777.3,63816.8,63712.0,63750.0,63776.7,62.07976712
1781467200,63750.0,64077.7,63749.9,63975.3,63924.2,31.30646882
1781470800,63975.3,65632.9,63975.3,65273.3,65098.4,413.11427852
1781474400,65273.4,65483.1,64923.7,65380.6,65274.2,192.33927753
1781478000,65380.5,65750.0,65221.9,65715.1,65542.3,159.86959193
1781481600,65715.1,65847.0,65467.8,65580.2,65655.7,96.27831586
1781485200,65580.2,65696.5,65321.7,65461.9,65492.2,38.41075932
1781488800,65461.9,65715.3,65402.0,65420.2,65551.7,35.13640237
1781492400,65420.2,65943.0,65410.2,65890.0,65848.6,126.96136886
1781496000,65890.1,65890.1,65610.6,65610.7,65824.4,103.72399041
1781499600,65610.7,65820.1,65600.0,65820.1,65726.3,28.84197981
1781503200,65820.1,65924.3,65738.6,65778.1,65833.8,42.84746664
1781506800,65778.1,65950.0,65602.1,65622.4,65771.0,64.00003967
1781510400,65622.3,65738.6,65570.8,65625.2,65658.7,89.10577747
1781514000,65623.8,65738.5,65463.6,65550.7,65572.0,13.7004017
1781517600,65550.8,65904.8,65539.4,65870.8,65718.2,91.45664197
1781521200,65874.1,66330.4,65818.9,66197.5,66102.0,212.1708401
1781524800,66197.5,66578.1,66071.5,66535.5,66403.8,149.9726467
1781528400,66535.6,66900.0,66366.4,66412.4,66678.6,362.04340156
1781532000,66405.5,66627.1,66249.6,66551.2,66456.9,138.08156752
1781535600,66551.5,67244.4,66534.9,67243.2,66939.8,209.97456915
1781539200,67243.1,67263.5,67060.1,67145.1,67143.6,137.23771128
1781542800,67145.1,67145.1,66660.5,66816.4,66848.0,115.63653455
1781546400,66821.7,66894.4,66700.0,66738.8,66808.4,60.74491313
1781550000,66738.7,66866.7,66338.6,66555.0,66602.1,76.38199604
1781553600,66562.9,66649.3,66464.2,66477.2,66560.1,151.57233537
1781557200,66490.5,66534.6,66300.1,66331.7,66433.6,115.18216653
1781560800,66331.7,66431.7,66066.1,66165.0,66243.8,83.23436733
1781564400,66165.0,66318.1,66092.7,66284.3,66185.5,28.67338352
1781568000,66284.3,66422.4,66204.2,66215.2,66317.1,98.30596529
1781571600,66213.4,66381.5,66209.2,66305.4,66318.1,49.52638065
1781575200,66305.4,66332.2,65644.4,65702.5,65907.9,92.70937449
1781578800,65702.5,66110.0,65628.5,66109.9,65812.0,60.07409272
1781582400,66110.0,66239.6,65778.5,65818.6,65971.0,36.83282886
1781586000,65818.6,66096.3,65818.5,66034.1,66003.3,45.37136544
1781589600,66034.1,66508.6,66034.0,66410.5,66313.5,78.14710371
1781593200,66410.5,66491.0,66281.8,66336.4,66362.4,66.99723087
1781596800,66336.5,66922.4,66321.4,66844.8,66524.9,67.11440653
1781600400,66844.8,66860.2,66440.3,66470.3,66673.0,37.59950115
1781604000,66470.3,66716.8,66450.0,66473.5,66568.4,30.38120031
1781607600,66473.5,66584.9,66334.5,66434.4,66438.0,25.87030871
1781611200,66434.4,66748.4,66313.8,66379.3,66524.1,57.01942174
1781614800,66379.3,66413.4,65876.5,66108.4,66117.9,74.17085985
