timestamp_utc,event,contract_id,close_time,remaining_seconds,entry_seconds,band_low,band_high,yes_bid,yes_ask,no_bid,no_ask,yes_mid,selected_side,selected_probability,selected_ask,selected_ask_qty,contracts,dry_run,order_status,order_id,fill_price,filled_size,actual_side,actual_label,correct,kalshi_price,kalshi_target,kalshi_target_source,successful_count,unsuccessful_count,skipped_count,valid_orderbook,invalid_orderbook_reasons,reason
2026-06-04T19:42:02.826Z,decision,KXBTC15M-26JUN041545-45,2026-06-04T19:45:00Z,180.786,600,0.6,0.8,0.005,0.007,0.993,0.995,0.006,,0.994,,,2,1,skip,,,,,,,,,,0,0,1,1,,more likely side 0.9940 outside band 0.60-0.80
2026-06-04T19:45:07.469Z,outcome,KXBTC15M-26JUN041545-45,2026-06-04T19:45:00Z,-6.661,600,0.6,0.8,,,,,,,0.994,,,2,1,skip,,,0.0,NO,0,,63730.79,64047.6,observed_source_snapshot,0,0,1,1,,skipped
2026-06-04T19:50:06.095Z,decision,KXBTC15M-26JUN041600-00,2026-06-04T20:00:00Z,597.774,600,0.6,0.8,0.3,0.31,0.69,0.7,0.28500000000000003,NO,0.715,0.72,195.28,2,1,dry_run,,,2.0,,,,,,,0,0,1,1,,would buy 2 NO at best ask 72.0c
2026-06-04T19:52:32.901Z,decision,KXBTC15M-26JUN041600-00,2026-06-04T20:00:00Z,449.429,600,0.6,0.8,0.16,0.17,0.83,0.84,0.165,,0.835,,,2,0,skip,,,,,,,,,,0,0,1,1,,more likely side 0.8350 outside band 0.60-0.80
2026-06-04T20:00:05.635Z,outcome,KXBTC15M-26JUN041600-00,2026-06-04T20:00:00Z,-2.011,600,0.6,0.8,,,,,,,0.835,,,2,0,skip,,,0.0,NO,0,,63621.54,63719.04,observed_source_snapshot,0,0,1,1,,skipped
2026-06-04T20:05:04.822Z,decision,KXBTC15M-26JUN041615-15,2026-06-04T20:15:00Z,598.849,600,0.6,0.8,0.04,0.042,0.958,0.96,0.041,,0.959,,,2,0,skip,,,,,,,,,,0,0,2,1,,more likely side 0.9590 outside band 0.60-0.80
2026-06-04T20:15:06.588Z,outcome,KXBTC15M-26JUN041615-15,2026-06-04T20:15:00Z,-5.770,600,0.6,0.8,,,,,,,0.959,,,2,0,skip,,,0.0,NO,0,,63461.95,63598.59,observed_source_snapshot,0,0,2,1,,skipped
2026-06-04T20:20:05.219Z,decision,KXBTC15M-26JUN041630-30,2026-06-04T20:30:00Z,598.459,600,0.6,0.8,0.19,0.2,0.8,0.81,0.195,,0.8049999999999999,,,2,0,skip,,,,,,,,,,0,0,3,1,,more likely side 0.8050 outside band 0.60-0.80
2026-06-04T20:30:07.460Z,outcome,KXBTC15M-26JUN041630-30,2026-06-04T20:30:00Z,-6.331,600,0.6,0.8,,,,,,,0.8049999999999999,,,2,0,skip,,,0.0,NO,0,,63254.22,63441.31,observed_source_snapshot,0,0,3,1,,skipped
2026-06-04T20:35:07.386Z,decision,KXBTC15M-26JUN041645-45,2026-06-04T20:45:00Z,595.958,600,0.6,0.8,0.948,0.949,0.051,0.052,0.9484999999999999,,0.9484999999999999,,,2,0,skip,,,,,,,,,,0,0,4,1,,more likely side 0.9485 outside band 0.60-0.80
2026-06-04T20:45:07.529Z,outcome,KXBTC15M-26JUN041645-45,2026-06-04T20:45:00Z,-5.054,600,0.6,0.8,,,,,,,0.9484999999999999,,,2,0,skip,,,0.0,YES,1,,63548.49,63188.73,observed_source_snapshot,0,0,4,1,,skipped
2026-06-04T20:50:04.508Z,decision,KXBTC15M-26JUN041700-00,2026-06-04T21:00:00Z,598.123,600,0.6,0.8,0.29,0.3,0.7,0.71,0.305,NO,0.6950000000000001,0.7,941.53,2,0,filled,83b653a1-b8fd-4cb7-8846-ed3d7959294d,0.7,2.0,,,,,,,0,0,4,1,,filled 2 at 70.0c
2026-06-04T21:00:10.247Z,outcome,KXBTC15M-26JUN041700-00,2026-06-04T21:00:00Z,-7.211,600,0.6,0.8,,,,,,NO,0.6950000000000001,0.7,941.53,2,0,filled,83b653a1-b8fd-4cb7-8846-ed3d7959294d,0.7,2.0,YES,1,0,63586.36,63532.07,observed_source_snapshot,0,1,4,1,,unsuccessful
2026-06-04T21:05:06.407Z,decision,KXBTC15M-26JUN041715-15,2026-06-04T21:15:00Z,596.154,600,0.6,0.8,0.83,0.84,0.16,0.17,0.835,,0.835,,,2,0,skip,,,,,,,,,,0,1,5,1,,more likely side 0.8350 outside band 0.60-0.80
2026-06-04T21:15:07.656Z,outcome,KXBTC15M-26JUN041715-15,2026-06-04T21:15:00Z,-6.734,600,0.6,0.8,,,,,,,0.835,,,2,0,skip,,,0.0,YES,1,,63746.88,63578.9,observed_source_snapshot,0,1,5,1,,skipped
2026-06-04T21:20:03.624Z,decision,KXBTC15M-26JUN041730-30,2026-06-04T21:30:00Z,599.970,600,0.6,0.8,0.16,0.17,0.83,0.84,0.165,,0.835,,,2,0,skip,,,,,,,,,,0,1,6,1,,more likely side 0.8350 outside band 0.60-0.80
2026-06-04T21:30:07.823Z,outcome,KXBTC15M-26JUN041730-30,2026-06-04T21:30:00Z,-6.985,600,0.6,0.8,,,,,,,0.835,,,2,0,skip,,,0.0,NO,0,,63501.29,63740.94,observed_source_snapshot,0,1,6,1,,skipped
2026-06-04T21:34:33.607Z,decision,KXBTC15M-26JUN041745-45,2026-06-04T21:45:00Z,629.183,630.0,0.55,0.8,0.28,0.3,0.7,0.72,0.295,NO,0.7050000000000001,0.71,2012.66,2,0,filled,9be92793-8df5-4b63-9b00-10dedfb7672c,0.7,2.0,,,,,,,0,0,0,1,,filled 2 at 70.0c
2026-06-04T21:45:06.707Z,outcome,KXBTC15M-26JUN041745-45,2026-06-04T21:45:00Z,-5.547,630.0,0.55,0.8,,,,,,NO,0.7050000000000001,0.71,2012.66,2,0,filled,9be92793-8df5-4b63-9b00-10dedfb7672c,0.7,2.0,NO,0,1,63344.32,63432.13,observed_source_snapshot,1,0,0,1,,successful
2026-06-04T21:49:34.180Z,decision,KXBTC15M-26JUN041800-00,2026-06-04T22:00:00Z,628.386,630.0,0.55,0.8,0.4,0.41,0.59,0.6,0.425,NO,0.575,0.58,2667.39,2,0,filled,fa87fd04-ee69-4478-8357-491135f678c5,0.58,2.0,,,,,,,1,0,0,1,,filled 2 at 58.0c
2026-06-04T22:00:07.536Z,outcome,KXBTC15M-26JUN041800-00,2026-06-04T22:00:00Z,-6.732,630.0,0.55,0.8,,,,,,NO,0.575,0.58,2667.39,2,0,filled,fa87fd04-ee69-4478-8357-491135f678c5,0.58,2.0,NO,0,1,63208.99,63397.86,observed_source_snapshot,2,0,0,1,,successful
2026-06-04T22:04:35.618Z,decision,KXBTC15M-26JUN041815-15,2026-06-04T22:15:00Z,627.344,630.0,0.55,0.8,0.59,0.6,0.4,0.41,0.605,YES,0.605,0.61,824.84,2,0,filled,1d6da1c9-cd1e-4977-af0c-d892546446a8,0.6,2.0,,,,,,,2,0,0,1,,filled 2 at 60.0c
2026-06-04T22:15:07.455Z,outcome,KXBTC15M-26JUN041815-15,2026-06-04T22:15:00Z,-6.648,630.0,0.55,0.8,,,,,,YES,0.605,0.61,824.84,2,0,filled,1d6da1c9-cd1e-4977-af0c-d892546446a8,0.6,2.0,NO,0,0,63200.64,63232.72,observed_source_snapshot,2,1,0,1,,unsuccessful
2026-06-04T22:19:35.300Z,decision,KXBTC15M-26JUN041830-30,2026-06-04T22:30:00Z,628.150,630.0,0.55,0.8,0.71,0.72,0.28,0.29,0.765,YES,0.765,0.77,135.14,2,0,filled,0502a1e3-b7c5-4219-b251-55894688a1c4,0.77,2.0,,,,,,,2,1,0,1,,filled 2 at 77.0c
2026-06-04T22:30:07.195Z,outcome,KXBTC15M-26JUN041830-30,2026-06-04T22:30:00Z,-6.276,630.0,0.55,0.8,,,,,,YES,0.765,0.77,135.14,2,0,filled,0502a1e3-b7c5-4219-b251-55894688a1c4,0.77,2.0,YES,1,1,63302.54,63220.92,observed_source_snapshot,3,1,0,1,,successful
2026-06-04T22:34:35.712Z,decision,KXBTC15M-26JUN041845-45,2026-06-04T22:45:00Z,627.114,630.0,0.55,0.8,0.31,0.32,0.68,0.69,0.335,NO,0.665,0.67,258.97,2,0,filled,92e8e613-fda5-4f17-938a-cac9664074e3,0.67,2.0,,,,,,,3,1,0,1,,filled 2 at 67.0c
2026-06-04T22:45:07.498Z,outcome,KXBTC15M-26JUN041845-45,2026-06-04T22:45:00Z,-6.579,630.0,0.55,0.8,,,,,,NO,0.665,0.67,258.97,2,0,filled,92e8e613-fda5-4f17-938a-cac9664074e3,0.67,2.0,YES,1,0,63433.82,63298.02,observed_source_snapshot,3,2,0,1,,unsuccessful
2026-06-04T22:49:34.328Z,decision,KXBTC15M-26JUN041900-00,2026-06-04T23:00:00Z,628.312,630.0,0.55,0.8,0.79,0.8,0.2,0.21,0.795,YES,0.795,0.8,430.0,2,0,filled,ea5b71ca-4673-4043-b5e2-10e75fa4db9d,0.8,2.0,,,,,,,3,2,0,1,,filled 2 at 80.0c
2026-06-04T23:00:08.329Z,outcome,KXBTC15M-26JUN041900-00,2026-06-04T23:00:00Z,-7.306,630.0,0.55,0.8,,,,,,YES,0.795,0.8,430.0,2,0,filled,ea5b71ca-4673-4043-b5e2-10e75fa4db9d,0.8,2.0,YES,1,1,63708.46,63439.89,observed_source_snapshot,4,2,0,1,,successful
2026-06-04T23:04:35.877Z,decision,KXBTC15M-26JUN041915-15,2026-06-04T23:15:00Z,626.951,630.0,0.55,0.8,0.7,0.71,0.29,0.3,0.715,YES,0.715,0.72,455.0,2,0,filled,4fd2c838-fb76-444d-bde3-281a39eef578,0.72,2.0,,,,,,,4,2,0,1,,filled 2 at 72.0c
2026-06-04T23:19:34.814Z,decision,KXBTC15M-26JUN041930-30,2026-06-04T23:30:00Z,628.379,630.0,0.55,0.8,0.09,0.091,0.909,0.91,0.0905,,0.9095,,,2,0,skip,,,,,,,,,,4,2,1,1,,more likely side 0.9095 outside band 0.55-0.80
2026-06-04T23:30:07.314Z,outcome,KXBTC15M-26JUN041930-30,2026-06-04T23:30:00Z,-6.489,630.0,0.55,0.8,,,,,,,0.9095,,,2,0,skip,,,0.0,NO,0,,63467.9,63563.94,observed_source_snapshot,4,2,1,1,,skipped
2026-06-04T23:34:36.009Z,decision,KXBTC15M-26JUN041945-45,2026-06-04T23:45:00Z,627.186,630.0,0.55,0.8,0.76,0.77,0.23,0.24,0.775,YES,0.775,0.78,433.48,2,0,filled,db5ce55a-8e0f-427e-9a88-ac4a5ee791c5,0.78,2.0,,,,,,,4,2,1,1,,filled 2 at 78.0c
2026-06-04T23:45:06.927Z,outcome,KXBTC15M-26JUN041945-45,2026-06-04T23:45:00Z,-6.038,630.0,0.55,0.8,,,,,,YES,0.775,0.78,433.48,2,0,filled,db5ce55a-8e0f-427e-9a88-ac4a5ee791c5,0.78,2.0,YES,1,1,63695.03,63437.03,observed_source_snapshot,5,2,1,1,,successful
2026-06-04T23:49:34.487Z,decision,KXBTC15M-26JUN042000-00,2026-06-05T00:00:00Z,628.703,630.0,0.55,0.8,0.4,0.41,0.59,0.6,0.415,NO,0.585,0.59,3945.9,2,0,filled,fd9d487f-33e9-402e-8279-494940f50ed1,0.53,2.0,,,,,,,5,2,1,1,,filled 2 at 53.0c
2026-06-05T00:00:07.079Z,outcome,KXBTC15M-26JUN042000-00,2026-06-05T00:00:00Z,-6.239,630.0,0.55,0.8,,,,,,NO,0.585,0.59,3945.9,2,0,filled,fd9d487f-33e9-402e-8279-494940f50ed1,0.53,2.0,YES,1,0,63792.82,63701.19,observed_source_snapshot,5,3,1,1,,unsuccessful
2026-06-05T00:04:33.208Z,decision,KXBTC15M-26JUN042015-15,2026-06-05T00:15:00Z,629.266,630.0,0.55,0.8,0.15,0.16,0.84,0.85,0.155,,0.845,,,2,0,skip,,,,,,,,,,5,3,2,1,,more likely side 0.8450 outside band 0.55-0.80
2026-06-05T00:15:05.415Z,outcome,KXBTC15M-26JUN042015-15,2026-06-05T00:15:00Z,-4.585,630.0,0.55,0.8,,,,,,,0.845,,,2,0,skip,,,0.0,NO,0,,63639.42,63815.34,observed_source_snapshot,5,3,2,1,,skipped
2026-06-05T00:19:36.007Z,decision,KXBTC15M-26JUN042030-30,2026-06-05T00:30:00Z,626.393,630.0,0.55,0.8,0.65,0.66,0.34,0.35,0.625,YES,0.625,0.63,495.02,2,0,filled,f5df2806-6c3d-485b-b189-34dbc6d85d73,0.63,2.0,,,,,,,5,3,2,1,,filled 2 at 63.0c
2026-06-05T00:30:06.498Z,outcome,KXBTC15M-26JUN042030-30,2026-06-05T00:30:00Z,-5.614,630.0,0.55,0.8,,,,,,YES,0.625,0.63,495.02,2,0,filled,f5df2806-6c3d-485b-b189-34dbc6d85d73,0.63,2.0,YES,1,1,63829.31,63599.08,observed_source_snapshot,6,3,2,1,,successful
2026-06-05T00:34:34.007Z,decision,KXBTC15M-26JUN042045-45,2026-06-05T00:45:00Z,628.619,630.0,0.55,0.8,0.53,0.54,0.46,0.47,0.535,,0.535,,,2,0,skip,,,,,,,,,,6,3,3,1,,more likely side 0.5350 outside band 0.55-0.80
2026-06-05T00:45:07.393Z,outcome,KXBTC15M-26JUN042045-45,2026-06-05T00:45:00Z,-6.572,630.0,0.55,0.8,,,,,,,0.535,,,2,0,skip,,,0.0,NO,0,,63672.64,63799.39,observed_source_snapshot,6,3,3,1,,skipped
2026-06-05T00:49:36.328Z,decision,KXBTC15M-26JUN042100-00,2026-06-05T01:00:00Z,626.785,630.0,0.55,0.8,0.63,0.64,0.36,0.37,0.605,YES,0.605,0.61,4889.85,2,0,filled,441291cd-b41b-493d-b305-fa84ecae4060,0.61,2.0,,,,,,,6,3,3,1,,filled 2 at 61.0c
2026-06-05T01:00:11.691Z,outcome,KXBTC15M-26JUN042100-00,2026-06-05T01:00:00Z,-7.606,630.0,0.55,0.8,,,,,,YES,0.605,0.61,4889.85,2,0,filled,441291cd-b41b-493d-b305-fa84ecae4060,0.61,2.0,NO,0,0,63363.35,63656.79,observed_source_snapshot,6,4,3,1,,unsuccessful
2026-06-05T01:04:34.089Z,decision,KXBTC15M-26JUN042115-15,2026-06-05T01:15:00Z,628.390,630.0,0.55,0.8,0.075,0.077,0.923,0.925,0.076,,0.924,,,2,0,skip,,,,,,,,,,6,4,4,1,,more likely side 0.9240 outside band 0.55-0.80
2026-06-05T01:15:05.784Z,outcome,KXBTC15M-26JUN042115-15,2026-06-05T01:15:00Z,-2.205,630.0,0.55,0.8,,,,,,,0.924,,,2,0,skip,,,0.0,NO,0,,63217.62,63352.53,observed_source_snapshot,6,4,4,1,,skipped
2026-06-05T01:19:36.294Z,decision,KXBTC15M-26JUN042130-30,2026-06-05T01:30:00Z,626.553,630.0,0.55,0.8,0.57,0.58,0.42,0.43,0.595,YES,0.595,0.6,3.0,2,0,filled,5393bab9-9982-493a-a284-f223fab28438,0.6,2.0,,,,,,,6,4,4,1,,filled 2 at 60.0c
2026-06-05T01:30:08.198Z,outcome,KXBTC15M-26JUN042130-30,2026-06-05T01:30:00Z,-7.391,630.0,0.55,0.8,,,,,,YES,0.595,0.6,3.0,2,0,filled,5393bab9-9982-493a-a284-f223fab28438,0.6,2.0,NO,0,0,63240.64,63243.21,observed_source_snapshot,6,5,4,1,,unsuccessful
2026-06-05T01:34:35.847Z,decision,KXBTC15M-26JUN042145-45,2026-06-05T01:45:00Z,626.865,630.0,0.55,0.8,0.66,0.68,0.32,0.34,0.675,YES,0.675,0.68,1106.0,2,0,filled,41dd3555-f884-4921-85c1-05270e01de42,0.68,2.0,,,,,,,6,5,4,1,,filled 2 at 68.0c
2026-06-05T01:45:07.130Z,outcome,KXBTC15M-26JUN042145-45,2026-06-05T01:45:00Z,-6.253,630.0,0.55,0.8,,,,,,YES,0.675,0.68,1106.0,2,0,filled,41dd3555-f884-4921-85c1-05270e01de42,0.68,2.0,YES,1,1,63284.74,63253.92,observed_source_snapshot,7,5,4,1,,successful
2026-06-05T01:49:35.291Z,decision,KXBTC15M-26JUN042200-00,2026-06-05T02:00:00Z,627.427,630.0,0.55,0.8,0.29,0.3,0.7,0.71,0.27,NO,0.73,0.74,1261.62,2,0,filled,82d18633-5120-4618-8c2b-6cd0bef9f766,0.73,2.0,,,,,,,7,5,4,1,,filled 2 at 73.0c
2026-06-05T02:00:05.481Z,outcome,KXBTC15M-26JUN042200-00,2026-06-05T02:00:00Z,-2.005,630.0,0.55,0.8,,,,,,NO,0.73,0.74,1261.62,2,0,filled,82d18633-5120-4618-8c2b-6cd0bef9f766,0.73,2.0,NO,0,1,63312.96,63331.21,observed_source_snapshot,8,5,4,1,,successful
2026-06-05T02:04:35.554Z,decision,KXBTC15M-26JUN042215-15,2026-06-05T02:15:00Z,626.697,630.0,0.55,0.8,0.39,0.41,0.59,0.61,0.365,NO,0.635,0.64,331.76,2,0,filled,acd2cd21-468a-470e-aa13-b441da70705d,0.64,2.0,,,,,,,8,5,4,1,,filled 2 at 64.0c
2026-06-05T02:19:33.892Z,decision,KXBTC15M-26JUN042230-30,2026-06-05T02:30:00Z,629.349,630.0,0.55,0.8,0.26,0.27,0.73,0.74,0.175,NO,0.735,0.83,3389.87,2,0,skip,,,0.0,,,,,,,8,5,5,1,,no fill/valid liquidity after 10 attempts; last=more likely side 0.8250 outside band 0.55-0.80
2026-06-05T02:30:04.842Z,outcome,KXBTC15M-26JUN042230-30,2026-06-05T02:30:00Z,-2.215,630.0,0.55,0.8,,,,,,NO,0.735,0.83,3389.87,2,0,skip,,,0.0,NO,0,,62696.59,63121.74,observed_source_snapshot,8,5,5,1,,skipped
2026-06-05T02:34:34.828Z,decision,KXBTC15M-26JUN042245-45,2026-06-05T02:45:00Z,627.829,630.0,0.55,0.8,0.71,0.72,0.28,0.29,0.74,YES,0.74,0.75,549.5,2,0,filled,b0ec924f-1515-4bfc-9899-0e7573cc59e7,0.75,2.0,,,,,,,8,5,5,1,,filled 2 at 75.0c
2026-06-05T02:45:05.063Z,outcome,KXBTC15M-26JUN042245-45,2026-06-05T02:45:00Z,-2.666,630.0,0.55,0.8,,,,,,YES,0.74,0.75,549.5,2,0,filled,b0ec924f-1515-4bfc-9899-0e7573cc59e7,0.75,2.0,YES,1,1,62685.23,62668.25,observed_source_snapshot,9,5,5,1,,successful
2026-06-05T02:49:35.609Z,decision,KXBTC15M-26JUN042300-00,2026-06-05T03:00:00Z,627.507,630.0,0.55,0.8,0.4,0.41,0.59,0.6,0.405,NO,0.595,0.6,594.0,2,0,filled,768ede66-2e47-4a88-871a-e1a3c2661b3b,0.59,2.0,,,,,,,9,5,5,1,,filled 2 at 59.0c
2026-06-05T03:00:08.913Z,outcome,KXBTC15M-26JUN042300-00,2026-06-05T03:00:00Z,-6.328,630.0,0.55,0.8,,,,,,NO,0.595,0.6,594.0,2,0,filled,768ede66-2e47-4a88-871a-e1a3c2661b3b,0.59,2.0,NO,0,1,62538.6,62707.0,observed_source_snapshot,10,5,5,1,,successful
2026-06-05T03:04:33.370Z,decision,KXBTC15M-26JUN042315-15,2026-06-05T03:15:00Z,629.429,630.0,0.55,0.8,0.39,0.4,0.6,0.61,0.41000000000000003,NO,0.59,0.6,2036.0,2,0,filled,a89bbab4-8b7f-4555-b3ef-025c6020d5e4,0.6,2.0,,,,,,,10,5,5,1,,filled 2 at 60.0c
2026-06-05T03:15:08.168Z,outcome,KXBTC15M-26JUN042315-15,2026-06-05T03:15:00Z,-6.581,630.0,0.55,0.8,,,,,,NO,0.59,0.6,2036.0,2,0,filled,a89bbab4-8b7f-4555-b3ef-025c6020d5e4,0.6,2.0,NO,0,1,62315.96,62547.94,observed_source_snapshot,11,5,5,1,,successful
2026-06-05T03:19:33.851Z,decision,KXBTC15M-26JUN042330-30,2026-06-05T03:30:00Z,628.474,630.0,0.55,0.8,0.943,0.951,0.049,0.057,0.947,,0.947,,,2,0,skip,,,,,,,,,,11,5,6,1,,more likely side 0.9470 outside band 0.55-0.80
2026-06-05T03:30:07.796Z,outcome,KXBTC15M-26JUN042330-30,2026-06-05T03:30:00Z,-6.893,630.0,0.55,0.8,,,,,,,0.947,,,2,0,skip,,,0.0,YES,1,,62466.04,62319.83,observed_source_snapshot,11,5,6,1,,skipped
2026-06-05T03:34:35.543Z,decision,KXBTC15M-26JUN042345-45,2026-06-05T03:45:00Z,626.777,630.0,0.55,0.8,0.86,0.87,0.13,0.14,0.865,,0.865,,,2,0,skip,,,,,,,,,,11,5,7,1,,more likely side 0.8650 outside band 0.55-0.80
2026-06-05T03:45:06.561Z,outcome,KXBTC15M-26JUN042345-45,2026-06-05T03:45:00Z,-5.302,630.0,0.55,0.8,,,,,,,0.865,,,2,0,skip,,,0.0,YES,1,,62545.27,62522.98,observed_source_snapshot,11,5,7,1,,skipped
2026-06-05T03:49:35.929Z,decision,KXBTC15M-26JUN050000-00,2026-06-05T04:00:00Z,626.781,630.0,0.55,0.8,0.8,0.81,0.19,0.2,0.805,,0.805,,,2,0,skip,,,,,,,,,,11,5,8,1,,more likely side 0.8050 outside band 0.55-0.80
2026-06-05T04:00:07.079Z,outcome,KXBTC15M-26JUN050000-00,2026-06-05T04:00:00Z,-6.079,630.0,0.55,0.8,,,,,,,0.805,,,2,0,skip,,,0.0,YES,1,,62650.02,62602.52,observed_source_snapshot,11,5,8,1,,skipped
2026-06-05T04:04:35.066Z,decision,KXBTC15M-26JUN050015-15,2026-06-05T04:15:00Z,627.742,630.0,0.55,0.8,0.22,0.23,0.77,0.78,0.405,NO,0.595,0.6,1274.55,2,0,filled,ce3e8845-bbde-4cad-a991-eec56d650f7d,0.6,2.0,,,,,,,11,5,8,1,,filled 2 at 60.0c
2026-06-05T04:15:06.260Z,outcome,KXBTC15M-26JUN050015-15,2026-06-05T04:15:00Z,-5.311,630.0,0.55,0.8,,,,,,NO,0.595,0.6,1274.55,2,0,filled,ce3e8845-bbde-4cad-a991-eec56d650f7d,0.6,2.0,YES,1,0,62771.85,62650.53,observed_source_snapshot,11,6,8,1,,unsuccessful
2026-06-05T04:19:33.052Z,decision,KXBTC15M-26JUN050030-30,2026-06-05T04:30:00Z,629.001,630.0,0.55,0.8,0.19,0.2,0.8,0.81,0.195,,0.8049999999999999,,,2,0,skip,,,,,,,,,,11,6,9,1,,more likely side 0.8050 outside band 0.55-0.80
2026-06-05T04:30:05.940Z,outcome,KXBTC15M-26JUN050030-30,2026-06-05T04:30:00Z,-2.702,630.0,0.55,0.8,,,,,,,0.8049999999999999,,,2,0,skip,,,0.0,YES,1,,63136.59,62783.4,observed_source_snapshot,11,6,9,1,,skipped
2026-06-05T04:34:35.935Z,decision,KXBTC15M-26JUN050045-45,2026-06-05T04:45:00Z,626.459,630.0,0.55,0.8,0.22,0.23,0.77,0.78,0.215,NO,0.785,0.79,1040.14,2,0,filled,8f3ed47c-de05-4af3-aabb-e926004016a1,0.79,2.0,,,,,,,11,6,9,1,,filled 2 at 79.0c
2026-06-05T04:45:07.739Z,outcome,KXBTC15M-26JUN050045-45,2026-06-05T04:45:00Z,-6.914,630.0,0.55,0.8,,,,,,NO,0.785,0.79,1040.14,2,0,filled,8f3ed47c-de05-4af3-aabb-e926004016a1,0.79,2.0,NO,0,1,62939.6,63140.54,observed_source_snapshot,12,6,9,1,,successful
2026-06-05T04:49:36.022Z,decision,KXBTC15M-26JUN050100-00,2026-06-05T05:00:00Z,626.711,630.0,0.55,0.8,0.21,0.22,0.78,0.79,0.215,NO,0.785,0.79,41.91,2,0,filled,8dd984ab-9f7a-4233-bd98-b27d600a97d4,0.79,2.0,,,,,,,12,6,9,1,,filled 2 at 79.0c
2026-06-05T05:00:07.433Z,outcome,KXBTC15M-26JUN050100-00,2026-06-05T05:00:00Z,-6.539,630.0,0.55,0.8,,,,,,NO,0.785,0.79,41.91,2,0,filled,8dd984ab-9f7a-4233-bd98-b27d600a97d4,0.79,2.0,YES,1,0,63527.12,62950.55,observed_source_snapshot,12,7,9,1,,unsuccessful
2026-06-05T05:04:35.222Z,decision,KXBTC15M-26JUN050115-15,2026-06-05T05:15:00Z,627.253,630.0,0.55,0.8,0.2,0.21,0.79,0.8,0.155,NO,0.7949999999999999,0.85,1344.3,2,0,skip,,,0.0,,,,,,,12,7,10,1,,no fill/valid liquidity after 10 attempts; last=more likely side 0.8450 outside band 0.55-0.80
2026-06-05T05:15:07.782Z,outcome,KXBTC15M-26JUN050115-15,2026-06-05T05:15:00Z,-5.215,630.0,0.55,0.8,,,,,,NO,0.7949999999999999,0.85,1344.3,2,0,skip,,,0.0,NO,0,,63290.18,63544.52,observed_source_snapshot,12,7,10,1,,skipped
2026-06-05T05:19:33.135Z,decision,KXBTC15M-26JUN050130-30,2026-06-05T05:30:00Z,629.830,630.0,0.55,0.8,0.38,0.39,0.61,0.62,0.385,NO,0.615,0.62,75.0,2,0,filled,83c50d5d-50f5-4677-bffa-550d44b0992b,0.61,2.0,,,,,,,12,7,10,1,,filled 2 at 61.0c
2026-06-05T05:30:09.530Z,outcome,KXBTC15M-26JUN050130-30,2026-06-05T05:30:00Z,-6.597,630.0,0.55,0.8,,,,,,NO,0.615,0.62,75.0,2,0,filled,83c50d5d-50f5-4677-bffa-550d44b0992b,0.61,2.0,YES,1,0,63422.22,63312.16,observed_source_snapshot,12,8,10,1,,unsuccessful
2026-06-05T05:34:33.375Z,decision,KXBTC15M-26JUN050145-45,2026-06-05T05:45:00Z,629.027,630.0,0.55,0.8,0.24,0.25,0.75,0.76,0.245,NO,0.755,0.76,1813.74,2,0,filled,ace0f929-a21d-44db-9b84-437e753654ac,0.74,2.0,,,,,,,12,8,10,1,,filled 2 at 74.0c
2026-06-05T05:45:06.025Z,outcome,KXBTC15M-26JUN050145-45,2026-06-05T05:45:00Z,-5.150,630.0,0.55,0.8,,,,,,NO,0.755,0.76,1813.74,2,0,filled,ace0f929-a21d-44db-9b84-437e753654ac,0.74,2.0,NO,0,1,62867.2,63425.95,observed_source_snapshot,13,8,10,1,,successful
2026-06-05T05:49:33.799Z,decision,KXBTC15M-26JUN050200-00,2026-06-05T06:00:00Z,629.181,630.0,0.55,0.8,0.31,0.32,0.68,0.69,0.28500000000000003,NO,0.715,0.72,1362.08,2,0,filled,65235dc6-67e1-4a15-b70e-11b68f0feba1,0.72,2.0,,,,,,,13,8,10,1,,filled 2 at 72.0c
2026-06-05T06:00:09.607Z,outcome,KXBTC15M-26JUN050200-00,2026-06-05T06:00:00Z,-7.387,630.0,0.55,0.8,,,,,,NO,0.715,0.72,1362.08,2,0,filled,65235dc6-67e1-4a15-b70e-11b68f0feba1,0.72,2.0,NO,0,1,62226.75,62847.12,observed_source_snapshot,14,8,10,1,,successful
2026-06-05T06:04:35.690Z,decision,KXBTC15M-26JUN050215-15,2026-06-05T06:15:00Z,627.430,630.0,0.55,0.8,0.3,0.31,0.69,0.7,0.305,NO,0.6950000000000001,0.7,91.91,2,0,filled,93f28746-d0ca-496d-9aa9-47d32ca6ef96,0.7,2.0,,,,,,,14,8,10,1,,filled 2 at 70.0c
2026-06-05T06:15:07.071Z,outcome,KXBTC15M-26JUN050215-15,2026-06-05T06:15:00Z,-5.456,630.0,0.55,0.8,,,,,,NO,0.6950000000000001,0.7,91.91,2,0,filled,93f28746-d0ca-496d-9aa9-47d32ca6ef96,0.7,2.0,NO,0,1,62083.38,62269.21,observed_source_snapshot,15,8,10,1,,successful
2026-06-05T06:19:33.470Z,decision,KXBTC15M-26JUN050230-30,2026-06-05T06:30:00Z,629.025,630.0,0.55,0.8,0.28,0.29,0.71,0.72,0.28500000000000003,NO,0.715,0.72,238.0,2,0,filled,719167c8-b564-4ce5-88a5-adf384356027,0.72,2.0,,,,,,,15,8,10,1,,filled 2 at 72.0c
2026-06-05T06:30:07.030Z,outcome,KXBTC15M-26JUN050230-30,2026-06-05T06:30:00Z,-6.170,630.0,0.55,0.8,,,,,,NO,0.715,0.72,238.0,2,0,filled,719167c8-b564-4ce5-88a5-adf384356027,0.72,2.0,NO,0,1,61617.23,62073.67,observed_source_snapshot,16,8,10,1,,successful
2026-06-05T06:34:36.654Z,decision,KXBTC15M-26JUN050245-45,2026-06-05T06:45:00Z,627.106,630.0,0.55,0.8,0.71,0.73,0.27,0.29,0.705,YES,0.705,0.71,155.0,2,0,filled,8937fe71-9bd8-4e42-9faf-d2e6da3ce20b,0.71,2.0,,,,,,,16,8,10,1,,filled 2 at 71.0c
2026-06-05T06:45:05.473Z,outcome,KXBTC15M-26JUN050245-45,2026-06-05T06:45:00Z,-2.250,630.0,0.55,0.8,,,,,,YES,0.705,0.71,155.0,2,0,filled,8937fe71-9bd8-4e42-9faf-d2e6da3ce20b,0.71,2.0,YES,1,1,61794.33,61596.45,observed_source_snapshot,17,8,10,1,,successful
2026-06-05T06:49:33.936Z,decision,KXBTC15M-26JUN050300-00,2026-06-05T07:00:00Z,629.656,630.0,0.55,0.8,0.26,0.27,0.73,0.74,0.265,NO,0.735,0.74,3215.45,2,0,filled,2e1667c7-33a1-4f81-9b67-19a5ab811715,0.74,2.0,,,,,,,17,8,10,1,,filled 2 at 74.0c
2026-06-05T07:00:10.498Z,outcome,KXBTC15M-26JUN050300-00,2026-06-05T07:00:00Z,-6.597,630.0,0.55,0.8,,,,,,NO,0.735,0.74,3215.45,2,0,filled,2e1667c7-33a1-4f81-9b67-19a5ab811715,0.74,2.0,NO,0,1,61970.71,62047.66,observed_source_snapshot,18,8,10,1,,successful
2026-06-05T07:04:34.488Z,decision,KXBTC15M-26JUN050315-15,2026-06-05T07:15:00Z,628.306,630.0,0.55,0.8,0.19,0.2,0.8,0.81,0.195,,0.8049999999999999,,,2,0,skip,,,,,,,,,,18,8,11,1,,more likely side 0.8050 outside band 0.55-0.80
2026-06-05T07:15:06.407Z,outcome,KXBTC15M-26JUN050315-15,2026-06-05T07:15:00Z,-5.544,630.0,0.55,0.8,,,,,,,0.8049999999999999,,,2,0,skip,,,0.0,NO,0,,61504.15,61868.44,observed_source_snapshot,18,8,11,1,,skipped
2026-06-05T07:19:33.372Z,decision,KXBTC15M-26JUN050330-30,2026-06-05T07:30:00Z,629.112,630.0,0.55,0.8,0.77,0.78,0.22,0.23,0.775,YES,0.775,0.78,369.0,2,0,filled,9ba46cae-5a41-4f10-a0c4-b16ae0116938,0.78,2.0,,,,,,,18,8,11,1,,filled 2 at 78.0c
2026-06-05T07:30:08.133Z,outcome,KXBTC15M-26JUN050330-30,2026-06-05T07:30:00Z,-6.888,630.0,0.55,0.8,,,,,,YES,0.775,0.78,369.0,2,0,filled,9ba46cae-5a41-4f10-a0c4-b16ae0116938,0.78,2.0,YES,1,1,62201.49,61478.53,observed_source_snapshot,19,8,11,1,,successful
2026-06-05T07:34:35.864Z,decision,KXBTC15M-26JUN050345-45,2026-06-05T07:45:00Z,627.104,630.0,0.55,0.8,0.77,0.78,0.22,0.23,0.795,YES,0.795,0.8,1277.66,2,0,filled,4f9737a4-4acd-4f95-bcaa-e80004a7082e,0.79,2.0,,,,,,,19,8,11,1,,filled 2 at 79.0c
2026-06-05T07:45:06.486Z,outcome,KXBTC15M-26JUN050345-45,2026-06-05T07:45:00Z,-4.807,630.0,0.55,0.8,,,,,,YES,0.795,0.8,1277.66,2,0,filled,4f9737a4-4acd-4f95-bcaa-e80004a7082e,0.79,2.0,YES,1,1,62802.7,62177.66,observed_source_snapshot,20,8,11,1,,successful
2026-06-05T07:49:33.126Z,decision,KXBTC15M-26JUN050400-00,2026-06-05T08:00:00Z,629.432,630.0,0.55,0.8,0.65,0.66,0.34,0.35,0.605,YES,0.605,0.61,3458.45,2,0,filled,263132f8-6e94-43de-bafb-20005edfa1c9,0.61,2.0,,,,,,,20,8,11,1,,filled 2 at 61.0c
2026-06-05T08:00:07.831Z,outcome,KXBTC15M-26JUN050400-00,2026-06-05T08:00:00Z,-6.993,630.0,0.55,0.8,,,,,,YES,0.605,0.61,3458.45,2,0,filled,263132f8-6e94-43de-bafb-20005edfa1c9,0.61,2.0,YES,1,1,62892.78,62790.98,observed_source_snapshot,21,8,11,1,,successful
2026-06-05T08:04:34.341Z,decision,KXBTC15M-26JUN050415-15,2026-06-05T08:15:00Z,627.905,630.0,0.55,0.8,0.24,0.25,0.75,0.76,0.245,NO,0.755,0.76,830.03,2,0,filled,e57a049b-654a-4e68-8788-e485bad2d8c9,0.76,2.0,,,,,,,21,8,11,1,,filled 2 at 76.0c
2026-06-05T08:15:06.272Z,outcome,KXBTC15M-26JUN050415-15,2026-06-05T08:15:00Z,-5.380,630.0,0.55,0.8,,,,,,NO,0.755,0.76,830.03,2,0,filled,e57a049b-654a-4e68-8788-e485bad2d8c9,0.76,2.0,NO,0,1,62717.04,63002.09,observed_source_snapshot,22,8,11,1,,successful
2026-06-05T08:19:35.291Z,decision,KXBTC15M-26JUN050430-30,2026-06-05T08:30:00Z,627.104,630.0,0.55,0.8,0.25,0.26,0.74,0.75,0.215,NO,0.785,0.79,1290.0,2,0,filled,b2aec17f-e475-4268-a5c5-8307f70c902c,0.79,2.0,,,,,,,22,8,11,1,,filled 2 at 79.0c
2026-06-05T08:30:05.529Z,outcome,KXBTC15M-26JUN050430-30,2026-06-05T08:30:00Z,-2.395,630.0,0.55,0.8,,,,,,NO,0.785,0.79,1290.0,2,0,filled,b2aec17f-e475-4268-a5c5-8307f70c902c,0.79,2.0,YES,1,0,62750.91,62729.83,observed_source_snapshot,22,9,11,1,,unsuccessful
2026-06-05T08:34:34.821Z,decision,KXBTC15M-26JUN050445-45,2026-06-05T08:45:00Z,628.308,630.0,0.55,0.8,0.23,0.24,0.76,0.77,0.235,NO,0.765,0.77,253.0,2,0,filled,64dd20f9-e4bc-496f-ab23-39bf993ad797,0.77,2.0,,,,,,,22,9,11,1,,filled 2 at 77.0c
2026-06-05T08:45:06.438Z,outcome,KXBTC15M-26JUN050445-45,2026-06-05T08:45:00Z,-5.222,630.0,0.55,0.8,,,,,,NO,0.765,0.77,253.0,2,0,filled,64dd20f9-e4bc-496f-ab23-39bf993ad797,0.77,2.0,NO,0,1,62540.04,62771.83,observed_source_snapshot,23,9,11,1,,successful
2026-06-05T08:49:34.246Z,decision,KXBTC15M-26JUN050500-00,2026-06-05T09:00:00Z,629.185,630.0,0.55,0.8,0.55,0.56,0.44,0.45,0.575,YES,0.575,0.58,298.74,2,0,filled,2b7261fc-8bd9-4455-b66c-26da67e25027,0.58,2.0,,,,,,,23,9,11,1,,filled 2 at 58.0c
2026-06-05T09:00:07.533Z,outcome,KXBTC15M-26JUN050500-00,2026-06-05T09:00:00Z,-6.569,630.0,0.55,0.8,,,,,,YES,0.575,0.58,298.74,2,0,filled,2b7261fc-8bd9-4455-b66c-26da67e25027,0.58,2.0,NO,0,0,62416.83,62527.7,observed_source_snapshot,23,10,11,1,,unsuccessful
2026-06-05T09:04:34.748Z,decision,KXBTC15M-26JUN050515-15,2026-06-05T09:15:00Z,627.988,630.0,0.55,0.8,0.59,0.6,0.4,0.41,0.645,YES,0.645,0.65,1379.01,2,0,filled,cfb2b393-9216-4207-b43d-7471876c53f4,0.65,2.0,,,,,,,23,10,11,1,,filled 2 at 65.0c
2026-06-05T09:15:06.059Z,outcome,KXBTC15M-26JUN050515-15,2026-06-05T09:15:00Z,-5.217,630.0,0.55,0.8,,,,,,YES,0.645,0.65,1379.01,2,0,filled,cfb2b393-9216-4207-b43d-7471876c53f4,0.65,2.0,YES,1,1,62961.16,62408.8,observed_source_snapshot,24,10,11,1,,successful
2026-06-05T09:19:34.580Z,decision,KXBTC15M-26JUN050530-30,2026-06-05T09:30:00Z,627.975,630.0,0.55,0.8,0.59,0.6,0.4,0.41,0.625,YES,0.625,0.63,1108.74,2,0,filled,e4dda691-293e-4cc2-ac3d-8bc8cc1e8557,0.63,2.0,,,,,,,24,10,11,1,,filled 2 at 63.0c
2026-06-05T09:30:08.443Z,outcome,KXBTC15M-26JUN050530-30,2026-06-05T09:30:00Z,-7.547,630.0,0.55,0.8,,,,,,YES,0.625,0.63,1108.74,2,0,filled,e4dda691-293e-4cc2-ac3d-8bc8cc1e8557,0.63,2.0,YES,1,1,63077.67,62958.84,observed_source_snapshot,25,10,11,1,,successful
2026-06-05T09:34:36.409Z,decision,KXBTC15M-26JUN050545-45,2026-06-05T09:45:00Z,626.702,630.0,0.55,0.8,0.21,0.22,0.78,0.79,0.225,NO,0.775,0.78,3.21,2,0,filled,07c3a9b8-f94c-43a5-89de-108e4e644fc0,0.77,2.0,,,,,,,25,10,11,1,,filled 2 at 77.0c
2026-06-05T09:45:09.207Z,outcome,KXBTC15M-26JUN050545-45,2026-06-05T09:45:00Z,-6.738,630.0,0.55,0.8,,,,,,NO,0.775,0.78,3.21,2,0,filled,07c3a9b8-f94c-43a5-89de-108e4e644fc0,0.77,2.0,NO,0,1,62761.35,63070.68,observed_source_snapshot,26,10,11,1,,successful
2026-06-05T09:49:34.811Z,decision,KXBTC15M-26JUN050600-00,2026-06-05T10:00:00Z,628.040,630.0,0.55,0.8,0.64,0.65,0.35,0.36,0.645,YES,0.645,0.65,1271.2,2,0,filled,c3039941-a9b5-4797-8fe0-320d7c400a68,0.65,2.0,,,,,,,26,10,11,1,,filled 2 at 65.0c
2026-06-05T10:00:07.696Z,outcome,KXBTC15M-26JUN050600-00,2026-06-05T10:00:00Z,-6.283,630.0,0.55,0.8,,,,,,YES,0.645,0.65,1271.2,2,0,filled,c3039941-a9b5-4797-8fe0-320d7c400a68,0.65,2.0,YES,1,1,62787.13,62769.34,observed_source_snapshot,27,10,11,1,,successful
2026-06-05T10:04:32.335Z,decision,KXBTC15M-26JUN050615-15,2026-06-05T10:15:00Z,629.994,630.0,0.55,0.8,0.48,0.49,0.51,0.52,0.485,,0.515,,,2,0,skip,,,,,,,,,,27,10,12,1,,more likely side 0.5150 outside band 0.55-0.80
2026-06-05T10:15:06.412Z,outcome,KXBTC15M-26JUN050615-15,2026-06-05T10:15:00Z,-4.726,630.0,0.55,0.8,,,,,,,0.515,,,2,0,skip,,,0.0,NO,0,,62741.85,62806.88,observed_source_snapshot,27,10,12,1,,skipped
2026-06-05T10:19:34.967Z,decision,KXBTC15M-26JUN050630-30,2026-06-05T10:30:00Z,627.819,630.0,0.55,0.8,0.088,0.089,0.911,0.912,0.0885,,0.9115,,,2,0,skip,,,,,,,,,,27,10,13,1,,more likely side 0.9115 outside band 0.55-0.80
2026-06-05T10:30:07.794Z,outcome,KXBTC15M-26JUN050630-30,2026-06-05T10:30:00Z,-6.901,630.0,0.55,0.8,,,,,,,0.9115,,,2,0,skip,,,0.0,NO,0,,62533.51,62712.48,observed_source_snapshot,27,10,13,1,,skipped
2026-06-05T10:34:34.107Z,decision,KXBTC15M-26JUN050645-45,2026-06-05T10:45:00Z,628.303,630.0,0.55,0.8,0.46,0.47,0.53,0.54,0.46499999999999997,,0.535,,,2,0,skip,,,,,,,,,,27,10,14,1,,more likely side 0.5350 outside band 0.55-0.80
2026-06-05T10:45:05.619Z,outcome,KXBTC15M-26JUN050645-45,2026-06-05T10:45:00Z,-4.473,630.0,0.55,0.8,,,,,,,0.535,,,2,0,skip,,,0.0,NO,0,,62521.84,62545.35,observed_source_snapshot,27,10,14,1,,skipped
2026-06-05T10:49:34.103Z,decision,KXBTC15M-26JUN050700-00,2026-06-05T11:00:00Z,628.702,630.0,0.55,0.8,0.33,0.34,0.66,0.67,0.335,NO,0.665,0.67,73.93,2,0,filled,8687215d-725c-4e8f-828e-5bd487dd24af,0.67,2.0,,,,,,,27,10,14,1,,filled 2 at 67.0c
2026-06-05T11:00:07.759Z,outcome,KXBTC15M-26JUN050700-00,2026-06-05T11:00:00Z,-6.772,630.0,0.55,0.8,,,,,,NO,0.665,0.67,73.93,2,0,filled,8687215d-725c-4e8f-828e-5bd487dd24af,0.67,2.0,NO,0,1,62480.9,62580.5,observed_source_snapshot,28,10,14,1,,successful
2026-06-05T11:04:34.021Z,decision,KXBTC15M-26JUN050715-15,2026-06-05T11:15:00Z,628.314,630.0,0.55,0.8,0.12,0.13,0.87,0.88,0.125,,0.875,,,2,0,skip,,,,,,,,,,28,10,15,1,,more likely side 0.8750 outside band 0.55-0.80
2026-06-05T11:15:06.163Z,outcome,KXBTC15M-26JUN050715-15,2026-06-05T11:15:00Z,-5.301,630.0,0.55,0.8,,,,,,,0.875,,,2,0,skip,,,0.0,NO,0,,62290.55,62503.25,observed_source_snapshot,28,10,15,1,,skipped
2026-06-05T11:19:35.695Z,decision,KXBTC15M-26JUN050730-30,2026-06-05T11:30:00Z,626.546,630.0,0.55,0.8,0.83,0.84,0.16,0.17,0.835,,0.835,,,2,0,skip,,,,,,,,,,28,10,16,1,,more likely side 0.8350 outside band 0.55-0.80
2026-06-05T11:30:08.368Z,outcome,KXBTC15M-26JUN050730-30,2026-06-05T11:30:00Z,-7.466,630.0,0.55,0.8,,,,,,,0.835,,,2,0,skip,,,0.0,YES,1,,62433.09,62283.56,observed_source_snapshot,28,10,16,1,,skipped
2026-06-05T11:34:32.666Z,decision,KXBTC15M-26JUN050745-45,2026-06-05T11:45:00Z,629.587,630.0,0.55,0.8,0.25,0.26,0.74,0.75,0.255,NO,0.745,0.75,113.33,2,0,filled,0ff4a2c0-c679-4fd8-985c-e379357f2444,0.75,2.0,,,,,,,28,10,16,1,,filled 2 at 75.0c
2026-06-05T11:45:07.474Z,outcome,KXBTC15M-26JUN050745-45,2026-06-05T11:45:00Z,-6.335,630.0,0.55,0.8,,,,,,NO,0.745,0.75,113.33,2,0,filled,0ff4a2c0-c679-4fd8-985c-e379357f2444,0.75,2.0,NO,0,1,62101.66,62413.25,observed_source_snapshot,29,10,16,1,,successful
2026-06-05T11:49:36.087Z,decision,KXBTC15M-26JUN050800-00,2026-06-05T12:00:00Z,627.742,630.0,0.55,0.8,0.52,0.53,0.47,0.48,0.525,,0.525,,,2,0,skip,,,,,,,,,,29,10,17,1,,more likely side 0.5250 outside band 0.55-0.80
2026-06-05T12:00:07.861Z,outcome,KXBTC15M-26JUN050800-00,2026-06-05T12:00:00Z,-6.891,630.0,0.55,0.8,,,,,,,0.525,,,2,0,skip,,,0.0,NO,0,,61930.15,62103.3,observed_source_snapshot,29,10,17,1,,skipped
2026-06-05T12:04:35.619Z,decision,KXBTC15M-26JUN050815-15,2026-06-05T12:15:00Z,626.630,630.0,0.55,0.8,0.084,0.088,0.912,0.916,0.086,,0.914,,,2,0,skip,,,,,,,,,,29,10,18,1,,more likely side 0.9140 outside band 0.55-0.80
2026-06-05T12:15:06.738Z,outcome,KXBTC15M-26JUN050815-15,2026-06-05T12:15:00Z,-5.213,630.0,0.55,0.8,,,,,,,0.914,,,2,0,skip,,,0.0,YES,1,,62132.4,61946.99,observed_source_snapshot,29,10,18,1,,skipped
2026-06-05T12:19:36.409Z,decision,KXBTC15M-26JUN050830-30,2026-06-05T12:30:00Z,625.984,630.0,0.55,0.8,0.82,0.83,0.17,0.18,0.825,,0.825,,,2,0,skip,,,,,,,,,,29,10,19,1,,more likely side 0.8250 outside band 0.55-0.80
2026-06-05T12:30:07.500Z,outcome,KXBTC15M-26JUN050830-30,2026-06-05T12:30:00Z,-6.659,630.0,0.55,0.8,,,,,,,0.825,,,2,0,skip,,,0.0,YES,1,,62137.07,62109.46,observed_source_snapshot,29,10,19,1,,skipped
2026-06-05T12:34:33.707Z,decision,KXBTC15M-26JUN050845-45,2026-06-05T12:45:00Z,629.336,630.0,0.55,0.8,0.17,0.18,0.82,0.83,0.175,,0.825,,,2,0,skip,,,,,,,,,,29,10,20,1,,more likely side 0.8250 outside band 0.55-0.80
2026-06-05T12:45:07.596Z,outcome,KXBTC15M-26JUN050845-45,2026-06-05T12:45:00Z,-6.729,630.0,0.55,0.8,,,,,,,0.825,,,2,0,skip,,,0.0,NO,0,,61996.99,62157.65,observed_source_snapshot,29,10,20,1,,skipped
2026-06-05T12:49:33.847Z,decision,KXBTC15M-26JUN050900-00,2026-06-05T13:00:00Z,628.909,630.0,0.55,0.8,0.47,0.48,0.52,0.53,0.475,,0.525,,,2,0,skip,,,,,,,,,,29,10,21,1,,more likely side 0.5250 outside band 0.55-0.80
2026-06-05T13:00:06.406Z,outcome,KXBTC15M-26JUN050900-00,2026-06-05T13:00:00Z,-5.575,630.0,0.55,0.8,,,,,,,0.525,,,2,0,skip,,,0.0,NO,0,,61922.49,61955.16,observed_source_snapshot,29,10,21,1,,skipped
2026-06-05T13:04:34.982Z,decision,KXBTC15M-26JUN050915-15,2026-06-05T13:15:00Z,627.107,630.0,0.55,0.8,0.66,0.67,0.33,0.34,0.745,YES,0.745,0.75,5236.81,2,0,filled,66f25cd6-e9c4-45a4-aae6-f9533baf4de4,0.75,2.0,,,,,,,29,10,21,1,,filled 2 at 75.0c
2026-06-05T13:15:06.921Z,outcome,KXBTC15M-26JUN050915-15,2026-06-05T13:15:00Z,-5.938,630.0,0.55,0.8,,,,,,YES,0.745,0.75,5236.81,2,0,filled,66f25cd6-e9c4-45a4-aae6-f9533baf4de4,0.75,2.0,YES,1,1,61998.17,61917.81,observed_source_snapshot,30,10,21,1,,successful
2026-06-05T13:19:34.009Z,decision,KXBTC15M-26JUN050930-30,2026-06-05T13:30:00Z,629.101,630.0,0.55,0.8,0.58,0.59,0.41,0.42,0.615,YES,0.615,0.62,131.53,2,0,filled,ef66799f-78b3-4b5a-8d86-cde86c307970,0.61,2.0,,,,,,,30,10,21,1,,filled 2 at 61.0c
2026-06-05T13:30:06.604Z,outcome,KXBTC15M-26JUN050930-30,2026-06-05T13:30:00Z,-3.169,630.0,0.55,0.8,,,,,,YES,0.615,0.62,131.53,2,0,filled,ef66799f-78b3-4b5a-8d86-cde86c307970,0.61,2.0,YES,1,1,62120.46,61998.7,observed_source_snapshot,31,10,21,1,,successful
2026-06-05T13:34:33.379Z,decision,KXBTC15M-26JUN050945-45,2026-06-05T13:45:00Z,629.588,630.0,0.55,0.8,0.61,0.62,0.38,0.39,0.705,YES,0.705,0.71,897.37,2,0,filled,89ba9023-afa2-4ed9-9bfa-80e0da6c5340,0.71,2.0,,,,,,,31,10,21,1,,filled 2 at 71.0c
2026-06-05T13:45:05.526Z,outcome,KXBTC15M-26JUN050945-45,2026-06-05T13:45:00Z,-2.042,630.0,0.55,0.8,,,,,,YES,0.705,0.71,897.37,2,0,filled,89ba9023-afa2-4ed9-9bfa-80e0da6c5340,0.71,2.0,NO,0,0,61815.52,62109.06,observed_source_snapshot,31,11,21,1,,unsuccessful
2026-06-05T13:49:36.987Z,decision,KXBTC15M-26JUN051000-00,2026-06-05T14:00:00Z,625.730,630.0,0.55,0.8,0.1,0.11,0.89,0.9,0.10500000000000001,,0.895,,,2,0,skip,,,,,,,,,,31,11,22,1,,more likely side 0.8950 outside band 0.55-0.80
2026-06-05T14:04:35.131Z,decision,KXBTC15M-26JUN051015-15,2026-06-05T14:15:00Z,627.980,630.0,0.55,0.8,0.31,0.33,0.67,0.69,0.32,NO,0.6799999999999999,0.69,1884.43,2,0,filled,2030a514-a1ce-4174-8ed2-05d26761bab1,0.69,2.0,,,,,,,31,11,22,1,,filled 2 at 69.0c
2026-06-05T14:15:06.729Z,outcome,KXBTC15M-26JUN051015-15,2026-06-05T14:15:00Z,-4.726,630.0,0.55,0.8,,,,,,NO,0.6799999999999999,0.69,1884.43,2,0,filled,2030a514-a1ce-4174-8ed2-05d26761bab1,0.69,2.0,YES,1,0,60812.89,60715.38,observed_source_snapshot,31,12,22,1,,unsuccessful
2026-06-05T14:19:32.890Z,decision,KXBTC15M-26JUN051030-30,2026-06-05T14:30:00Z,629.579,630.0,0.55,0.8,0.4,0.41,0.59,0.6,0.435,NO,0.565,0.57,316.21,2,0,filled,f5b582e3-19d5-40ae-b600-d703ca874938,0.57,2.0,,,,,,,31,12,22,1,,filled 2 at 57.0c
2026-06-05T14:30:08.003Z,outcome,KXBTC15M-26JUN051030-30,2026-06-05T14:30:00Z,-7.152,630.0,0.55,0.8,,,,,,NO,0.565,0.57,316.21,2,0,filled,f5b582e3-19d5-40ae-b600-d703ca874938,0.57,2.0,NO,0,1,60334.95,60813.42,observed_source_snapshot,32,12,22,1,,successful
2026-06-05T14:34:33.367Z,decision,KXBTC15M-26JUN051045-45,2026-06-05T14:45:00Z,629.512,630.0,0.55,0.8,0.76,0.77,0.23,0.24,0.775,YES,0.775,0.78,1882.94,2,0,filled,0b976a67-a187-494f-ad79-3d090bfd813f,0.78,2.0,,,,,,,32,12,22,1,,filled 2 at 78.0c
2026-06-05T14:45:06.128Z,outcome,KXBTC15M-26JUN051045-45,2026-06-05T14:45:00Z,-5.133,630.0,0.55,0.8,,,,,,YES,0.775,0.78,1882.94,2,0,filled,0b976a67-a187-494f-ad79-3d090bfd813f,0.78,2.0,YES,1,1,60968.11,60352.24,observed_source_snapshot,33,12,22,1,,successful
2026-06-05T14:49:34.567Z,decision,KXBTC15M-26JUN051100-00,2026-06-05T15:00:00Z,629.031,630.0,0.55,0.8,0.57,0.6,0.4,0.43,0.505,YES,0.585,0.51,60.55,2,0,skip,,,0.0,,,,,,,33,12,23,1,,no fill/valid liquidity after 10 attempts; last=more likely side 0.5050 outside band 0.55-0.80
2026-06-05T15:00:07.615Z,outcome,KXBTC15M-26JUN051100-00,2026-06-05T15:00:00Z,-6.764,630.0,0.55,0.8,,,,,,YES,0.585,0.51,60.55,2,0,skip,,,0.0,MISSING,,,60799.27,,missing,33,12,23,1,,skipped
2026-06-05T15:04:33.290Z,decision,KXBTC15M-26JUN051115-15,2026-06-05T15:15:00Z,629.590,630.0,0.55,0.8,0.57,0.58,0.42,0.43,0.59,YES,0.59,0.6,116.0,2,0,filled,8190f1a6-dd5c-4a1e-b2d6-3388de4194e3,0.58,2.0,,,,,,,33,12,23,1,,filled 2 at 58.0c
2026-06-05T15:15:07.766Z,outcome,KXBTC15M-26JUN051115-15,2026-06-05T15:15:00Z,-6.488,630.0,0.55,0.8,,,,,,YES,0.59,0.6,116.0,2,0,filled,8190f1a6-dd5c-4a1e-b2d6-3388de4194e3,0.58,2.0,MISSING,,,60516.49,,missing,33,12,23,1,,skipped
2026-06-05T15:19:35.132Z,decision,KXBTC15M-26JUN051130-30,2026-06-05T15:30:00Z,627.659,630.0,0.55,0.8,0.76,0.78,0.22,0.24,0.77,YES,0.77,0.78,1717.49,2,0,filled,d030402e-d2f6-4732-a1c6-a436e7212878,0.78,2.0,,,,,,,33,12,23,1,,filled 2 at 78.0c
2026-06-05T15:30:07.927Z,outcome,KXBTC15M-26JUN051130-30,2026-06-05T15:30:00Z,-5.614,630.0,0.55,0.8,,,,,,YES,0.77,0.78,1717.49,2,0,filled,d030402e-d2f6-4732-a1c6-a436e7212878,0.78,2.0,YES,1,1,60761.45,60542.6,observed_source_snapshot,34,12,23,1,,successful
2026-06-05T15:34:34.407Z,decision,KXBTC15M-26JUN051145-45,2026-06-05T15:45:00Z,628.305,630.0,0.55,0.8,0.27,0.28,0.72,0.73,0.255,NO,0.745,0.75,106.0,2,0,filled,d2225d48-968b-4cc9-aefa-5570b167906c,0.75,2.0,,,,,,,34,12,23,1,,filled 2 at 75.0c
2026-06-05T15:45:06.804Z,outcome,KXBTC15M-26JUN051145-45,2026-06-05T15:45:00Z,-5.940,630.0,0.55,0.8,,,,,,NO,0.745,0.75,106.0,2,0,filled,d2225d48-968b-4cc9-aefa-5570b167906c,0.75,2.0,NO,0,1,60429.54,60727.34,observed_source_snapshot,35,12,23,1,,successful
2026-06-05T15:49:35.467Z,decision,KXBTC15M-26JUN051200-00,2026-06-05T16:00:00Z,628.308,630.0,0.55,0.8,0.48,0.49,0.51,0.52,0.485,,0.515,,,2,0,skip,,,,,,,,,,35,12,24,1,,more likely side 0.5150 outside band 0.55-0.80
2026-06-05T16:00:07.496Z,outcome,KXBTC15M-26JUN051200-00,2026-06-05T16:00:00Z,-6.652,630.0,0.55,0.8,,,,,,,0.515,,,2,0,skip,,,0.0,YES,1,,60502.71,60336.97,observed_source_snapshot,35,12,24,1,,skipped
2026-06-05T16:04:35.529Z,decision,KXBTC15M-26JUN051215-15,2026-06-05T16:15:00Z,626.714,630.0,0.55,0.8,0.15,0.16,0.84,0.85,0.155,,0.845,,,2,0,skip,,,,,,,,,,35,12,25,1,,more likely side 0.8450 outside band 0.55-0.80
2026-06-05T16:15:06.985Z,outcome,KXBTC15M-26JUN051215-15,2026-06-05T16:15:00Z,-6.176,630.0,0.55,0.8,,,,,,,0.845,,,2,0,skip,,,0.0,YES,1,,61008.78,60438.4,observed_source_snapshot,35,12,25,1,,skipped
2026-06-05T16:19:34.809Z,decision,KXBTC15M-26JUN051230-30,2026-06-05T16:30:00Z,627.592,630.0,0.55,0.8,0.57,0.58,0.42,0.43,0.595,YES,0.595,0.6,1354.0,2,0,filled,0cdef279-e299-4efd-93e8-9440eaea5d3a,0.6,2.0,,,,,,,35,12,25,1,,filled 2 at 60.0c
2026-06-05T16:30:07.197Z,outcome,KXBTC15M-26JUN051230-30,2026-06-05T16:30:00Z,-5.686,630.0,0.55,0.8,,,,,,YES,0.595,0.6,1354.0,2,0,filled,0cdef279-e299-4efd-93e8-9440eaea5d3a,0.6,2.0,YES,1,1,60929.62,60904.78,observed_source_snapshot,36,12,25,1,,successful
2026-06-05T16:34:34.007Z,decision,KXBTC15M-26JUN051245-45,2026-06-05T16:45:00Z,628.784,630.0,0.55,0.8,0.3,0.31,0.69,0.7,0.28500000000000003,NO,0.715,0.72,314.27,2,0,filled,e68de307-6a7e-4b7d-b9e8-b993f74efe6f,0.72,2.0,,,,,,,36,12,25,1,,filled 2 at 72.0c
2026-06-05T16:45:08.099Z,outcome,KXBTC15M-26JUN051245-45,2026-06-05T16:45:00Z,-6.569,630.0,0.55,0.8,,,,,,NO,0.715,0.72,314.27,2,0,filled,e68de307-6a7e-4b7d-b9e8-b993f74efe6f,0.72,2.0,NO,0,1,60842.95,60921.59,observed_source_snapshot,37,12,25,1,,successful
2026-06-05T16:49:33.233Z,decision,KXBTC15M-26JUN051300-00,2026-06-05T17:00:00Z,629.102,630.0,0.55,0.8,0.77,0.78,0.22,0.23,0.755,YES,0.755,0.76,5231.91,2,0,filled,1f493f71-b124-4e0e-b079-83fdcfc31f0d,0.75,2.0,,,,,,,37,12,25,1,,filled 2 at 75.0c
2026-06-05T17:00:07.367Z,outcome,KXBTC15M-26JUN051300-00,2026-06-05T17:00:00Z,-6.483,630.0,0.55,0.8,,,,,,YES,0.755,0.76,5231.91,2,0,filled,1f493f71-b124-4e0e-b079-83fdcfc31f0d,0.75,2.0,YES,1,1,61356.96,60805.83,observed_source_snapshot,38,12,25,1,,successful
2026-06-05T17:04:33.369Z,decision,KXBTC15M-26JUN051315-15,2026-06-05T17:15:00Z,629.735,630.0,0.55,0.8,0.32,0.33,0.67,0.68,0.425,NO,0.575,0.58,2395.12,2,0,filled,529e66d1-6b20-4c86-9aeb-498be0b73e2e,0.53,2.0,,,,,,,38,12,25,1,,filled 2 at 53.0c
2026-06-05T17:15:09.447Z,outcome,KXBTC15M-26JUN051315-15,2026-06-05T17:15:00Z,-6.347,630.0,0.55,0.8,,,,,,NO,0.575,0.58,2395.12,2,0,filled,529e66d1-6b20-4c86-9aeb-498be0b73e2e,0.53,2.0,NO,0,1,61051.53,61389.54,observed_source_snapshot,39,12,25,1,,successful
2026-06-05T17:19:35.852Z,decision,KXBTC15M-26JUN051330-30,2026-06-05T17:30:00Z,627.588,630.0,0.55,0.8,0.16,0.17,0.83,0.84,0.165,,0.835,,,2,0,skip,,,,,,,,,,39,12,26,1,,more likely side 0.8350 outside band 0.55-0.80
2026-06-05T17:30:07.577Z,outcome,KXBTC15M-26JUN051330-30,2026-06-05T17:30:00Z,-6.654,630.0,0.55,0.8,,,,,,,0.835,,,2,0,skip,,,0.0,NO,0,,60754.17,61033.93,observed_source_snapshot,39,12,26,1,,skipped
2026-06-05T17:34:33.701Z,decision,KXBTC15M-26JUN051345-45,2026-06-05T17:45:00Z,629.033,630.0,0.55,0.8,0.82,0.83,0.17,0.18,0.825,,0.825,,,2,0,skip,,,,,,,,,,39,12,27,1,,more likely side 0.8250 outside band 0.55-0.80
2026-06-05T17:45:08.038Z,outcome,KXBTC15M-26JUN051345-45,2026-06-05T17:45:00Z,-7.144,630.0,0.55,0.8,,,,,,,0.825,,,2,0,skip,,,0.0,YES,1,,60932.68,60651.79,observed_source_snapshot,39,12,27,1,,skipped
2026-06-05T17:49:34.508Z,decision,KXBTC15M-26JUN051400-00,2026-06-05T18:00:00Z,627.669,630.0,0.55,0.8,0.22,0.23,0.77,0.78,0.245,NO,0.755,0.76,702.04,2,0,filled,ba1ff2f6-f7e5-43d6-8e04-a5cb26b7fa3b,0.76,2.0,,,,,,,39,12,27,1,,filled 2 at 76.0c
2026-06-05T18:00:06.500Z,outcome,KXBTC15M-26JUN051400-00,2026-06-05T18:00:00Z,-5.663,630.0,0.55,0.8,,,,,,NO,0.755,0.76,702.04,2,0,filled,ba1ff2f6-f7e5-43d6-8e04-a5cb26b7fa3b,0.76,2.0,NO,0,1,60782.27,60816.1,observed_source_snapshot,40,12,27,1,,successful
2026-06-05T18:04:35.931Z,decision,KXBTC15M-26JUN051415-15,2026-06-05T18:15:00Z,626.947,630.0,0.55,0.8,0.38,0.39,0.61,0.62,0.375,NO,0.625,0.63,3186.78,2,0,filled,319dcf8c-fb12-46d2-9bd4-6c2bf6f76603,0.63,2.0,,,,,,,40,12,27,1,,filled 2 at 63.0c
2026-06-05T18:15:07.312Z,outcome,KXBTC15M-26JUN051415-15,2026-06-05T18:15:00Z,-6.416,630.0,0.55,0.8,,,,,,NO,0.625,0.63,3186.78,2,0,filled,319dcf8c-fb12-46d2-9bd4-6c2bf6f76603,0.63,2.0,NO,0,1,60684.06,60750.02,observed_source_snapshot,41,12,27,1,,successful
2026-06-05T18:19:34.407Z,decision,KXBTC15M-26JUN051430-30,2026-06-05T18:30:00Z,628.628,630.0,0.55,0.8,0.13,0.14,0.86,0.87,0.135,,0.865,,,2,0,skip,,,,,,,,,,41,12,28,1,,more likely side 0.8650 outside band 0.55-0.80
2026-06-05T18:30:06.456Z,outcome,KXBTC15M-26JUN051430-30,2026-06-05T18:30:00Z,-5.618,630.0,0.55,0.8,,,,,,,0.865,,,2,0,skip,,,0.0,NO,0,,60180.29,60639.5,observed_source_snapshot,41,12,28,1,,skipped
2026-06-05T18:34:33.473Z,decision,KXBTC15M-26JUN051445-45,2026-06-05T18:45:00Z,629.113,630.0,0.55,0.8,0.57,0.59,0.41,0.43,0.595,YES,0.595,0.6,450.0,2,0,filled,2633dcf4-6b48-4413-accc-baac794d334a,0.58,2.0,,,,,,,41,12,28,1,,filled 2 at 58.0c
2026-06-05T18:45:06.947Z,outcome,KXBTC15M-26JUN051445-45,2026-06-05T18:45:00Z,-6.091,630.0,0.55,0.8,,,,,,YES,0.595,0.6,450.0,2,0,filled,2633dcf4-6b48-4413-accc-baac794d334a,0.58,2.0,NO,0,0,59956.82,60112.3,observed_source_snapshot,41,13,28,1,,unsuccessful
2026-06-05T18:49:32.585Z,decision,KXBTC15M-26JUN051500-00,2026-06-05T19:00:00Z,629.982,630.0,0.55,0.8,0.44,0.45,0.55,0.56,0.445,NO,0.5549999999999999,0.56,48.0,2,0,filled,286f75ca-8bb7-4aee-a2af-0d4d82312dfa,0.56,2.0,,,,,,,41,13,28,1,,filled 2 at 56.0c
2026-06-05T19:00:07.930Z,outcome,KXBTC15M-26JUN051500-00,2026-06-05T19:00:00Z,-7.052,630.0,0.55,0.8,,,,,,NO,0.5549999999999999,0.56,48.0,2,0,filled,286f75ca-8bb7-4aee-a2af-0d4d82312dfa,0.56,2.0,NO,0,1,59379.08,59790.42,observed_source_snapshot,42,13,28,1,,successful
2026-06-05T19:04:33.784Z,decision,KXBTC15M-26JUN051515-15,2026-06-05T19:15:00Z,629.028,630.0,0.55,0.8,0.43,0.45,0.55,0.57,0.515,NO,0.56,0.49,376.0,2,0,skip,,,0.0,,,,,,,42,13,29,1,,no fill/valid liquidity after 10 attempts; last=more likely side 0.5150 outside band 0.55-0.80
2026-06-05T19:15:06.192Z,outcome,KXBTC15M-26JUN051515-15,2026-06-05T19:15:00Z,-5.385,630.0,0.55,0.8,,,,,,NO,0.56,0.49,376.0,2,0,skip,,,0.0,YES,1,,59389.43,59366.86,observed_source_snapshot,42,13,29,1,,skipped
2026-06-05T19:19:32.892Z,decision,KXBTC15M-26JUN051530-30,2026-06-05T19:30:00Z,629.666,630.0,0.55,0.8,0.28,0.3,0.7,0.72,0.255,NO,0.745,0.75,637.15,2,0,filled,0400688a-72f3-4963-a53f-11ecb0988c4a,0.75,2.0,,,,,,,42,13,29,1,,filled 2 at 75.0c
2026-06-05T19:30:06.526Z,outcome,KXBTC15M-26JUN051530-30,2026-06-05T19:30:00Z,-5.701,630.0,0.55,0.8,,,,,,NO,0.745,0.75,637.15,2,0,filled,0400688a-72f3-4963-a53f-11ecb0988c4a,0.75,2.0,YES,1,0,59811.8,59345.73,observed_source_snapshot,42,14,29,1,,unsuccessful
2026-06-05T19:34:33.608Z,decision,KXBTC15M-26JUN051545-45,2026-06-05T19:45:00Z,628.954,630.0,0.55,0.8,0.23,0.25,0.75,0.77,0.235,NO,0.765,0.77,2610.61,2,0,filled,f7e73ca7-2508-46d2-960b-d035e07ef0ec,0.77,2.0,,,,,,,42,14,29,1,,filled 2 at 77.0c
2026-06-05T19:45:04.547Z,outcome,KXBTC15M-26JUN051545-45,2026-06-05T19:45:00Z,-2.455,630.0,0.55,0.8,,,,,,NO,0.765,0.77,2610.61,2,0,filled,f7e73ca7-2508-46d2-960b-d035e07ef0ec,0.77,2.0,NO,0,1,59620.42,59803.02,observed_source_snapshot,43,14,29,1,,successful
2026-06-05T19:49:34.331Z,decision,KXBTC15M-26JUN051600-00,2026-06-05T20:00:00Z,628.363,630.0,0.55,0.8,0.939,0.943,0.057,0.061,0.941,,0.941,,,2,0,skip,,,,,,,,,,43,14,30,1,,more likely side 0.9410 outside band 0.55-0.80
2026-06-05T20:00:07.426Z,outcome,KXBTC15M-26JUN051600-00,2026-06-05T20:00:00Z,-6.501,630.0,0.55,0.8,,,,,,,0.941,,,2,0,skip,,,0.0,YES,1,,60248.49,59665.61,observed_source_snapshot,43,14,30,1,,skipped
2026-06-05T20:04:34.028Z,decision,KXBTC15M-26JUN051615-15,2026-06-05T20:15:00Z,628.790,630.0,0.55,0.8,0.1,0.11,0.89,0.9,0.10500000000000001,,0.895,,,2,0,skip,,,,,,,,,,43,14,31,1,,more likely side 0.8950 outside band 0.55-0.80
2026-06-05T20:15:06.983Z,outcome,KXBTC15M-26JUN051615-15,2026-06-05T20:15:00Z,-5.301,630.0,0.55,0.8,,,,,,,0.895,,,2,0,skip,,,0.0,YES,1,,60717.44,60340.2,observed_source_snapshot,43,14,31,1,,skipped
2026-06-05T20:19:34.491Z,decision,KXBTC15M-26JUN051630-30,2026-06-05T20:30:00Z,628.302,630.0,0.55,0.8,0.61,0.62,0.38,0.39,0.595,YES,0.595,0.6,308.0,2,0,filled,98f3f7d2-9f2c-4ebc-b062-509a8e34204c,0.6,2.0,,,,,,,43,14,31,1,,filled 2 at 60.0c
2026-06-05T20:30:07.689Z,outcome,KXBTC15M-26JUN051630-30,2026-06-05T20:30:00Z,-6.738,630.0,0.55,0.8,,,,,,YES,0.595,0.6,308.0,2,0,filled,98f3f7d2-9f2c-4ebc-b062-509a8e34204c,0.6,2.0,YES,1,1,61009.89,60775.15,observed_source_snapshot,44,14,31,1,,successful
2026-06-05T20:34:35.846Z,decision,KXBTC15M-26JUN051645-45,2026-06-05T20:45:00Z,626.788,630.0,0.55,0.8,0.5,0.52,0.48,0.5,0.51,,0.51,,,2,0,skip,,,,,,,,,,44,14,32,1,,more likely side 0.5100 outside band 0.55-0.80
2026-06-05T20:45:07.345Z,outcome,KXBTC15M-26JUN051645-45,2026-06-05T20:45:00Z,-6.503,630.0,0.55,0.8,,,,,,,0.51,,,2,0,skip,,,0.0,YES,1,,61256.69,60941.59,observed_source_snapshot,44,14,32,1,,skipped
2026-06-05T20:49:35.547Z,decision,KXBTC15M-26JUN051700-00,2026-06-05T21:00:00Z,626.951,630.0,0.55,0.8,0.69,0.7,0.3,0.31,0.705,YES,0.705,0.71,200.0,2,0,filled,88ab013f-08d8-4e78-95f5-133a8228f542,0.71,2.0,,,,,,,44,14,32,1,,filled 2 at 71.0c
2026-06-05T21:00:09.047Z,outcome,KXBTC15M-26JUN051700-00,2026-06-05T21:00:00Z,-7.165,630.0,0.55,0.8,,,,,,YES,0.705,0.71,200.0,2,0,filled,88ab013f-08d8-4e78-95f5-133a8228f542,0.71,2.0,YES,1,1,61619.16,61261.31,observed_source_snapshot,45,14,32,1,,successful
2026-06-05T21:04:36.024Z,decision,KXBTC15M-26JUN051715-15,2026-06-05T21:15:00Z,626.707,630.0,0.55,0.8,0.85,0.86,0.14,0.15,0.855,,0.855,,,2,0,skip,,,,,,,,,,45,14,33,1,,more likely side 0.8550 outside band 0.55-0.80
2026-06-05T21:15:07.030Z,outcome,KXBTC15M-26JUN051715-15,2026-06-05T21:15:00Z,-5.716,630.0,0.55,0.8,,,,,,,0.855,,,2,0,skip,,,0.0,YES,1,,61775.6,61638.06,observed_source_snapshot,45,14,33,1,,skipped
2026-06-05T21:19:32.668Z,decision,KXBTC15M-26JUN051730-30,2026-06-05T21:30:00Z,629.750,630.0,0.55,0.8,0.35,0.36,0.64,0.65,0.325,NO,0.675,0.68,61.66,2,0,filled,f4c8b113-2ee5-478c-b54c-b2f2985049cf,0.68,2.0,,,,,,,45,14,33,1,,filled 2 at 68.0c
2026-06-05T21:30:06.700Z,outcome,KXBTC15M-26JUN051730-30,2026-06-05T21:30:00Z,-5.737,630.0,0.55,0.8,,,,,,NO,0.675,0.68,61.66,2,0,filled,f4c8b113-2ee5-478c-b54c-b2f2985049cf,0.68,2.0,NO,0,1,61544.9,61808.19,observed_source_snapshot,46,14,33,1,,successful
2026-06-05T21:34:33.463Z,decision,KXBTC15M-26JUN051745-45,2026-06-05T21:45:00Z,628.630,630.0,0.55,0.8,0.3,0.31,0.69,0.7,0.305,NO,0.6950000000000001,0.7,1693.47,2,0,filled,db8b11ee-e42f-475b-929e-057399872aba,0.7,2.0,,,,,,,46,14,33,1,,filled 2 at 70.0c
2026-06-05T21:45:04.994Z,outcome,KXBTC15M-26JUN051745-45,2026-06-05T21:45:00Z,-2.426,630.0,0.55,0.8,,,,,,NO,0.6950000000000001,0.7,1693.47,2,0,filled,db8b11ee-e42f-475b-929e-057399872aba,0.7,2.0,YES,1,0,61909.88,61570.77,observed_source_snapshot,46,15,33,1,,unsuccessful
2026-06-05T21:49:34.506Z,decision,KXBTC15M-26JUN051800-00,2026-06-05T22:00:00Z,627.984,630.0,0.55,0.8,0.32,0.33,0.67,0.68,0.33,NO,0.6699999999999999,0.68,1151.43,2,0,filled,889c5542-3b1b-4397-960c-cc273a93f879,0.68,2.0,,,,,,,46,15,33,1,,filled 2 at 68.0c
2026-06-05T22:04:33.529Z,decision,KXBTC15M-26JUN051815-15,2026-06-05T22:15:00Z,629.902,630.0,0.55,0.8,0.11,0.12,0.88,0.89,0.11499999999999999,,0.885,,,2,0,skip,,,,,,,,,,46,15,34,1,,more likely side 0.8850 outside band 0.55-0.80
2026-06-05T22:15:07.445Z,outcome,KXBTC15M-26JUN051815-15,2026-06-05T22:15:00Z,-6.257,630.0,0.55,0.8,,,,,,,0.885,,,2,0,skip,,,0.0,NO,0,,61369.46,61658.1,observed_source_snapshot,46,15,34,1,,skipped
2026-06-05T22:19:34.979Z,decision,KXBTC15M-26JUN051830-30,2026-06-05T22:30:00Z,627.655,630.0,0.55,0.8,0.7,0.71,0.29,0.3,0.74,YES,0.74,0.75,300.0,2,0,filled,54f62188-538d-4c1b-b873-14fbc78f5414,0.75,2.0,,,,,,,46,15,34,1,,filled 2 at 75.0c
2026-06-05T22:30:07.690Z,outcome,KXBTC15M-26JUN051830-30,2026-06-05T22:30:00Z,-6.894,630.0,0.55,0.8,,,,,,YES,0.74,0.75,300.0,2,0,filled,54f62188-538d-4c1b-b873-14fbc78f5414,0.75,2.0,YES,1,1,61479.53,61354.66,observed_source_snapshot,47,15,34,1,,successful
2026-06-05T22:34:34.972Z,decision,KXBTC15M-26JUN051845-45,2026-06-05T22:45:00Z,628.141,630.0,0.55,0.8,0.8,0.82,0.18,0.2,0.81,,0.81,,,2,0,skip,,,,,,,,,,47,15,35,1,,more likely side 0.8100 outside band 0.55-0.80
2026-06-05T22:45:06.953Z,outcome,KXBTC15M-26JUN051845-45,2026-06-05T22:45:00Z,-6.008,630.0,0.55,0.8,,,,,,,0.81,,,2,0,skip,,,0.0,YES,1,,61766.1,61474.35,observed_source_snapshot,47,15,35,1,,skipped
2026-06-05T22:49:34.648Z,decision,KXBTC15M-26JUN051900-00,2026-06-05T23:00:00Z,628.218,630.0,0.55,0.8,0.58,0.59,0.41,0.42,0.61,YES,0.61,0.62,1692.0,2,0,filled,d9f8693a-49d3-452f-b294-28dd2c8e81fa,0.62,2.0,,,,,,,47,15,35,1,,filled 2 at 62.0c
2026-06-05T23:00:07.577Z,outcome,KXBTC15M-26JUN051900-00,2026-06-05T23:00:00Z,-5.005,630.0,0.55,0.8,,,,,,YES,0.61,0.62,1692.0,2,0,filled,d9f8693a-49d3-452f-b294-28dd2c8e81fa,0.62,2.0,NO,0,0,61739.08,61762.61,observed_source_snapshot,47,16,35,1,,unsuccessful
2026-06-05T23:04:34.810Z,decision,KXBTC15M-26JUN051915-15,2026-06-05T23:15:00Z,627.834,630.0,0.55,0.8,0.42,0.43,0.57,0.58,0.5,NO,0.575,0.51,3267.0,2,0,skip,,,0.0,,,,,,,47,16,36,1,,no fill/valid liquidity after 10 attempts; last=more likely side 0.5000 outside band 0.55-0.80
2026-06-05T23:15:06.331Z,outcome,KXBTC15M-26JUN051915-15,2026-06-05T23:15:00Z,-5.459,630.0,0.55,0.8,,,,,,NO,0.575,0.51,3267.0,2,0,skip,,,0.0,NO,0,,61350.26,61584.39,observed_source_snapshot,47,16,36,1,,skipped
2026-06-05T23:19:32.971Z,decision,KXBTC15M-26JUN051930-30,2026-06-05T23:30:00Z,629.671,630.0,0.55,0.8,0.11,0.12,0.88,0.89,0.11499999999999999,,0.885,,,2,0,skip,,,,,,,,,,47,16,37,1,,more likely side 0.8850 outside band 0.55-0.80
2026-06-05T23:30:07.328Z,outcome,KXBTC15M-26JUN051930-30,2026-06-05T23:30:00Z,-6.490,630.0,0.55,0.8,,,,,,,0.885,,,2,0,skip,,,0.0,NO,0,,60976.62,61377.54,observed_source_snapshot,47,16,37,1,,skipped
2026-06-05T23:34:34.341Z,decision,KXBTC15M-26JUN051945-45,2026-06-05T23:45:00Z,628.942,630.0,0.55,0.8,0.05,0.051000000000000004,0.949,0.95,0.0505,,0.9495,,,2,0,skip,,,,,,,,,,47,16,38,1,,more likely side 0.9495 outside band 0.55-0.80
2026-06-05T23:45:06.969Z,outcome,KXBTC15M-26JUN051945-45,2026-06-05T23:45:00Z,-4.886,630.0,0.55,0.8,,,,,,,0.9495,,,2,0,skip,,,0.0,NO,0,,60721.8,60977.66,observed_source_snapshot,47,16,38,1,,skipped
2026-06-05T23:49:34.569Z,decision,KXBTC15M-26JUN052000-00,2026-06-06T00:00:00Z,629.343,630.0,0.55,0.8,0.51,0.52,0.48,0.49,0.515,,0.515,,,2,0,skip,,,,,,,,,,47,16,39,1,,more likely side 0.5150 outside band 0.55-0.80
2026-06-06T00:00:08.992Z,outcome,KXBTC15M-26JUN052000-00,2026-06-06T00:00:00Z,-8.131,630.0,0.55,0.8,,,,,,,0.515,,,2,0,skip,,,0.0,YES,1,,60934.91,60775.28,observed_source_snapshot,47,16,39,1,,skipped
2026-06-06T00:04:33.047Z,decision,KXBTC15M-26JUN052015-15,2026-06-06T00:15:00Z,629.414,630.0,0.55,0.8,0.943,0.946,0.054,0.057,0.9444999999999999,,0.9444999999999999,,,2,0,skip,,,,,,,,,,47,16,40,1,,more likely side 0.9445 outside band 0.55-0.80
2026-06-06T00:15:05.674Z,outcome,KXBTC15M-26JUN052015-15,2026-06-06T00:15:00Z,-4.486,630.0,0.55,0.8,,,,,,,0.9444999999999999,,,2,0,skip,,,0.0,YES,1,,61413.36,60967.28,observed_source_snapshot,47,16,40,1,,skipped
2026-06-06T00:19:34.335Z,decision,KXBTC15M-26JUN052030-30,2026-06-06T00:30:00Z,629.106,630.0,0.55,0.8,0.27,0.28,0.72,0.73,0.25,NO,0.75,0.76,1053.74,2,0,filled,846e4a04-d415-4e11-a1e5-a3028c73bfe2,0.76,2.0,,,,,,,47,16,40,1,,filled 2 at 76.0c
2026-06-06T00:30:07.407Z,outcome,KXBTC15M-26JUN052030-30,2026-06-06T00:30:00Z,-6.510,630.0,0.55,0.8,,,,,,NO,0.75,0.76,1053.74,2,0,filled,846e4a04-d415-4e11-a1e5-a3028c73bfe2,0.76,2.0,NO,0,1,61293.51,61405.05,observed_source_snapshot,48,16,40,1,,successful
2026-06-06T00:34:36.250Z,decision,KXBTC15M-26JUN052045-45,2026-06-06T00:45:00Z,626.793,630.0,0.55,0.8,0.56,0.57,0.43,0.44,0.59,YES,0.59,0.6,609.0,2,0,filled,7e324f81-680c-416a-b77f-f2f467bacabc,0.6,2.0,,,,,,,48,16,40,1,,filled 2 at 60.0c
2026-06-06T00:45:05.965Z,outcome,KXBTC15M-26JUN052045-45,2026-06-06T00:45:00Z,-5.072,630.0,0.55,0.8,,,,,,YES,0.59,0.6,609.0,2,0,filled,7e324f81-680c-416a-b77f-f2f467bacabc,0.6,2.0,NO,0,0,61220.55,61295.83,observed_source_snapshot,48,17,40,1,,unsuccessful
2026-06-06T00:49:33.944Z,decision,KXBTC15M-26JUN052100-00,2026-06-06T01:00:00Z,628.793,630.0,0.55,0.8,0.63,0.64,0.36,0.37,0.625,YES,0.625,0.63,4986.34,2,0,filled,eed57af7-84ab-4625-8291-5a85cfc0e670,0.55,2.0,,,,,,,48,17,40,1,,filled 2 at 55.0c
2026-06-06T01:00:07.189Z,outcome,KXBTC15M-26JUN052100-00,2026-06-06T01:00:00Z,-6.176,630.0,0.55,0.8,,,,,,YES,0.625,0.63,4986.34,2,0,filled,eed57af7-84ab-4625-8291-5a85cfc0e670,0.55,2.0,YES,1,1,61269.72,61217.03,observed_source_snapshot,49,17,40,1,,successful
2026-06-06T01:04:34.901Z,decision,KXBTC15M-26JUN052115-15,2026-06-06T01:15:00Z,627.834,630.0,0.55,0.8,0.72,0.73,0.27,0.28,0.725,YES,0.725,0.73,132.0,2,0,filled,5add4f73-b9a6-4d9e-aca4-4dd9bbb10faa,0.73,2.0,,,,,,,49,17,40,1,,filled 2 at 73.0c
2026-06-06T01:15:07.707Z,outcome,KXBTC15M-26JUN052115-15,2026-06-06T01:15:00Z,-6.889,630.0,0.55,0.8,,,,,,YES,0.725,0.73,132.0,2,0,filled,5add4f73-b9a6-4d9e-aca4-4dd9bbb10faa,0.73,2.0,NO,0,0,61143.98,61266.3,observed_source_snapshot,49,18,40,1,,unsuccessful
2026-06-06T01:19:34.251Z,decision,KXBTC15M-26JUN052130-30,2026-06-06T01:30:00Z,628.140,630.0,0.55,0.8,0.58,0.59,0.41,0.42,0.385,YES,0.585,0.39,1158.45,2,0,skip,,,0.0,,,,,,,49,18,41,1,,no fill/valid liquidity after 10 attempts; last=current side changed to NO
2026-06-06T01:30:05.949Z,outcome,KXBTC15M-26JUN052130-30,2026-06-06T01:30:00Z,-2.428,630.0,0.55,0.8,,,,,,YES,0.585,0.39,1158.45,2,0,skip,,,0.0,YES,1,,61267.61,61120.91,observed_source_snapshot,49,18,41,1,,skipped
2026-06-06T01:34:33.134Z,decision,KXBTC15M-26JUN052145-45,2026-06-06T01:45:00Z,629.028,630.0,0.55,0.8,0.47,0.48,0.52,0.53,0.475,,0.525,,,2,0,skip,,,,,,,,,,49,18,42,1,,more likely side 0.5250 outside band 0.55-0.80
2026-06-06T01:45:06.984Z,outcome,KXBTC15M-26JUN052145-45,2026-06-06T01:45:00Z,-4.649,630.0,0.55,0.8,,,,,,,0.525,,,2,0,skip,,,0.0,NO,0,,61029.39,61262.04,observed_source_snapshot,49,18,42,1,,skipped
2026-06-06T01:49:34.427Z,decision,KXBTC15M-26JUN052200-00,2026-06-06T02:00:00Z,627.832,630.0,0.55,0.8,0.54,0.55,0.45,0.46,0.545,,0.545,,,2,0,skip,,,,,,,,,,49,18,43,1,,more likely side 0.5450 outside band 0.55-0.80
2026-06-06T02:00:07.939Z,outcome,KXBTC15M-26JUN052200-00,2026-06-06T02:00:00Z,-7.070,630.0,0.55,0.8,,,,,,,0.545,,,2,0,skip,,,0.0,YES,1,,61056.52,61038.88,observed_source_snapshot,49,18,43,1,,skipped
2026-06-06T02:04:36.089Z,decision,KXBTC15M-26JUN052215-15,2026-06-06T02:15:00Z,626.711,630.0,0.55,0.8,0.21,0.22,0.78,0.79,0.20500000000000002,NO,0.7949999999999999,0.8,1224.3,2,0,filled,af855c18-ca1a-4b25-a664-4ac37ee02a33,0.8,2.0,,,,,,,49,18,43,1,,filled 2 at 80.0c
2026-06-06T02:15:07.220Z,outcome,KXBTC15M-26JUN052215-15,2026-06-06T02:15:00Z,-5.606,630.0,0.55,0.8,,,,,,NO,0.7949999999999999,0.8,1224.3,2,0,filled,af855c18-ca1a-4b25-a664-4ac37ee02a33,0.8,2.0,NO,0,1,60882.8,61074.46,observed_source_snapshot,50,18,43,1,,successful
2026-06-06T02:19:33.127Z,decision,KXBTC15M-26JUN052230-30,2026-06-06T02:30:00Z,629.827,630.0,0.55,0.8,0.12,0.13,0.87,0.88,0.125,,0.875,,,2,0,skip,,,,,,,,,,50,18,44,1,,more likely side 0.8750 outside band 0.55-0.80
2026-06-06T02:30:07.288Z,outcome,KXBTC15M-26JUN052230-30,2026-06-06T02:30:00Z,-6.499,630.0,0.55,0.8,,,,,,,0.875,,,2,0,skip,,,0.0,NO,0,,60839.83,60876.98,observed_source_snapshot,50,18,44,1,,skipped
2026-06-06T02:34:34.741Z,decision,KXBTC15M-26JUN052245-45,2026-06-06T02:45:00Z,628.302,630.0,0.55,0.8,0.77,0.78,0.22,0.23,0.78,YES,0.78,0.79,271.46,2,0,filled,3ebf5d75-d97f-48f7-9a7d-fabb81293701,0.79,2.0,,,,,,,50,18,44,1,,filled 2 at 79.0c
2026-06-06T02:45:05.770Z,outcome,KXBTC15M-26JUN052245-45,2026-06-06T02:45:00Z,-4.665,630.0,0.55,0.8,,,,,,YES,0.78,0.79,271.46,2,0,filled,3ebf5d75-d97f-48f7-9a7d-fabb81293701,0.79,2.0,YES,1,1,60943.98,60828.36,observed_source_snapshot,51,18,44,1,,successful
2026-06-06T02:49:35.530Z,decision,KXBTC15M-26JUN052300-00,2026-06-06T03:00:00Z,626.866,630.0,0.55,0.8,0.86,0.87,0.13,0.14,0.865,,0.865,,,2,0,skip,,,,,,,,,,51,18,45,1,,more likely side 0.8650 outside band 0.55-0.80
2026-06-06T03:00:07.424Z,outcome,KXBTC15M-26JUN052300-00,2026-06-06T03:00:00Z,-6.518,630.0,0.55,0.8,,,,,,,0.865,,,2,0,skip,,,0.0,YES,1,,60953.36,60932.69,observed_source_snapshot,51,18,45,1,,skipped
2026-06-06T03:04:35.712Z,decision,KXBTC15M-26JUN052315-15,2026-06-06T03:15:00Z,626.948,630.0,0.55,0.8,0.14,0.16,0.84,0.86,0.15000000000000002,,0.85,,,2,0,skip,,,,,,,,,,51,18,46,1,,more likely side 0.8500 outside band 0.55-0.80
2026-06-06T03:15:07.835Z,outcome,KXBTC15M-26JUN052315-15,2026-06-06T03:15:00Z,-7.000,630.0,0.55,0.8,,,,,,,0.85,,,2,0,skip,,,0.0,NO,0,,60829.78,60954.07,observed_source_snapshot,51,18,46,1,,skipped
2026-06-06T03:19:33.611Z,decision,KXBTC15M-26JUN052330-30,2026-06-06T03:30:00Z,628.550,630.0,0.55,0.8,0.5,0.51,0.49,0.5,0.505,,0.505,,,2,0,skip,,,,,,,,,,51,18,47,1,,more likely side 0.5050 outside band 0.55-0.80
2026-06-06T03:34:33.383Z,decision,KXBTC15M-26JUN052345-45,2026-06-06T03:45:00Z,629.907,630.0,0.55,0.8,0.068,0.069,0.931,0.932,0.0685,,0.9315,,,2,0,skip,,,,,,,,,,51,18,48,1,,more likely side 0.9315 outside band 0.55-0.80
2026-06-06T03:45:10.497Z,outcome,KXBTC15M-26JUN052345-45,2026-06-06T03:45:00Z,-7.046,630.0,0.55,0.8,,,,,,,0.9315,,,2,0,skip,,,0.0,NO,0,,60615.68,60770.85,observed_source_snapshot,51,18,48,1,,skipped
2026-06-06T03:49:32.568Z,decision,KXBTC15M-26JUN060000-00,2026-06-06T04:00:00Z,629.667,630.0,0.55,0.8,0.49,0.5,0.5,0.51,0.495,,0.505,,,2,0,skip,,,,,,,,,,51,18,49,1,,more likely side 0.5050 outside band 0.55-0.80
2026-06-06T04:00:07.471Z,outcome,KXBTC15M-26JUN060000-00,2026-06-06T04:00:00Z,-6.666,630.0,0.55,0.8,,,,,,,0.505,,,2,0,skip,,,0.0,YES,1,,60667.71,60636.91,observed_source_snapshot,51,18,49,1,,skipped
2026-06-06T04:04:32.656Z,decision,KXBTC15M-26JUN060015-15,2026-06-06T04:15:00Z,629.508,630.0,0.55,0.8,0.49,0.5,0.5,0.51,0.495,,0.505,,,2,0,skip,,,,,,,,,,51,18,50,1,,more likely side 0.5050 outside band 0.55-0.80
2026-06-06T04:15:07.774Z,outcome,KXBTC15M-26JUN060015-15,2026-06-06T04:15:00Z,-6.408,630.0,0.55,0.8,,,,,,,0.505,,,2,0,skip,,,0.0,NO,0,,60159.19,60670.3,observed_source_snapshot,51,18,50,1,,skipped
2026-06-06T04:19:35.051Z,decision,KXBTC15M-26JUN060030-30,2026-06-06T04:30:00Z,627.750,630.0,0.55,0.8,0.44,0.45,0.55,0.56,0.385,NO,0.615,0.62,1731.01,2,0,filled,4428a158-3d9f-4e61-aeae-de07dea37da7,0.6,2.0,,,,,,,51,18,50,1,,filled 2 at 60.0c
2026-06-06T04:30:07.692Z,outcome,KXBTC15M-26JUN060030-30,2026-06-06T04:30:00Z,-6.889,630.0,0.55,0.8,,,,,,NO,0.615,0.62,1731.01,2,0,filled,4428a158-3d9f-4e61-aeae-de07dea37da7,0.6,2.0,NO,0,1,59951.18,60123.6,observed_source_snapshot,52,18,50,1,,successful
2026-06-06T04:34:34.887Z,decision,KXBTC15M-26JUN060045-45,2026-06-06T04:45:00Z,627.509,630.0,0.55,0.8,0.07,0.07100000000000001,0.929,0.93,0.07050000000000001,,0.9295,,,2,0,skip,,,,,,,,,,52,18,51,1,,more likely side 0.9295 outside band 0.55-0.80
2026-06-06T04:45:06.928Z,outcome,KXBTC15M-26JUN060045-45,2026-06-06T04:45:00Z,-5.863,630.0,0.55,0.8,,,,,,,0.9295,,,2,0,skip,,,0.0,NO,0,,59802.88,59947.98,observed_source_snapshot,52,18,51,1,,skipped
2026-06-06T04:49:36.493Z,decision,KXBTC15M-26JUN060100-00,2026-06-06T05:00:00Z,626.154,630.0,0.55,0.8,0.6,0.62,0.38,0.4,0.615,YES,0.615,0.62,179.61,2,0,filled,5bd6b472-2572-40c2-ac19-c296ecb37c71,0.62,2.0,,,,,,,52,18,51,1,,filled 2 at 62.0c
2026-06-06T05:00:08.567Z,outcome,KXBTC15M-26JUN060100-00,2026-06-06T05:00:00Z,-7.223,630.0,0.55,0.8,,,,,,YES,0.615,0.62,179.61,2,0,filled,5bd6b472-2572-40c2-ac19-c296ecb37c71,0.62,2.0,YES,1,1,60038.02,59802.48,observed_source_snapshot,53,18,51,1,,successful
2026-06-06T05:04:35.131Z,decision,KXBTC15M-26JUN060115-15,2026-06-06T05:15:00Z,628.070,630.0,0.55,0.8,0.14,0.15,0.85,0.86,0.14500000000000002,,0.855,,,2,0,skip,,,,,,,,,,53,18,52,1,,more likely side 0.8550 outside band 0.55-0.80
2026-06-06T05:15:08.496Z,outcome,KXBTC15M-26JUN060115-15,2026-06-06T05:15:00Z,-6.568,630.0,0.55,0.8,,,,,,,0.855,,,2,0,skip,,,0.0,NO,0,,59923.5,60080.82,observed_source_snapshot,53,18,52,1,,skipped
2026-06-06T05:19:34.969Z,decision,KXBTC15M-26JUN060130-30,2026-06-06T05:30:00Z,627.988,630.0,0.55,0.8,0.74,0.75,0.25,0.26,0.755,YES,0.755,0.76,120.0,2,0,filled,5db37bbd-0567-4829-8cab-15c4661fc278,0.76,2.0,,,,,,,53,18,52,1,,filled 2 at 76.0c
2026-06-06T05:30:07.324Z,outcome,KXBTC15M-26JUN060130-30,2026-06-06T05:30:00Z,-6.490,630.0,0.55,0.8,,,,,,YES,0.755,0.76,120.0,2,0,filled,5db37bbd-0567-4829-8cab-15c4661fc278,0.76,2.0,YES,1,1,60748.02,59932.2,observed_source_snapshot,54,18,52,1,,successful
2026-06-06T05:34:35.216Z,decision,KXBTC15M-26JUN060145-45,2026-06-06T05:45:00Z,627.589,630.0,0.55,0.8,0.29,0.3,0.7,0.71,0.28500000000000003,NO,0.715,0.72,383.0,2,0,filled,051ea776-2176-4373-8d9d-d8beb3af1c3e,0.72,2.0,,,,,,,54,18,52,1,,filled 2 at 72.0c
2026-06-06T05:45:06.865Z,outcome,KXBTC15M-26JUN060145-45,2026-06-06T05:45:00Z,-5.936,630.0,0.55,0.8,,,,,,NO,0.715,0.72,383.0,2,0,filled,051ea776-2176-4373-8d9d-d8beb3af1c3e,0.72,2.0,YES,1,0,60754.99,60734.78,observed_source_snapshot,54,19,52,1,,unsuccessful
2026-06-06T05:49:35.295Z,decision,KXBTC15M-26JUN060200-00,2026-06-06T06:00:00Z,627.341,630.0,0.55,0.8,0.82,0.83,0.17,0.18,0.825,,0.825,,,2,0,skip,,,,,,,,,,54,19,53,1,,more likely side 0.8250 outside band 0.55-0.80
2026-06-06T06:00:07.503Z,outcome,KXBTC15M-26JUN060200-00,2026-06-06T06:00:00Z,-6.659,630.0,0.55,0.8,,,,,,,0.825,,,2,0,skip,,,0.0,YES,1,,60921.95,60768.86,observed_source_snapshot,54,19,53,1,,skipped
2026-06-06T06:04:33.779Z,decision,KXBTC15M-26JUN060215-15,2026-06-06T06:15:00Z,629.671,630.0,0.55,0.8,0.79,0.81,0.19,0.21,0.8,,0.8,,,2,0,skip,,,,,,,,,,54,19,54,1,,more likely side 0.8000 outside band 0.55-0.80
2026-06-06T06:15:07.468Z,outcome,KXBTC15M-26JUN060215-15,2026-06-06T06:15:00Z,-6.660,630.0,0.55,0.8,,,,,,,0.8,,,2,0,skip,,,0.0,YES,1,,61120.12,60930.92,observed_source_snapshot,54,19,54,1,,skipped
2026-06-06T06:19:36.647Z,decision,KXBTC15M-26JUN060230-30,2026-06-06T06:30:00Z,626.067,630.0,0.55,0.8,0.28,0.29,0.71,0.72,0.305,NO,0.6950000000000001,0.7,1113.29,2,0,filled,c0727a56-6341-4e0d-85e5-9d864eeae3f5,0.7,2.0,,,,,,,54,19,54,1,,filled 2 at 70.0c
2026-06-06T06:30:05.867Z,outcome,KXBTC15M-26JUN060230-30,2026-06-06T06:30:00Z,-2.412,630.0,0.55,0.8,,,,,,NO,0.6950000000000001,0.7,1113.29,2,0,filled,c0727a56-6341-4e0d-85e5-9d864eeae3f5,0.7,2.0,NO,0,1,61009.09,61122.92,observed_source_snapshot,55,19,54,1,,successful
2026-06-06T06:34:34.731Z,decision,KXBTC15M-26JUN060245-45,2026-06-06T06:45:00Z,627.993,630.0,0.55,0.8,0.41,0.42,0.58,0.59,0.405,NO,0.595,0.6,834.35,2,0,filled,93f0a909-b3d8-47f4-a737-1eacf6893e11,0.6,2.0,,,,,,,55,19,54,1,,filled 2 at 60.0c
2026-06-06T06:45:03.850Z,outcome,KXBTC15M-26JUN060245-45,2026-06-06T06:45:00Z,-2.089,630.0,0.55,0.8,,,,,,NO,0.595,0.6,834.35,2,0,filled,93f0a909-b3d8-47f4-a737-1eacf6893e11,0.6,2.0,NO,0,1,60844.43,61013.03,observed_source_snapshot,56,19,54,1,,successful
2026-06-06T06:49:33.227Z,decision,KXBTC15M-26JUN060300-00,2026-06-06T07:00:00Z,629.188,630.0,0.55,0.8,0.53,0.55,0.45,0.47,0.54,,0.54,,,2,0,skip,,,,,,,,,,56,19,55,1,,more likely side 0.5400 outside band 0.55-0.80
2026-06-06T07:00:08.653Z,outcome,KXBTC15M-26JUN060300-00,2026-06-06T07:00:00Z,-6.568,630.0,0.55,0.8,,,,,,,0.54,,,2,0,skip,,,0.0,NO,0,,60760.78,60806.48,observed_source_snapshot,56,19,55,1,,skipped
2026-06-06T07:04:35.698Z,decision,KXBTC15M-26JUN060315-15,2026-06-06T07:15:00Z,626.788,630.0,0.55,0.8,0.59,0.6,0.4,0.41,0.595,YES,0.595,0.6,1594.4,2,0,filled,1a20dc0f-ce2f-4ddf-b41d-a133c53214db,0.6,2.0,,,,,,,56,19,55,1,,filled 2 at 60.0c
2026-06-06T07:15:06.757Z,outcome,KXBTC15M-26JUN060315-15,2026-06-06T07:15:00Z,-5.936,630.0,0.55,0.8,,,,,,YES,0.595,0.6,1594.4,2,0,filled,1a20dc0f-ce2f-4ddf-b41d-a133c53214db,0.6,2.0,YES,1,1,60984.1,60745.1,observed_source_snapshot,57,19,55,1,,successful
2026-06-06T07:19:35.447Z,decision,KXBTC15M-26JUN060330-30,2026-06-06T07:30:00Z,626.941,630.0,0.55,0.8,0.38,0.39,0.61,0.62,0.315,NO,0.685,0.69,2675.75,2,0,filled,7b5cc920-d51d-4f08-bec1-184b2be5e976,0.66,2.0,,,,,,,57,19,55,1,,filled 2 at 66.0c
2026-06-06T07:30:08.170Z,outcome,KXBTC15M-26JUN060330-30,2026-06-06T07:30:00Z,-7.138,630.0,0.55,0.8,,,,,,NO,0.685,0.69,2675.75,2,0,filled,7b5cc920-d51d-4f08-bec1-184b2be5e976,0.66,2.0,NO,0,1,60853.79,61045.96,observed_source_snapshot,58,19,55,1,,successful
2026-06-06T07:34:35.769Z,decision,KXBTC15M-26JUN060345-45,2026-06-06T07:45:00Z,626.633,630.0,0.55,0.8,0.78,0.79,0.21,0.22,0.835,YES,0.785,0.84,375.6,2,0,skip,,,0.0,,,,,,,58,19,56,1,,no fill/valid liquidity after 10 attempts; last=more likely side 0.8350 outside band 0.55-0.80
2026-06-06T07:45:07.552Z,outcome,KXBTC15M-26JUN060345-45,2026-06-06T07:45:00Z,-4.808,630.0,0.55,0.8,,,,,,YES,0.785,0.84,375.6,2,0,skip,,,0.0,YES,1,,61023.97,60863.73,observed_source_snapshot,58,19,56,1,,skipped
2026-06-06T07:49:34.567Z,decision,KXBTC15M-26JUN060400-00,2026-06-06T08:00:00Z,628.073,630.0,0.55,0.8,0.5,0.51,0.49,0.5,0.505,,0.505,,,2,0,skip,,,,,,,,,,58,19,57,1,,more likely side 0.5050 outside band 0.55-0.80
2026-06-06T08:00:10.408Z,outcome,KXBTC15M-26JUN060400-00,2026-06-06T08:00:00Z,-7.291,630.0,0.55,0.8,,,,,,,0.505,,,2,0,skip,,,0.0,NO,0,,60980.81,61028.49,observed_source_snapshot,58,19,57,1,,skipped
2026-06-06T08:04:34.967Z,decision,KXBTC15M-26JUN060415-15,2026-06-06T08:15:00Z,627.670,630.0,0.55,0.8,0.21,0.22,0.78,0.79,0.20500000000000002,NO,0.7949999999999999,0.8,278.14,2,0,filled,8bc396b6-3f02-460e-81f9-2c7b517f5114,0.8,2.0,,,,,,,58,19,57,1,,filled 2 at 80.0c
2026-06-06T08:15:07.969Z,outcome,KXBTC15M-26JUN060415-15,2026-06-06T08:15:00Z,-6.333,630.0,0.55,0.8,,,,,,NO,0.7949999999999999,0.8,278.14,2,0,filled,8bc396b6-3f02-460e-81f9-2c7b517f5114,0.8,2.0,YES,1,0,61122.78,60972.98,observed_source_snapshot,58,20,57,1,,unsuccessful
2026-06-06T08:19:33.777Z,decision,KXBTC15M-26JUN060430-30,2026-06-06T08:30:00Z,628.865,630.0,0.55,0.8,0.3,0.31,0.69,0.7,0.305,NO,0.6950000000000001,0.7,613.0,2,0,filled,52e77355-cdfb-488b-96c2-3747c4d2590b,0.7,2.0,,,,,,,58,20,57,1,,filled 2 at 70.0c
2026-06-06T08:30:06.816Z,outcome,KXBTC15M-26JUN060430-30,2026-06-06T08:30:00Z,-5.734,630.0,0.55,0.8,,,,,,NO,0.6950000000000001,0.7,613.0,2,0,filled,52e77355-cdfb-488b-96c2-3747c4d2590b,0.7,2.0,YES,1,0,61199.25,61106.93,observed_source_snapshot,58,21,57,1,,unsuccessful
2026-06-06T08:34:36.254Z,decision,KXBTC15M-26JUN060445-45,2026-06-06T08:45:00Z,627.508,630.0,0.55,0.8,0.31,0.32,0.68,0.69,0.295,NO,0.7050000000000001,0.71,345.0,2,0,filled,c7c855e8-018f-4a4d-b671-923f62a8778e,0.69,2.0,,,,,,,58,21,57,1,,filled 2 at 69.0c
2026-06-06T08:45:07.331Z,outcome,KXBTC15M-26JUN060445-45,2026-06-06T08:45:00Z,-6.501,630.0,0.55,0.8,,,,,,NO,0.7050000000000001,0.71,345.0,2,0,filled,c7c855e8-018f-4a4d-b671-923f62a8778e,0.69,2.0,NO,0,1,61329.36,61391.37,observed_source_snapshot,59,21,57,1,,successful
2026-06-06T08:49:34.170Z,decision,KXBTC15M-26JUN060500-00,2026-06-06T09:00:00Z,628.466,630.0,0.55,0.8,0.44,0.45,0.55,0.56,0.445,NO,0.5549999999999999,0.56,268.08,2,0,filled,10dbf366-1046-4c69-b9e8-3d8d3657b458,0.56,2.0,,,,,,,59,21,57,1,,filled 2 at 56.0c
2026-06-06T09:00:06.893Z,outcome,KXBTC15M-26JUN060500-00,2026-06-06T09:00:00Z,-5.290,630.0,0.55,0.8,,,,,,NO,0.5549999999999999,0.56,268.08,2,0,filled,10dbf366-1046-4c69-b9e8-3d8d3657b458,0.56,2.0,NO,0,1,61290.78,61348.93,observed_source_snapshot,60,21,57,1,,successful
2026-06-06T09:04:35.209Z,decision,KXBTC15M-26JUN060515-15,2026-06-06T09:15:00Z,627.662,630.0,0.55,0.8,0.22,0.23,0.77,0.78,0.215,NO,0.785,0.79,720.55,2,0,filled,9fc05660-d290-4cfe-8b78-d55373f9751e,0.78,2.0,,,,,,,60,21,57,1,,filled 2 at 78.0c
2026-06-06T09:15:07.140Z,outcome,KXBTC15M-26JUN060515-15,2026-06-06T09:15:00Z,-4.409,630.0,0.55,0.8,,,,,,NO,0.785,0.79,720.55,2,0,filled,9fc05660-d290-4cfe-8b78-d55373f9751e,0.78,2.0,NO,0,1,61217.92,61244.72,observed_source_snapshot,61,21,57,1,,successful
2026-06-06T09:19:33.942Z,decision,KXBTC15M-26JUN060530-30,2026-06-06T09:30:00Z,628.627,630.0,0.55,0.8,0.39,0.4,0.6,0.61,0.415,NO,0.585,0.59,369.22,2,0,filled,24670277-3ec7-482e-974c-7b1533618d31,0.58,2.0,,,,,,,61,21,57,1,,filled 2 at 58.0c
2026-06-06T09:30:05.548Z,outcome,KXBTC15M-26JUN060530-30,2026-06-06T09:30:00Z,-2.087,630.0,0.55,0.8,,,,,,NO,0.585,0.59,369.22,2,0,filled,24670277-3ec7-482e-974c-7b1533618d31,0.58,2.0,YES,1,0,61291.94,61227.29,observed_source_snapshot,61,22,57,1,,unsuccessful
2026-06-06T09:34:32.344Z,decision,KXBTC15M-26JUN060545-45,2026-06-06T09:45:00Z,629.984,630.0,0.55,0.8,0.28,0.29,0.71,0.72,0.265,NO,0.735,0.74,338.96,2,0,filled,ea80b1b2-06eb-4af1-b7fe-cfe1db00d38e,0.72,2.0,,,,,,,61,22,57,1,,filled 2 at 72.0c
2026-06-06T09:45:06.828Z,outcome,KXBTC15M-26JUN060545-45,2026-06-06T09:45:00Z,-5.934,630.0,0.55,0.8,,,,,,NO,0.735,0.74,338.96,2,0,filled,ea80b1b2-06eb-4af1-b7fe-cfe1db00d38e,0.72,2.0,NO,0,1,61074.9,61282.7,observed_source_snapshot,62,22,57,1,,successful
2026-06-06T09:49:35.397Z,decision,KXBTC15M-26JUN060600-00,2026-06-06T10:00:00Z,627.185,630.0,0.55,0.8,0.1,0.11,0.89,0.9,0.10500000000000001,,0.895,,,2,0,skip,,,,,,,,,,62,22,58,1,,more likely side 0.8950 outside band 0.55-0.80
2026-06-06T10:00:09.456Z,outcome,KXBTC15M-26JUN060600-00,2026-06-06T10:00:00Z,-6.899,630.0,0.55,0.8,,,,,,,0.895,,,2,0,skip,,,0.0,NO,0,,60955.48,61084.76,observed_source_snapshot,62,22,58,1,,skipped
2026-06-06T10:04:35.386Z,decision,KXBTC15M-26JUN060615-15,2026-06-06T10:15:00Z,627.021,630.0,0.55,0.8,0.16,0.17,0.83,0.84,0.165,,0.835,,,2,0,skip,,,,,,,,,,62,22,59,1,,more likely side 0.8350 outside band 0.55-0.80
2026-06-06T10:15:05.917Z,outcome,KXBTC15M-26JUN060615-15,2026-06-06T10:15:00Z,-5.084,630.0,0.55,0.8,,,,,,,0.835,,,2,0,skip,,,0.0,NO,0,,60575.81,60949.89,observed_source_snapshot,62,22,59,1,,skipped
2026-06-06T10:19:35.373Z,decision,KXBTC15M-26JUN060630-30,2026-06-06T10:30:00Z,628.064,630.0,0.55,0.8,0.22,0.23,0.77,0.78,0.20500000000000002,NO,0.7949999999999999,0.8,520.68,2,0,filled,9b7f4b98-3a55-453c-b731-95beeb89ea0a,0.8,2.0,,,,,,,62,22,59,1,,filled 2 at 80.0c
2026-06-06T10:30:05.806Z,outcome,KXBTC15M-26JUN060630-30,2026-06-06T10:30:00Z,-4.973,630.0,0.55,0.8,,,,,,NO,0.7949999999999999,0.8,520.68,2,0,filled,9b7f4b98-3a55-453c-b731-95beeb89ea0a,0.8,2.0,NO,0,1,60506.05,60608.78,observed_source_snapshot,63,22,59,1,,successful
2026-06-06T10:34:34.887Z,decision,KXBTC15M-26JUN060645-45,2026-06-06T10:45:00Z,627.829,630.0,0.55,0.8,0.094,0.098,0.902,0.906,0.096,,0.904,,,2,0,skip,,,,,,,,,,63,22,60,1,,more likely side 0.9040 outside band 0.55-0.80
2026-06-06T10:45:04.659Z,outcome,KXBTC15M-26JUN060645-45,2026-06-06T10:45:00Z,-2.819,630.0,0.55,0.8,,,,,,,0.904,,,2,0,skip,,,0.0,NO,0,,60392.97,60585.43,observed_source_snapshot,63,22,60,1,,skipped
2026-06-06T10:49:34.329Z,decision,KXBTC15M-26JUN060700-00,2026-06-06T11:00:00Z,628.872,630.0,0.55,0.8,0.49,0.5,0.5,0.51,0.495,,0.505,,,2,0,skip,,,,,,,,,,63,22,61,1,,more likely side 0.5050 outside band 0.55-0.80
2026-06-06T11:00:09.934Z,outcome,KXBTC15M-26JUN060700-00,2026-06-06T11:00:00Z,-7.212,630.0,0.55,0.8,,,,,,,0.505,,,2,0,skip,,,0.0,YES,1,,60531.49,60387.64,observed_source_snapshot,63,22,61,1,,skipped
2026-06-06T11:04:32.900Z,decision,KXBTC15M-26JUN060715-15,2026-06-06T11:15:00Z,629.908,630.0,0.55,0.8,0.84,0.85,0.15,0.16,0.845,,0.845,,,2,0,skip,,,,,,,,,,63,22,62,1,,more likely side 0.8450 outside band 0.55-0.80
2026-06-06T11:15:09.275Z,outcome,KXBTC15M-26JUN060715-15,2026-06-06T11:15:00Z,-6.733,630.0,0.55,0.8,,,,,,,0.845,,,2,0,skip,,,0.0,YES,1,,60591.37,60548.21,observed_source_snapshot,63,22,62,1,,skipped
2026-06-06T11:19:35.292Z,decision,KXBTC15M-26JUN060730-30,2026-06-06T11:30:00Z,627.416,630.0,0.55,0.8,0.75,0.76,0.24,0.25,0.725,YES,0.725,0.73,244.14,2,0,filled,e07d20d9-5204-4092-84a9-f271d95367de,0.73,2.0,,,,,,,63,22,62,1,,filled 2 at 73.0c
2026-06-06T11:30:07.136Z,outcome,KXBTC15M-26JUN060730-30,2026-06-06T11:30:00Z,-4.652,630.0,0.55,0.8,,,,,,YES,0.725,0.73,244.14,2,0,filled,e07d20d9-5204-4092-84a9-f271d95367de,0.73,2.0,YES,1,1,60760.02,60601.06,observed_source_snapshot,64,22,62,1,,successful
2026-06-06T11:34:33.049Z,decision,KXBTC15M-26JUN060745-45,2026-06-06T11:45:00Z,629.261,630.0,0.55,0.8,0.6,0.61,0.39,0.4,0.605,YES,0.605,0.61,429.91,2,0,filled,4a3d3ce6-e505-4e23-a1b7-dd05d16a9496,0.61,2.0,,,,,,,64,22,62,1,,filled 2 at 61.0c
2026-06-06T11:45:06.711Z,outcome,KXBTC15M-26JUN060745-45,2026-06-06T11:45:00Z,-5.701,630.0,0.55,0.8,,,,,,YES,0.605,0.61,429.91,2,0,filled,4a3d3ce6-e505-4e23-a1b7-dd05d16a9496,0.61,2.0,YES,1,1,60797.59,60780.88,observed_source_snapshot,65,22,62,1,,successful
2026-06-06T11:49:35.127Z,decision,KXBTC15M-26JUN060800-00,2026-06-06T12:00:00Z,627.824,630.0,0.55,0.8,0.76,0.77,0.23,0.24,0.785,YES,0.785,0.79,538.07,2,0,filled,e9356628-7dc8-4952-99db-f1161b4ad464,0.79,2.0,,,,,,,65,22,62,1,,filled 2 at 79.0c
2026-06-06T12:00:08.566Z,outcome,KXBTC15M-26JUN060800-00,2026-06-06T12:00:00Z,-6.508,630.0,0.55,0.8,,,,,,YES,0.785,0.79,538.07,2,0,filled,e9356628-7dc8-4952-99db-f1161b4ad464,0.79,2.0,NO,0,0,60730.77,60803.66,observed_source_snapshot,65,23,62,1,,unsuccessful
2026-06-06T12:04:35.297Z,decision,KXBTC15M-26JUN060815-15,2026-06-06T12:15:00Z,627.183,630.0,0.55,0.8,0.86,0.87,0.13,0.14,0.865,,0.865,,,2,0,skip,,,,,,,,,,65,23,63,1,,more likely side 0.8650 outside band 0.55-0.80
2026-06-06T12:15:06.660Z,outcome,KXBTC15M-26JUN060815-15,2026-06-06T12:15:00Z,-5.059,630.0,0.55,0.8,,,,,,,0.865,,,2,0,skip,,,0.0,YES,1,,61034.64,60759.07,observed_source_snapshot,65,23,63,1,,skipped
2026-06-06T12:19:35.130Z,decision,KXBTC15M-26JUN060830-30,2026-06-06T12:30:00Z,627.736,630.0,0.55,0.8,0.25,0.27,0.73,0.75,0.255,NO,0.745,0.75,706.3,2,0,filled,b8a429c0-44f1-4cc2-9ae6-0e8fa51f71e7,0.75,2.0,,,,,,,65,23,63,1,,filled 2 at 75.0c
2026-06-06T12:30:06.952Z,outcome,KXBTC15M-26JUN060830-30,2026-06-06T12:30:00Z,-6.121,630.0,0.55,0.8,,,,,,NO,0.745,0.75,706.3,2,0,filled,b8a429c0-44f1-4cc2-9ae6-0e8fa51f71e7,0.75,2.0,NO,0,1,60731.2,61016.57,observed_source_snapshot,66,23,63,1,,successful
2026-06-06T12:34:35.942Z,decision,KXBTC15M-26JUN060845-45,2026-06-06T12:45:00Z,627.028,630.0,0.55,0.8,0.71,0.72,0.28,0.29,0.755,YES,0.755,0.76,970.1,2,0,filled,f27ef9a4-fb6d-4259-950e-48e90d238b85,0.75,2.0,,,,,,,66,23,63,1,,filled 2 at 75.0c
2026-06-06T12:45:07.177Z,outcome,KXBTC15M-26JUN060845-45,2026-06-06T12:45:00Z,-6.346,630.0,0.55,0.8,,,,,,YES,0.755,0.76,970.1,2,0,filled,f27ef9a4-fb6d-4259-950e-48e90d238b85,0.75,2.0,YES,1,1,60797.34,60722.83,observed_source_snapshot,67,23,63,1,,successful
2026-06-06T12:49:33.701Z,decision,KXBTC15M-26JUN060900-00,2026-06-06T13:00:00Z,628.868,630.0,0.55,0.8,0.85,0.86,0.14,0.15,0.855,,0.855,,,2,0,skip,,,,,,,,,,67,23,64,1,,more likely side 0.8550 outside band 0.55-0.80
2026-06-06T13:00:08.731Z,outcome,KXBTC15M-26JUN060900-00,2026-06-06T13:00:00Z,-6.096,630.0,0.55,0.8,,,,,,,0.855,,,2,0,skip,,,0.0,YES,1,,61007.94,60805.87,observed_source_snapshot,67,23,64,1,,skipped
2026-06-06T13:04:35.937Z,decision,KXBTC15M-26JUN060915-15,2026-06-06T13:15:00Z,627.097,630.0,0.55,0.8,0.62,0.63,0.37,0.38,0.665,YES,0.665,0.67,1690.57,2,0,filled,9915c571-7c4d-4aea-815b-ff198096814d,0.67,2.0,,,,,,,67,23,64,1,,filled 2 at 67.0c
2026-06-06T13:15:08.756Z,outcome,KXBTC15M-26JUN060915-15,2026-06-06T13:15:00Z,-6.184,630.0,0.55,0.8,,,,,,YES,0.665,0.67,1690.57,2,0,filled,9915c571-7c4d-4aea-815b-ff198096814d,0.67,2.0,NO,0,0,61002.31,61003.73,observed_source_snapshot,67,24,64,1,,unsuccessful
2026-06-06T13:19:35.617Z,decision,KXBTC15M-26JUN060930-30,2026-06-06T13:30:00Z,626.943,630.0,0.55,0.8,0.26,0.27,0.73,0.74,0.26,NO,0.74,0.75,2115.44,2,0,filled,99fd196b-e08f-422d-af25-94e9a651c7bb,0.75,2.0,,,,,,,67,24,64,1,,filled 2 at 75.0c
2026-06-06T13:30:08.337Z,outcome,KXBTC15M-26JUN060930-30,2026-06-06T13:30:00Z,-6.434,630.0,0.55,0.8,,,,,,NO,0.74,0.75,2115.44,2,0,filled,99fd196b-e08f-422d-af25-94e9a651c7bb,0.75,2.0,NO,0,1,60859.31,60988.97,observed_source_snapshot,68,24,64,1,,successful
2026-06-06T13:34:34.487Z,decision,KXBTC15M-26JUN060945-45,2026-06-06T13:45:00Z,627.899,630.0,0.55,0.8,0.22,0.23,0.77,0.78,0.225,NO,0.775,0.78,937.16,2,0,filled,0a9c959c-fd7a-4830-aa77-e4f3f686f3d4,0.78,2.0,,,,,,,68,24,64,1,,filled 2 at 78.0c
2026-06-06T13:45:06.564Z,outcome,KXBTC15M-26JUN060945-45,2026-06-06T13:45:00Z,-5.696,630.0,0.55,0.8,,,,,,NO,0.775,0.78,937.16,2,0,filled,0a9c959c-fd7a-4830-aa77-e4f3f686f3d4,0.78,2.0,NO,0,1,60835.68,60867.52,observed_source_snapshot,69,24,64,1,,successful
2026-06-06T13:49:34.492Z,decision,KXBTC15M-26JUN061000-00,2026-06-06T14:00:00Z,628.387,630.0,0.55,0.8,0.31,0.32,0.68,0.69,0.335,NO,0.665,0.67,415.0,2,0,filled,2b0e6ccd-81f2-4bf4-9f1f-0c032c35f8ba,0.67,2.0,,,,,,,69,24,64,1,,filled 2 at 67.0c
2026-06-06T14:00:05.045Z,outcome,KXBTC15M-26JUN061000-00,2026-06-06T14:00:00Z,-2.564,630.0,0.55,0.8,,,,,,NO,0.665,0.67,415.0,2,0,filled,2b0e6ccd-81f2-4bf4-9f1f-0c032c35f8ba,0.67,2.0,NO,0,1,60800.81,60846.04,observed_source_snapshot,70,24,64,1,,successful
2026-06-06T14:04:35.688Z,decision,KXBTC15M-26JUN061015-15,2026-06-06T14:15:00Z,627.514,630.0,0.55,0.8,0.72,0.74,0.26,0.28,0.745,YES,0.745,0.75,375.0,2,0,filled,c3d03b6c-6566-423f-affc-52e72d6f27b2,0.75,2.0,,,,,,,70,24,64,1,,filled 2 at 75.0c
2026-06-06T14:15:07.245Z,outcome,KXBTC15M-26JUN061015-15,2026-06-06T14:15:00Z,-6.415,630.0,0.55,0.8,,,,,,YES,0.745,0.75,375.0,2,0,filled,c3d03b6c-6566-423f-affc-52e72d6f27b2,0.75,2.0,YES,1,1,60870.61,60789.64,observed_source_snapshot,71,24,64,1,,successful
2026-06-06T14:19:36.813Z,decision,KXBTC15M-26JUN061030-30,2026-06-06T14:30:00Z,626.314,630.0,0.55,0.8,0.66,0.67,0.33,0.34,0.735,YES,0.735,0.74,2394.0,2,0,filled,e39d6659-cb69-4265-ba66-95d2b1a1296a,0.74,2.0,,,,,,,71,24,64,1,,filled 2 at 74.0c
2026-06-06T14:30:07.858Z,outcome,KXBTC15M-26JUN061030-30,2026-06-06T14:30:00Z,-6.903,630.0,0.55,0.8,,,,,,YES,0.735,0.74,2394.0,2,0,filled,e39d6659-cb69-4265-ba66-95d2b1a1296a,0.74,2.0,NO,0,0,60831.31,60880.89,observed_source_snapshot,71,25,64,1,,unsuccessful
2026-06-06T14:34:33.141Z,decision,KXBTC15M-26JUN061045-45,2026-06-06T14:45:00Z,629.191,630.0,0.55,0.8,0.7,0.71,0.29,0.3,0.685,YES,0.685,0.69,5.79,2,0,filled,5b675f4f-cfd3-41f8-93a2-1d0ac0449a60,0.69,2.0,,,,,,,71,25,64,1,,filled 2 at 69.0c
