fold,contract_id,regime_sma,action,pnl,y_settle
1,btc-updown-5m-1781142600,FLAT,NO,1.0408163265306123,0
1,btc-updown-5m-1781142900,FLAT,SKIP,,0
1,btc-updown-5m-1781143200,FLAT,YES,0.3157894736842106,1
1,btc-updown-5m-1781143500,FLAT,SKIP,,0
1,btc-updown-5m-1781143800,UP,NO,-1.0,1
1,btc-updown-5m-1781144100,UP,NO,-1.0,1
1,btc-updown-5m-1781144400,UP,SKIP,,0
1,btc-updown-5m-1781144700,UP,NO,3.166666666666667,0
1,btc-updown-5m-1781145000,UP,NO,0.13636363636363646,0
1,btc-updown-5m-1781145300,UP,SKIP,,1
1,btc-updown-5m-1781145600,UP,SKIP,,1
1,btc-updown-5m-1781145900,UP,SKIP,,0
1,btc-updown-5m-1781146200,UP,NO,-1.0,1
1,btc-updown-5m-1781146500,UP,NO,-1.0,1
1,btc-updown-5m-1781146800,UP,YES,0.4285714285714286,1
1,btc-updown-5m-1781147100,UP,SKIP,,0
1,btc-updown-5m-1781147400,UP,SKIP,,0
1,btc-updown-5m-1781147700,UP,YES,0.40845070422535223,1
1,btc-updown-5m-1781148000,UP,NO,-1.0,1
1,btc-updown-5m-1781148300,UP,NO,-1.0,1
1,btc-updown-5m-1781148600,UP,NO,-1.0,1
1,btc-updown-5m-1781148900,UP,SKIP,,0
1,btc-updown-5m-1781149200,UP,YES,-1.0,0
1,btc-updown-5m-1781149500,UP,YES,0.7241379310344829,1
1,btc-updown-5m-1781149800,UP,NO,-1.0,1
1,btc-updown-5m-1781150100,UP,NO,-1.0,1
1,btc-updown-5m-1781150400,UP,NO,0.14942528735632177,0
1,btc-updown-5m-1781150700,UP,YES,-1.0,0
1,btc-updown-5m-1781151000,UP,NO,-1.0,1
1,btc-updown-5m-1781151300,UP,SKIP,,0
1,btc-updown-5m-1781151600,FLAT,YES,-1.0,0
1,btc-updown-5m-1781151900,UP,YES,-1.0,0
1,btc-updown-5m-1781152200,UP,NO,0.8518518518518516,0
1,btc-updown-5m-1781152500,UP,YES,0.25,1
1,btc-updown-5m-1781152800,UP,SKIP,,0
1,btc-updown-5m-1781153100,UP,YES,0.3157894736842106,1
1,btc-updown-5m-1781153400,UP,YES,0.4925373134328357,1
1,btc-updown-5m-1781153700,UP,SKIP,,0
1,btc-updown-5m-1781154000,UP,SKIP,,0
1,btc-updown-5m-1781154300,UP,NO,-1.0,1
1,btc-updown-5m-1781154600,UP,YES,2.3333333333333335,1
1,btc-updown-5m-1781154900,UP,SKIP,,1
1,btc-updown-5m-1781155200,UP,NO,-1.0,1
1,btc-updown-5m-1781155500,UP,SKIP,,0
1,btc-updown-5m-1781155800,UP,YES,1.7027027027027026,1
1,btc-updown-5m-1781156100,UP,YES,-1.0,0
1,btc-updown-5m-1781156400,UP,NO,-1.0,1
1,btc-updown-5m-1781156700,UP,SKIP,,0
1,btc-updown-5m-1781157000,UP,SKIP,,0
1,btc-updown-5m-1781157300,UP,YES,-1.0,0
1,btc-updown-5m-1781157600,UP,SKIP,,0
1,btc-updown-5m-1781157900,UP,YES,0.5625,1
1,btc-updown-5m-1781158200,UP,NO,-1.0,1
1,btc-updown-5m-1781158500,UP,NO,1.7027027027027026,0
1,btc-updown-5m-1781158800,UP,NO,-1.0,1
1,btc-updown-5m-1781159100,UP,SKIP,,0
1,btc-updown-5m-1781159400,UP,YES,0.4285714285714286,1
1,btc-updown-5m-1781159700,UP,YES,0.4925373134328357,1
1,btc-updown-5m-1781160000,UP,NO,2.0303030303030303,0
1,btc-updown-5m-1781160300,UP,SKIP,,0
1,btc-updown-5m-1781160600,UP,YES,0.6129032258064517,1
1,btc-updown-5m-1781160900,UP,NO,0.13636363636363646,0
1,btc-updown-5m-1781161200,UP,YES,-1.0,0
1,btc-updown-5m-1781161500,UP,NO,0.7543859649122808,0
1,btc-updown-5m-1781161800,UP,YES,0.36986301369863006,1
1,btc-updown-5m-1781162100,UP,YES,0.4285714285714286,1
1,btc-updown-5m-1781162400,UP,NO,-1.0,1
1,btc-updown-5m-1781162700,UP,YES,2.571428571428571,1
1,btc-updown-5m-1781163000,UP,SKIP,,0
1,btc-updown-5m-1781163300,UP,SKIP,,0
1,btc-updown-5m-1781163600,UP,YES,0.5625,1
1,btc-updown-5m-1781163900,UP,NO,-1.0,1
1,btc-updown-5m-1781164200,UP,SKIP,,0
1,btc-updown-5m-1781164500,UP,NO,-1.0,1
1,btc-updown-5m-1781164800,UP,NO,-1.0,1
1,btc-updown-5m-1781165100,UP,NO,-1.0,1
1,btc-updown-5m-1781165400,UP,NO,-1.0,1
1,btc-updown-5m-1781165700,UP,SKIP,,0
1,btc-updown-5m-1781166000,FLAT,NO,-1.0,1
1,btc-updown-5m-1781166300,FLAT,NO,-1.0,1
1,btc-updown-5m-1781166600,FLAT,YES,-1.0,0
1,btc-updown-5m-1781166900,FLAT,YES,1.5641025641025639,1
1,btc-updown-5m-1781167200,FLAT,SKIP,,0
1,btc-updown-5m-1781167500,FLAT,NO,-1.0,1
1,btc-updown-5m-1781167800,FLAT,NO,0.639344262295082,0
1,btc-updown-5m-1781168100,FLAT,SKIP,,1
1,btc-updown-5m-1781168400,FLAT,NO,0.3513513513513513,0
1,btc-updown-5m-1781168700,FLAT,SKIP,,0
1,btc-updown-5m-1781169000,FLAT,SKIP,,1
1,btc-updown-5m-1781169300,FLAT,NO,0.09890109890109877,0
1,btc-updown-5m-1781169600,FLAT,NO,0.19047619047619047,0
1,btc-updown-5m-1781169900,FLAT,NO,-1.0,1
1,btc-updown-5m-1781170200,FLAT,NO,-1.0,1
1,btc-updown-5m-1781170500,FLAT,NO,0.6666666666666667,0
1,btc-updown-5m-1781170800,FLAT,YES,2.2258064516129035,1
1,btc-updown-5m-1781171100,FLAT,NO,0.639344262295082,0
1,btc-updown-5m-1781171400,FLAT,NO,-1.0,1
1,btc-updown-5m-1781171700,FLAT,NO,0.25,0
1,btc-updown-5m-1781172000,FLAT,YES,-1.0,0
1,btc-updown-5m-1781172300,FLAT,YES,0.3157894736842106,1
1,btc-updown-5m-1781172600,FLAT,NO,0.6949152542372883,0
1,btc-updown-5m-1781172900,FLAT,NO,0.5384615384615383,0
1,btc-updown-5m-1781173200,FLAT,NO,-1.0,1
1,btc-updown-5m-1781173500,FLAT,YES,0.639344262295082,1
1,btc-updown-5m-1781173800,FLAT,NO,-1.0,1
1,btc-updown-5m-1781174100,FLAT,NO,-1.0,1
1,btc-updown-5m-1781174400,FLAT,NO,-1.0,1
1,btc-updown-5m-1781174700,FLAT,NO,-1.0,1
1,btc-updown-5m-1781175000,FLAT,NO,-1.0,1
1,btc-updown-5m-1781175300,FLAT,SKIP,,1
1,btc-updown-5m-1781175600,FLAT,NO,-1.0,1
1,btc-updown-5m-1781175900,FLAT,YES,-1.0,0
1,btc-updown-5m-1781176200,FLAT,NO,-1.0,1
1,btc-updown-5m-1781176500,FLAT,NO,0.5873015873015872,0
1,btc-updown-5m-1781176800,FLAT,NO,-1.0,1
1,btc-updown-5m-1781177100,FLAT,SKIP,,0
1,btc-updown-5m-1781177400,FLAT,NO,-1.0,1
1,btc-updown-5m-1781177700,FLAT,SKIP,,0
1,btc-updown-5m-1781178000,FLAT,YES,-1.0,0
1,btc-updown-5m-1781178300,FLAT,SKIP,,0
1,btc-updown-5m-1781178600,FLAT,NO,-1.0,1
1,btc-updown-5m-1781178900,FLAT,SKIP,,0
1,btc-updown-5m-1781179200,UP,SKIP,,0
1,btc-updown-5m-1781179500,FLAT,NO,0.5151515151515151,0
1,btc-updown-5m-1781179800,FLAT,NO,-1.0,1
1,btc-updown-5m-1781180100,FLAT,NO,0.7857142857142856,0
1,btc-updown-5m-1781180400,FLAT,SKIP,,0
1,btc-updown-5m-1781180700,FLAT,NO,3.761904761904762,0
1,btc-updown-5m-1781181000,FLAT,YES,1.941176470588235,1
1,btc-updown-5m-1781181300,FLAT,NO,-1.0,1
1,btc-updown-5m-1781181600,FLAT,NO,-1.0,1
1,btc-updown-5m-1781181900,FLAT,SKIP,,1
1,btc-updown-5m-1781182200,FLAT,NO,1.8571428571428572,0
1,btc-updown-5m-1781182500,FLAT,NO,-1.0,1
1,btc-updown-5m-1781182800,FLAT,NO,0.2195121951219512,0
1,btc-updown-5m-1781183100,FLAT,NO,0.7241379310344829,0
1,btc-updown-5m-1781183400,FLAT,YES,2.125,1
1,btc-updown-5m-1781183700,FLAT,SKIP,,1
1,btc-updown-5m-1781184000,FLAT,NO,0.8181818181818181,0
1,btc-updown-5m-1781184300,FLAT,NO,1.3255813953488373,0
1,btc-updown-5m-1781184600,FLAT,NO,0.17647058823529416,0
1,btc-updown-5m-1781184900,FLAT,YES,0.33333333333333326,1
1,btc-updown-5m-1781185200,FLAT,SKIP,,1
1,btc-updown-5m-1781185500,FLAT,YES,0.3157894736842106,1
1,btc-updown-5m-1781185800,FLAT,SKIP,,1
1,btc-updown-5m-1781186100,FLAT,SKIP,,0
1,btc-updown-5m-1781186400,FLAT,NO,-1.0,1
1,btc-updown-5m-1781186700,FLAT,SKIP,,0
1,btc-updown-5m-1781187000,FLAT,YES,-1.0,0
1,btc-updown-5m-1781187300,FLAT,SKIP,,1
1,btc-updown-5m-1781187600,FLAT,NO,-1.0,1
1,btc-updown-5m-1781187900,FLAT,SKIP,,1
1,btc-updown-5m-1781188200,FLAT,SKIP,,0
1,btc-updown-5m-1781188500,FLAT,NO,-1.0,1
1,btc-updown-5m-1781188800,FLAT,SKIP,,0
1,btc-updown-5m-1781189100,FLAT,NO,-1.0,1
1,btc-updown-5m-1781189400,FLAT,NO,-1.0,1
1,btc-updown-5m-1781189700,FLAT,SKIP,,0
1,btc-updown-5m-1781190000,FLAT,SKIP,,0
1,btc-updown-5m-1781190300,FLAT,NO,-1.0,1
1,btc-updown-5m-1781190600,FLAT,NO,0.8181818181818181,0
1,btc-updown-5m-1781190900,DOWN,NO,0.8181818181818181,0
1,btc-updown-5m-1781191200,DOWN,NO,-1.0,1
1,btc-updown-5m-1781191500,DOWN,NO,0.38888888888888884,0
1,btc-updown-5m-1781191800,DOWN,NO,-1.0,1
1,btc-updown-5m-1781192100,DOWN,NO,-1.0,1
1,btc-updown-5m-1781192400,DOWN,NO,0.5625,0
1,btc-updown-5m-1781192700,DOWN,NO,1.272727272727273,0
1,btc-updown-5m-1781193000,DOWN,SKIP,,1
1,btc-updown-5m-1781193300,DOWN,NO,-1.0,1
1,btc-updown-5m-1781193600,DOWN,NO,1.6315789473684212,0
1,btc-updown-5m-1781193900,DOWN,NO,-1.0,1
1,btc-updown-5m-1781194200,DOWN,NO,-1.0,1
1,btc-updown-5m-1781194500,DOWN,SKIP,,0
1,btc-updown-5m-1781194800,DOWN,SKIP,,0
1,btc-updown-5m-1781195100,DOWN,YES,0.9607843137254901,1
1,btc-updown-5m-1781195400,FLAT,NO,-1.0,1
1,btc-updown-5m-1781195700,FLAT,NO,-1.0,1
1,btc-updown-5m-1781196000,FLAT,SKIP,,0
1,btc-updown-5m-1781196300,FLAT,YES,-1.0,0
1,btc-updown-5m-1781196600,FLAT,YES,-1.0,0
1,btc-updown-5m-1781196900,FLAT,YES,-1.0,0
1,btc-updown-5m-1781197200,FLAT,NO,1.0833333333333335,0
1,btc-updown-5m-1781197500,FLAT,YES,0.2195121951219512,1
1,btc-updown-5m-1781197800,FLAT,NO,0.8518518518518516,0
1,btc-updown-5m-1781198100,DOWN,SKIP,,0
1,btc-updown-5m-1781198400,DOWN,SKIP,,1
1,btc-updown-5m-1781198700,DOWN,SKIP,,1
1,btc-updown-5m-1781199000,DOWN,NO,-1.0,1
1,btc-updown-5m-1781199300,DOWN,SKIP,,0
1,btc-updown-5m-1781199600,DOWN,NO,-1.0,1
1,btc-updown-5m-1781199900,DOWN,NO,-1.0,1
1,btc-updown-5m-1781200200,DOWN,SKIP,,0
1,btc-updown-5m-1781200500,DOWN,YES,1.8571428571428572,1
1,btc-updown-5m-1781200800,DOWN,NO,3.545454545454546,0
1,btc-updown-5m-1781201100,DOWN,SKIP,,0
1,btc-updown-5m-1781201400,DOWN,NO,-1.0,1
1,btc-updown-5m-1781201700,DOWN,SKIP,,1
1,btc-updown-5m-1781202000,DOWN,SKIP,,0
1,btc-updown-5m-1781202300,DOWN,YES,-1.0,0
1,btc-updown-5m-1781202600,DOWN,NO,-1.0,1
1,btc-updown-5m-1781202900,DOWN,NO,-1.0,1
1,btc-updown-5m-1781203200,FLAT,SKIP,,1
1,btc-updown-5m-1781203500,FLAT,YES,-1.0,0
1,btc-updown-5m-1781203800,FLAT,SKIP,,0
1,btc-updown-5m-1781204100,FLAT,YES,-1.0,0
1,btc-updown-5m-1781204400,FLAT,SKIP,,1
1,btc-updown-5m-1781204700,FLAT,SKIP,,0
1,btc-updown-5m-1781205000,FLAT,SKIP,,1
1,btc-updown-5m-1781205300,UP,SKIP,,1
1,btc-updown-5m-1781205600,UP,YES,0.6949152542372883,1
1,btc-updown-5m-1781205900,UP,NO,0.8867924528301885,0
1,btc-updown-5m-1781206200,UP,NO,-1.0,1
1,btc-updown-5m-1781206500,UP,YES,-1.0,0
1,btc-updown-5m-1781206800,UP,SKIP,,1
1,btc-updown-5m-1781207100,UP,NO,0.7543859649122808,0
1,btc-updown-5m-1781207700,UP,SKIP,,0
1,btc-updown-5m-1781208000,UP,NO,-1.0,1
1,btc-updown-5m-1781208300,UP,NO,0.9607843137254901,0
1,btc-updown-5m-1781208600,UP,SKIP,,0
1,btc-updown-5m-1781208900,UP,SKIP,,1
1,btc-updown-5m-1781209200,UP,SKIP,,0
1,btc-updown-5m-1781209500,UP,SKIP,,0
1,btc-updown-5m-1781209800,UP,NO,-1.0,1
1,btc-updown-5m-1781210100,UP,NO,0.23456790123456783,0
1,btc-updown-5m-1781210400,UP,SKIP,,0
1,btc-updown-5m-1781210700,UP,NO,0.8181818181818181,0
1,btc-updown-5m-1781211000,UP,NO,-1.0,1
1,btc-updown-5m-1781211300,UP,YES,-1.0,0
1,btc-updown-5m-1781211600,UP,YES,0.2987012987012987,1
1,btc-updown-5m-1781212800,UP,NO,0.639344262295082,0
1,btc-updown-5m-1781224200,FLAT,NO,-1.0,1
1,btc-updown-5m-1781224500,FLAT,NO,-1.0,1
1,btc-updown-5m-1781224800,FLAT,NO,1.1739130434782608,0
1,btc-updown-5m-1781225100,FLAT,NO,-1.0,1
1,btc-updown-5m-1781225400,FLAT,YES,0.36986301369863006,1
1,btc-updown-5m-1781225700,FLAT,YES,-1.0,0
1,btc-updown-5m-1781226000,FLAT,SKIP,,0
1,btc-updown-5m-1781226300,FLAT,YES,-1.0,0
1,btc-updown-5m-1781226600,FLAT,YES,-1.0,0
1,btc-updown-5m-1781226900,FLAT,SKIP,,0
1,btc-updown-5m-1781227200,FLAT,YES,-1.0,0
1,btc-updown-5m-1781227500,FLAT,SKIP,,0
1,btc-updown-5m-1781227800,FLAT,YES,0.4925373134328357,1
1,btc-updown-5m-1781228100,FLAT,SKIP,,1
1,btc-updown-5m-1781228400,FLAT,YES,1.941176470588235,1
1,btc-updown-5m-1781228700,FLAT,SKIP,,1
1,btc-updown-5m-1781229000,FLAT,YES,2.0303030303030303,1
1,btc-updown-5m-1781229300,FLAT,SKIP,,0
1,btc-updown-5m-1781229600,FLAT,YES,0.38888888888888884,1
1,btc-updown-5m-1781229900,FLAT,NO,-1.0,1
1,btc-updown-5m-1781230200,FLAT,YES,0.5384615384615383,1
1,btc-updown-5m-1781230500,FLAT,YES,-1.0,0
1,btc-updown-5m-1781230800,FLAT,NO,-1.0,1
1,btc-updown-5m-1781231100,FLAT,NO,0.17647058823529416,0
1,btc-updown-5m-1781231400,FLAT,YES,-1.0,0
1,btc-updown-5m-1781231700,FLAT,SKIP,,1
1,btc-updown-5m-1781232000,FLAT,YES,2.3333333333333335,1
1,btc-updown-5m-1781232300,FLAT,SKIP,,0
1,btc-updown-5m-1781232600,FLAT,YES,-1.0,0
1,btc-updown-5m-1781232900,FLAT,YES,1.5,1
1,btc-updown-5m-1781233200,FLAT,NO,0.6949152542372883,0
1,btc-updown-5m-1781233500,FLAT,SKIP,,1
1,btc-updown-5m-1781233800,FLAT,YES,-1.0,0
1,btc-updown-5m-1781234100,FLAT,YES,-1.0,0
1,btc-updown-5m-1781234400,FLAT,NO,0.13636363636363646,0
1,btc-updown-5m-1781234700,FLAT,SKIP,,1
1,btc-updown-5m-1781235000,DOWN,SKIP,,1
1,btc-updown-5m-1781235300,DOWN,NO,0.28205128205128194,0
1,btc-updown-5m-1781235600,DOWN,YES,0.4925373134328357,1
1,btc-updown-5m-1781235900,DOWN,YES,-1.0,0
1,btc-updown-5m-1781236200,DOWN,YES,0.36986301369863006,1
1,btc-updown-5m-1781236500,DOWN,YES,0.5151515151515151,1
1,btc-updown-5m-1781236800,FLAT,NO,0.5873015873015872,0
1,btc-updown-5m-1781237100,FLAT,SKIP,,0
1,btc-updown-5m-1781237700,FLAT,NO,-1.0,1
1,btc-updown-5m-1781238000,FLAT,YES,0.8867924528301885,1
1,btc-updown-5m-1781238300,FLAT,NO,-1.0,1
1,btc-updown-5m-1781238600,FLAT,NO,0.9230769230769229,0
1,btc-updown-5m-1781238900,FLAT,NO,0.4925373134328357,0
1,btc-updown-5m-1781239200,FLAT,YES,-1.0,0
1,btc-updown-5m-1781239500,FLAT,NO,0.6666666666666667,0
1,btc-updown-5m-1781239800,FLAT,NO,1.0833333333333335,0
1,btc-updown-5m-1781240100,FLAT,SKIP,,0
1,btc-updown-5m-1781240400,FLAT,SKIP,,0
1,btc-updown-5m-1781240700,FLAT,NO,1.127659574468085,0
1,btc-updown-5m-1781241000,FLAT,SKIP,,0
1,btc-updown-5m-1781241300,FLAT,SKIP,,1
1,btc-updown-5m-1781241600,FLAT,YES,-1.0,0
1,btc-updown-5m-1781241900,FLAT,YES,1.272727272727273,1
1,btc-updown-5m-1781242200,FLAT,NO,1.5,0
1,btc-updown-5m-1781242500,FLAT,SKIP,,0
1,btc-updown-5m-1781242800,FLAT,NO,-1.0,1
1,btc-updown-5m-1781243100,FLAT,YES,1.6315789473684212,1
1,btc-updown-5m-1781243400,FLAT,SKIP,,0
1,btc-updown-5m-1781243700,FLAT,SKIP,,0
1,btc-updown-5m-1781244000,FLAT,YES,1.5,1
1,btc-updown-5m-1781244300,FLAT,NO,0.7543859649122808,0
1,btc-updown-5m-1781244600,FLAT,NO,0.5625,0
1,btc-updown-5m-1781244900,DOWN,SKIP,,0
1,btc-updown-5m-1781245200,DOWN,NO,-1.0,1
1,btc-updown-5m-1781245500,DOWN,NO,0.8518518518518516,0
1,btc-updown-5m-1781245800,DOWN,SKIP,,0
1,btc-updown-5m-1781246100,DOWN,NO,-1.0,1
1,btc-updown-5m-1781246400,DOWN,SKIP,,0
1,btc-updown-5m-1781246700,DOWN,SKIP,,1
1,btc-updown-5m-1781247000,DOWN,SKIP,,0
1,btc-updown-5m-1781247300,DOWN,NO,-1.0,1
1,btc-updown-5m-1781247600,DOWN,NO,-1.0,1
1,btc-updown-5m-1781247900,DOWN,NO,1.127659574468085,0
1,btc-updown-5m-1781248200,DOWN,SKIP,,0
1,btc-updown-5m-1781248500,DOWN,YES,0.5384615384615383,1
1,btc-updown-5m-1781248800,DOWN,SKIP,,1
1,btc-updown-5m-1781249100,DOWN,YES,-1.0,0
1,btc-updown-5m-1781249400,DOWN,NO,2.7037037037037033,0
1,btc-updown-5m-1781249700,DOWN,YES,0.6949152542372883,1
1,btc-updown-5m-1781250000,DOWN,NO,2.0303030303030303,0
1,btc-updown-5m-1781250300,DOWN,SKIP,,0
1,btc-updown-5m-1781250600,DOWN,NO,0.40845070422535223,0
1,btc-updown-5m-1781250900,DOWN,NO,-1.0,1
1,btc-updown-5m-1781251200,DOWN,SKIP,,1
1,btc-updown-5m-1781251500,DOWN,NO,-1.0,1
1,btc-updown-5m-1781251800,DOWN,NO,-1.0,1
1,btc-updown-5m-1781252100,DOWN,NO,-1.0,1
1,btc-updown-5m-1781252400,DOWN,NO,-1.0,1
1,btc-updown-5m-1781252700,FLAT,YES,1.6315789473684212,1
1,btc-updown-5m-1781253000,FLAT,NO,0.4492753623188408,0
1,btc-updown-5m-1781253300,FLAT,NO,0.36986301369863006,0
1,btc-updown-5m-1781253600,FLAT,SKIP,,0
1,btc-updown-5m-1781253900,FLAT,NO,-1.0,1
1,btc-updown-5m-1781254200,UP,SKIP,,1
1,btc-updown-5m-1781254500,UP,NO,-1.0,1
1,btc-updown-5m-1781254800,UP,NO,0.5384615384615383,0
1,btc-updown-5m-1781255100,UP,NO,-1.0,1
1,btc-updown-5m-1781255400,UP,NO,-1.0,1
1,btc-updown-5m-1781255700,UP,SKIP,,1
1,btc-updown-5m-1781256000,UP,NO,-1.0,1
1,btc-updown-5m-1781256300,UP,NO,-1.0,1
1,btc-updown-5m-1781256600,UP,NO,-1.0,1
1,btc-updown-5m-1781256900,UP,SKIP,,0
1,btc-updown-5m-1781257200,UP,NO,-1.0,1
1,btc-updown-5m-1781257500,UP,NO,0.5384615384615383,0
1,btc-updown-5m-1781257800,UP,NO,0.9230769230769229,0
1,btc-updown-5m-1781258100,UP,NO,1.5,0
1,btc-updown-5m-1781258400,UP,NO,0.26582278481012644,0
1,btc-updown-5m-1781258700,UP,NO,-1.0,1
1,btc-updown-5m-1781259000,UP,SKIP,,0
1,btc-updown-5m-1781259300,UP,YES,-1.0,0
1,btc-updown-5m-1781259600,UP,NO,-1.0,1
1,btc-updown-5m-1781259900,UP,SKIP,,0
1,btc-updown-5m-1781260200,UP,NO,-1.0,1
1,btc-updown-5m-1781260500,UP,YES,-1.0,0
1,btc-updown-5m-1781269200,FLAT,NO,0.40845070422535223,0
1,btc-updown-5m-1781269500,FLAT,SKIP,,1
1,btc-updown-5m-1781269800,FLAT,NO,-1.0,1
1,btc-updown-5m-1781270100,FLAT,NO,-1.0,1
1,btc-updown-5m-1781270400,FLAT,YES,-1.0,0
1,btc-updown-5m-1781270700,FLAT,NO,0.8867924528301885,0
1,btc-updown-5m-1781271000,FLAT,SKIP,,0
1,btc-updown-5m-1781271300,FLAT,SKIP,,1
1,btc-updown-5m-1781271600,FLAT,SKIP,,0
1,btc-updown-5m-1781271900,FLAT,YES,0.4285714285714286,1
1,btc-updown-5m-1781272200,FLAT,SKIP,,0
1,btc-updown-5m-1781272500,FLAT,NO,-1.0,1
1,btc-updown-5m-1781272800,FLAT,NO,-1.0,1
1,btc-updown-5m-1781273100,FLAT,NO,-1.0,1
1,btc-updown-5m-1781273400,FLAT,YES,1.8571428571428572,1
1,btc-updown-5m-1781273700,FLAT,YES,-1.0,0
1,btc-updown-5m-1781274000,FLAT,NO,-1.0,1
1,btc-updown-5m-1781274300,FLAT,NO,-1.0,1
1,btc-updown-5m-1781274600,FLAT,NO,-1.0,1
1,btc-updown-5m-1781274900,FLAT,NO,-1.0,1
1,btc-updown-5m-1781275200,FLAT,NO,0.09890109890109877,0
1,btc-updown-5m-1781275500,FLAT,YES,0.4925373134328357,1
1,btc-updown-5m-1781275800,FLAT,NO,-1.0,1
1,btc-updown-5m-1781276100,FLAT,NO,-1.0,1
1,btc-updown-5m-1781276400,UP,NO,9.0,0
1,btc-updown-5m-1781276700,UP,SKIP,,1
1,btc-updown-5m-1781277000,UP,SKIP,,1
1,btc-updown-5m-1781277300,UP,YES,-1.0,0
1,btc-updown-5m-1781277600,UP,YES,1.5,1
1,btc-updown-5m-1781277900,UP,NO,1.1739130434782608,0
1,btc-updown-5m-1781278200,UP,NO,0.20481927710843384,0
1,btc-updown-5m-1781278500,UP,SKIP,,1
1,btc-updown-5m-1781278800,UP,SKIP,,0
1,btc-updown-5m-1781279100,UP,YES,-1.0,0
1,btc-updown-5m-1781279400,UP,SKIP,,1
1,btc-updown-5m-1781279700,UP,SKIP,,0
1,btc-updown-5m-1781280000,UP,NO,-1.0,1
1,btc-updown-5m-1781280300,UP,NO,-1.0,1
1,btc-updown-5m-1781280600,UP,NO,-1.0,1
1,btc-updown-5m-1781280900,UP,NO,6.142857142857142,0
1,btc-updown-5m-1781281200,UP,YES,0.9230769230769229,1
1,btc-updown-5m-1781281500,UP,NO,-1.0,1
1,btc-updown-5m-1781281800,UP,NO,0.8867924528301885,0
1,btc-updown-5m-1781282100,UP,SKIP,,1
1,btc-updown-5m-1781282400,UP,SKIP,,0
1,btc-updown-5m-1781282700,UP,NO,-1.0,1
1,btc-updown-5m-1781283000,UP,NO,1.3255813953488373,0
1,btc-updown-5m-1781283300,UP,YES,0.7241379310344829,1
1,btc-updown-5m-1781283600,UP,SKIP,,1
1,btc-updown-5m-1781283900,UP,NO,-1.0,1
1,btc-updown-5m-1781284200,UP,NO,0.20481927710843384,0
1,btc-updown-5m-1781284500,UP,YES,-1.0,0
1,btc-updown-5m-1781284800,FLAT,YES,-1.0,0
1,btc-updown-5m-1781285100,FLAT,SKIP,,1
1,btc-updown-5m-1781285400,FLAT,SKIP,,0
1,btc-updown-5m-1781285700,FLAT,YES,0.4285714285714286,1
1,btc-updown-5m-1781286000,FLAT,NO,0.8867924528301885,0
1,btc-updown-5m-1781286300,FLAT,YES,0.3157894736842106,1
2,btc-updown-5m-1781286600,FLAT,NO,1.272727272727273,0
2,btc-updown-5m-1781286900,FLAT,SKIP,,1
2,btc-updown-5m-1781287200,FLAT,YES,0.2987012987012987,1
2,btc-updown-5m-1781287500,FLAT,SKIP,,0
2,btc-updown-5m-1781287800,FLAT,SKIP,,1
2,btc-updown-5m-1781288100,FLAT,SKIP,,0
2,btc-updown-5m-1781288400,FLAT,NO,-1.0,1
2,btc-updown-5m-1781288700,FLAT,YES,1.5,1
2,btc-updown-5m-1781289000,FLAT,YES,0.9230769230769229,1
2,btc-updown-5m-1781289300,FLAT,NO,-1.0,1
2,btc-updown-5m-1781289600,FLAT,SKIP,,1
2,btc-updown-5m-1781289900,FLAT,SKIP,,0
2,btc-updown-5m-1781290200,FLAT,NO,0.8518518518518516,0
2,btc-updown-5m-1781290500,FLAT,NO,0.4492753623188408,0
2,btc-updown-5m-1781290800,FLAT,NO,-1.0,1
2,btc-updown-5m-1781291100,FLAT,SKIP,,0
2,btc-updown-5m-1781291400,FLAT,SKIP,,0
2,btc-updown-5m-1781291700,FLAT,YES,2.0303030303030303,1
2,btc-updown-5m-1781292000,FLAT,NO,0.2195121951219512,0
2,btc-updown-5m-1781292300,FLAT,SKIP,,1
2,btc-updown-5m-1781292600,FLAT,NO,0.11111111111111116,0
2,btc-updown-5m-1781292900,FLAT,NO,-1.0,1
2,btc-updown-5m-1781293200,FLAT,YES,-1.0,0
2,btc-updown-5m-1781293500,FLAT,NO,-1.0,1
2,btc-updown-5m-1781293800,FLAT,YES,-1.0,0
2,btc-updown-5m-1781294100,DOWN,NO,0.7857142857142856,0
2,btc-updown-5m-1781294400,DOWN,NO,-1.0,1
2,btc-updown-5m-1781294700,DOWN,NO,1.2222222222222223,0
2,btc-updown-5m-1781295000,DOWN,SKIP,,1
2,btc-updown-5m-1781295300,DOWN,SKIP,,0
2,btc-updown-5m-1781295600,DOWN,NO,0.6666666666666667,0
2,btc-updown-5m-1781295900,DOWN,NO,0.7857142857142856,0
2,btc-updown-5m-1781296200,DOWN,YES,0.33333333333333326,1
2,btc-updown-5m-1781296500,DOWN,YES,-1.0,0
2,btc-updown-5m-1781296800,DOWN,SKIP,,1
2,btc-updown-5m-1781297100,DOWN,YES,-1.0,0
2,btc-updown-5m-1781297400,DOWN,NO,1.2222222222222223,0
2,btc-updown-5m-1781297700,DOWN,SKIP,,1
2,btc-updown-5m-1781298000,DOWN,NO,1.3255813953488373,0
2,btc-updown-5m-1781298300,DOWN,YES,0.4492753623188408,1
2,btc-updown-5m-1781298600,DOWN,YES,0.4925373134328357,1
2,btc-updown-5m-1781298900,DOWN,YES,0.4492753623188408,1
2,btc-updown-5m-1781299200,DOWN,NO,0.38888888888888884,0
2,btc-updown-5m-1781299500,FLAT,NO,0.7857142857142856,0
2,btc-updown-5m-1781299800,FLAT,SKIP,,1
2,btc-updown-5m-1781300100,FLAT,SKIP,,1
2,btc-updown-5m-1781300400,FLAT,SKIP,,0
2,btc-updown-5m-1781300700,FLAT,SKIP,,0
2,btc-updown-5m-1781301000,FLAT,SKIP,,0
2,btc-updown-5m-1781301300,FLAT,NO,0.6129032258064517,0
2,btc-updown-5m-1781301600,FLAT,NO,-1.0,1
2,btc-updown-5m-1781301900,FLAT,NO,-1.0,1
2,btc-updown-5m-1781302200,FLAT,SKIP,,0
2,btc-updown-5m-1781302500,FLAT,NO,-1.0,1
2,btc-updown-5m-1781302800,FLAT,NO,-1.0,1
2,btc-updown-5m-1781303100,FLAT,YES,-1.0,0
2,btc-updown-5m-1781303400,FLAT,YES,-1.0,0
2,btc-updown-5m-1781303700,FLAT,YES,-1.0,0
2,btc-updown-5m-1781304000,FLAT,YES,0.639344262295082,1
2,btc-updown-5m-1781304300,FLAT,YES,-1.0,0
2,btc-updown-5m-1781304600,FLAT,YES,1.5,1
2,btc-updown-5m-1781304900,FLAT,SKIP,,1
2,btc-updown-5m-1781305200,FLAT,SKIP,,0
2,btc-updown-5m-1781305500,FLAT,NO,0.4492753623188408,0
2,btc-updown-5m-1781305800,FLAT,YES,0.5384615384615383,1
2,btc-updown-5m-1781306100,FLAT,YES,-1.0,0
2,btc-updown-5m-1781306400,FLAT,NO,-1.0,1
2,btc-updown-5m-1781306700,FLAT,YES,-1.0,0
2,btc-updown-5m-1781307000,FLAT,YES,-1.0,0
2,btc-updown-5m-1781307300,FLAT,YES,0.4925373134328357,1
2,btc-updown-5m-1781307600,FLAT,YES,0.23456790123456783,1
2,btc-updown-5m-1781307900,FLAT,YES,0.36986301369863006,1
2,btc-updown-5m-1781308200,FLAT,YES,0.4285714285714286,1
2,btc-updown-5m-1781308500,FLAT,SKIP,,1
2,btc-updown-5m-1781308800,FLAT,NO,0.8181818181818181,0
2,btc-updown-5m-1781309100,FLAT,YES,0.3157894736842106,1
2,btc-updown-5m-1781309400,FLAT,YES,2.4482758620689657,1
2,btc-updown-5m-1781309700,FLAT,YES,-1.0,0
2,btc-updown-5m-1781310000,FLAT,YES,0.26582278481012644,1
2,btc-updown-5m-1781310300,FLAT,YES,-1.0,0
2,btc-updown-5m-1781310600,FLAT,YES,0.2195121951219512,1
2,btc-updown-5m-1781310900,FLAT,YES,0.639344262295082,1
2,btc-updown-5m-1781311200,FLAT,NO,0.16279069767441867,0
2,btc-updown-5m-1781311500,FLAT,YES,-1.0,0
2,btc-updown-5m-1781311800,FLAT,SKIP,,1
2,btc-updown-5m-1781312100,FLAT,YES,0.5625,1
2,btc-updown-5m-1781312400,FLAT,YES,0.38888888888888884,1
2,btc-updown-5m-1781312700,FLAT,YES,0.5625,1
2,btc-updown-5m-1781313000,FLAT,SKIP,,0
2,btc-updown-5m-1781313300,FLAT,YES,-1.0,0
2,btc-updown-5m-1781313600,FLAT,YES,0.47058823529411753,1
2,btc-updown-5m-1781313900,FLAT,YES,0.38888888888888884,1
2,btc-updown-5m-1781314200,FLAT,SKIP,,0
2,btc-updown-5m-1781314500,FLAT,YES,0.38888888888888884,1
2,btc-updown-5m-1781314800,FLAT,SKIP,,1
2,btc-updown-5m-1781315100,FLAT,YES,0.2987012987012987,1
2,btc-updown-5m-1781315400,FLAT,YES,-1.0,0
2,btc-updown-5m-1781315700,FLAT,NO,-1.0,1
2,btc-updown-5m-1781316000,FLAT,NO,0.2987012987012987,0
2,btc-updown-5m-1781316300,UP,NO,-1.0,1
2,btc-updown-5m-1781316600,UP,SKIP,,0
2,btc-updown-5m-1781316900,UP,NO,-1.0,1
2,btc-updown-5m-1781317200,UP,NO,0.12359550561797761,0
2,btc-updown-5m-1781317500,UP,NO,0.6666666666666667,0
2,btc-updown-5m-1781317800,UP,NO,1.127659574468085,0
2,btc-updown-5m-1781318100,UP,NO,0.7857142857142856,0
2,btc-updown-5m-1781318400,FLAT,SKIP,,0
2,btc-updown-5m-1781318700,FLAT,YES,-1.0,0
2,btc-updown-5m-1781319000,FLAT,YES,0.8867924528301885,1
2,btc-updown-5m-1781319300,FLAT,NO,-1.0,1
2,btc-updown-5m-1781319600,FLAT,SKIP,,1
2,btc-updown-5m-1781319900,FLAT,YES,-1.0,0
2,btc-updown-5m-1781320200,FLAT,SKIP,,0
2,btc-updown-5m-1781320500,FLAT,YES,-1.0,0
2,btc-updown-5m-1781320800,FLAT,SKIP,,0
2,btc-updown-5m-1781321100,FLAT,SKIP,,0
2,btc-updown-5m-1781321400,FLAT,YES,-1.0,0
2,btc-updown-5m-1781321700,FLAT,SKIP,,1
2,btc-updown-5m-1781322000,FLAT,SKIP,,0
2,btc-updown-5m-1781322300,FLAT,NO,-1.0,1
2,btc-updown-5m-1781322600,FLAT,NO,-1.0,1
2,btc-updown-5m-1781322900,FLAT,NO,1.5,0
2,btc-updown-5m-1781323200,FLAT,YES,0.5151515151515151,1
2,btc-updown-5m-1781323500,FLAT,YES,-1.0,0
2,btc-updown-5m-1781323800,FLAT,YES,0.25,1
2,btc-updown-5m-1781324100,FLAT,SKIP,,1
2,btc-updown-5m-1781324400,FLAT,NO,-1.0,1
2,btc-updown-5m-1781324700,FLAT,YES,-1.0,0
2,btc-updown-5m-1781325000,FLAT,SKIP,,1
2,btc-updown-5m-1781325300,FLAT,NO,-1.0,1
2,btc-updown-5m-1781325600,FLAT,YES,0.38888888888888884,1
2,btc-updown-5m-1781325900,FLAT,NO,-1.0,1
2,btc-updown-5m-1781326200,FLAT,NO,0.36986301369863006,0
2,btc-updown-5m-1781326500,FLAT,SKIP,,0
2,btc-updown-5m-1781326800,FLAT,YES,1.5641025641025639,1
2,btc-updown-5m-1781327100,FLAT,SKIP,,1
2,btc-updown-5m-1781327400,FLAT,YES,0.4285714285714286,1
2,btc-updown-5m-1781327700,FLAT,SKIP,,0
2,btc-updown-5m-1781328000,FLAT,SKIP,,0
2,btc-updown-5m-1781328300,FLAT,YES,0.6949152542372883,1
2,btc-updown-5m-1781328600,FLAT,YES,-1.0,0
2,btc-updown-5m-1781328900,FLAT,SKIP,,1
2,btc-updown-5m-1781329200,FLAT,YES,0.4925373134328357,1
2,btc-updown-5m-1781329500,FLAT,NO,0.8518518518518516,0
2,btc-updown-5m-1781329800,FLAT,SKIP,,0
2,btc-updown-5m-1781330100,FLAT,SKIP,,1
2,btc-updown-5m-1781330400,FLAT,NO,0.4492753623188408,0
2,btc-updown-5m-1781330700,FLAT,SKIP,,1
2,btc-updown-5m-1781331000,FLAT,YES,-1.0,0
2,btc-updown-5m-1781331300,FLAT,NO,-1.0,1
2,btc-updown-5m-1781331600,FLAT,YES,-1.0,0
2,btc-updown-5m-1781331900,FLAT,NO,-1.0,1
2,btc-updown-5m-1781332200,FLAT,SKIP,,1
2,btc-updown-5m-1781332500,FLAT,NO,1.1739130434782608,0
2,btc-updown-5m-1781332800,FLAT,YES,-1.0,0
2,btc-updown-5m-1781333100,FLAT,YES,0.4285714285714286,1
2,btc-updown-5m-1781333400,FLAT,SKIP,,1
2,btc-updown-5m-1781333700,FLAT,SKIP,,1
2,btc-updown-5m-1781334000,FLAT,NO,0.13636363636363646,0
2,btc-updown-5m-1781334300,FLAT,SKIP,,1
2,btc-updown-5m-1781334600,FLAT,NO,-1.0,1
2,btc-updown-5m-1781334900,FLAT,NO,-1.0,1
2,btc-updown-5m-1781335200,FLAT,SKIP,,0
2,btc-updown-5m-1781335500,FLAT,NO,-1.0,1
2,btc-updown-5m-1781335800,FLAT,NO,0.8867924528301885,0
2,btc-updown-5m-1781336100,FLAT,SKIP,,1
2,btc-updown-5m-1781336400,FLAT,SKIP,,0
2,btc-updown-5m-1781336700,FLAT,NO,6.692307692307692,0
2,btc-updown-5m-1781337000,FLAT,NO,-1.0,1
2,btc-updown-5m-1781337300,FLAT,SKIP,,1
2,btc-updown-5m-1781337600,FLAT,SKIP,,0
2,btc-updown-5m-1781337900,FLAT,YES,2.846153846153846,1
2,btc-updown-5m-1781338200,FLAT,YES,-1.0,0
2,btc-updown-5m-1781338500,FLAT,SKIP,,1
2,btc-updown-5m-1781338800,FLAT,SKIP,,0
2,btc-updown-5m-1781339100,FLAT,YES,0.23456790123456783,1
2,btc-updown-5m-1781339400,FLAT,SKIP,,1
2,btc-updown-5m-1781339700,FLAT,SKIP,,1
2,btc-updown-5m-1781340000,FLAT,SKIP,,1
2,btc-updown-5m-1781340300,FLAT,YES,-1.0,0
2,btc-updown-5m-1781340600,FLAT,SKIP,,0
2,btc-updown-5m-1781340900,FLAT,NO,1.0408163265306123,0
2,btc-updown-5m-1781341200,FLAT,NO,-1.0,1
2,btc-updown-5m-1781341500,FLAT,SKIP,,0
2,btc-updown-5m-1781341800,FLAT,SKIP,,1
2,btc-updown-5m-1781342100,FLAT,YES,0.6129032258064517,1
2,btc-updown-5m-1781342400,FLAT,YES,0.6129032258064517,1
2,btc-updown-5m-1781342700,FLAT,NO,0.2195121951219512,0
2,btc-updown-5m-1781343000,FLAT,NO,1.0,0
2,btc-updown-5m-1781343300,FLAT,YES,0.6129032258064517,1
2,btc-updown-5m-1781343600,FLAT,SKIP,,1
2,btc-updown-5m-1781343900,FLAT,NO,0.4925373134328357,0
2,btc-updown-5m-1781344200,FLAT,NO,0.11111111111111116,0
2,btc-updown-5m-1781344500,FLAT,NO,1.5,0
2,btc-updown-5m-1781344800,FLAT,NO,1.272727272727273,0
2,btc-updown-5m-1781345100,FLAT,NO,-1.0,1
2,btc-updown-5m-1781345400,FLAT,YES,0.26582278481012644,1
2,btc-updown-5m-1781345700,FLAT,YES,2.846153846153846,1
2,btc-updown-5m-1781346000,FLAT,NO,0.2195121951219512,0
2,btc-updown-5m-1781346300,FLAT,YES,-1.0,0
2,btc-updown-5m-1781346600,FLAT,SKIP,,1
2,btc-updown-5m-1781346900,FLAT,SKIP,,1
2,btc-updown-5m-1781347200,FLAT,NO,-1.0,1
2,btc-updown-5m-1781347500,FLAT,YES,0.33333333333333326,1
2,btc-updown-5m-1781347800,FLAT,NO,1.1739130434782608,0
2,btc-updown-5m-1781348100,FLAT,SKIP,,0
2,btc-updown-5m-1781348400,FLAT,YES,0.20481927710843384,1
2,btc-updown-5m-1781348700,FLAT,YES,1.4390243902439024,1
2,btc-updown-5m-1781349000,FLAT,YES,2.571428571428571,1
2,btc-updown-5m-1781349300,FLAT,YES,0.2987012987012987,1
2,btc-updown-5m-1781349600,FLAT,NO,1.0833333333333335,0
2,btc-updown-5m-1781349900,FLAT,SKIP,,0
2,btc-updown-5m-1781350200,FLAT,NO,0.16279069767441867,0
2,btc-updown-5m-1781350500,FLAT,NO,0.9607843137254901,0
2,btc-updown-5m-1781350800,FLAT,SKIP,,1
2,btc-updown-5m-1781351100,FLAT,NO,0.5625,0
2,btc-updown-5m-1781351400,FLAT,NO,-1.0,1
2,btc-updown-5m-1781351700,FLAT,NO,-1.0,1
2,btc-updown-5m-1781352000,FLAT,NO,0.26582278481012644,0
2,btc-updown-5m-1781352300,FLAT,NO,0.13636363636363646,0
2,btc-updown-5m-1781352600,FLAT,YES,0.36986301369863006,1
2,btc-updown-5m-1781352900,FLAT,SKIP,,1
2,btc-updown-5m-1781353200,FLAT,SKIP,,1
2,btc-updown-5m-1781353500,FLAT,NO,-1.0,1
2,btc-updown-5m-1781353800,FLAT,YES,0.25,1
2,btc-updown-5m-1781354100,FLAT,YES,-1.0,0
2,btc-updown-5m-1781354400,FLAT,SKIP,,0
2,btc-updown-5m-1781354700,FLAT,SKIP,,1
2,btc-updown-5m-1781355000,FLAT,YES,0.6949152542372883,1
2,btc-updown-5m-1781355300,FLAT,NO,-1.0,1
2,btc-updown-5m-1781355600,FLAT,YES,-1.0,0
2,btc-updown-5m-1781355900,FLAT,NO,-1.0,1
2,btc-updown-5m-1781356200,FLAT,NO,-1.0,1
2,btc-updown-5m-1781356500,UP,NO,0.47058823529411753,0
2,btc-updown-5m-1781356800,UP,SKIP,,1
2,btc-updown-5m-1781357100,UP,NO,-1.0,1
2,btc-updown-5m-1781357400,UP,NO,0.13636363636363646,0
2,btc-updown-5m-1781357700,UP,SKIP,,1
2,btc-updown-5m-1781358000,UP,SKIP,,0
2,btc-updown-5m-1781358300,UP,SKIP,,0
2,btc-updown-5m-1781358600,UP,NO,0.4285714285714286,0
2,btc-updown-5m-1781358900,UP,NO,-1.0,1
2,btc-updown-5m-1781359200,UP,YES,0.4285714285714286,1
2,btc-updown-5m-1781359500,UP,SKIP,,1
2,btc-updown-5m-1781359800,UP,NO,0.4925373134328357,0
2,btc-updown-5m-1781360100,UP,SKIP,,1
2,btc-updown-5m-1781360400,UP,SKIP,,0
2,btc-updown-5m-1781360700,UP,NO,-1.0,1
2,btc-updown-5m-1781361000,FLAT,YES,0.4925373134328357,1
2,btc-updown-5m-1781361300,FLAT,SKIP,,1
2,btc-updown-5m-1781361600,FLAT,SKIP,,0
2,btc-updown-5m-1781361900,FLAT,YES,0.5873015873015872,1
2,btc-updown-5m-1781362200,FLAT,NO,-1.0,1
2,btc-updown-5m-1781362500,FLAT,YES,0.4285714285714286,1
2,btc-updown-5m-1781362800,FLAT,SKIP,,1
2,btc-updown-5m-1781363100,FLAT,SKIP,,1
2,btc-updown-5m-1781363400,FLAT,SKIP,,1
2,btc-updown-5m-1781363700,UP,NO,0.8867924528301885,0
2,btc-updown-5m-1781364000,UP,NO,-1.0,1
2,btc-updown-5m-1781364300,UP,NO,-1.0,1
2,btc-updown-5m-1781364600,UP,NO,0.9607843137254901,0
2,btc-updown-5m-1781364900,UP,NO,-1.0,1
2,btc-updown-5m-1781365200,UP,SKIP,,0
2,btc-updown-5m-1781365500,UP,NO,0.16279069767441867,0
2,btc-updown-5m-1781365800,FLAT,NO,-1.0,1
2,btc-updown-5m-1781366100,FLAT,YES,0.6129032258064517,1
2,btc-updown-5m-1781366400,FLAT,SKIP,,0
2,btc-updown-5m-1781366700,FLAT,SKIP,,1
2,btc-updown-5m-1781367000,FLAT,NO,1.4390243902439024,0
2,btc-updown-5m-1781367300,FLAT,NO,0.6666666666666667,0
2,btc-updown-5m-1781367600,FLAT,NO,0.3513513513513513,0
2,btc-updown-5m-1781367900,FLAT,YES,0.40845070422535223,1
2,btc-updown-5m-1781368200,FLAT,SKIP,,1
2,btc-updown-5m-1781368500,FLAT,YES,0.7241379310344829,1
2,btc-updown-5m-1781368800,FLAT,NO,-1.0,1
2,btc-updown-5m-1781369100,FLAT,NO,9.0,0
2,btc-updown-5m-1781369400,FLAT,SKIP,,1
2,btc-updown-5m-1781369700,FLAT,YES,0.3157894736842106,1
2,btc-updown-5m-1781370000,FLAT,NO,0.25,0
2,btc-updown-5m-1781370300,FLAT,SKIP,,1
2,btc-updown-5m-1781370600,FLAT,SKIP,,0
2,btc-updown-5m-1781370900,FLAT,NO,-1.0,1
2,btc-updown-5m-1781371200,FLAT,NO,0.5625,0
2,btc-updown-5m-1781371500,FLAT,YES,0.7241379310344829,1
2,btc-updown-5m-1781371800,FLAT,YES,2.0303030303030303,1
2,btc-updown-5m-1781372100,FLAT,SKIP,,0
2,btc-updown-5m-1781372400,FLAT,SKIP,,1
2,btc-updown-5m-1781372700,FLAT,NO,1.2222222222222223,0
2,btc-updown-5m-1781373000,FLAT,NO,0.14942528735632177,0
2,btc-updown-5m-1781373300,FLAT,NO,0.8867924528301885,0
2,btc-updown-5m-1781373600,FLAT,YES,0.38888888888888884,1
2,btc-updown-5m-1781373900,FLAT,NO,-1.0,1
2,btc-updown-5m-1781374200,FLAT,NO,0.6949152542372883,0
2,btc-updown-5m-1781374500,FLAT,YES,0.2987012987012987,1
2,btc-updown-5m-1781374800,FLAT,SKIP,,1
2,btc-updown-5m-1781375100,FLAT,NO,-1.0,1
2,btc-updown-5m-1781375400,FLAT,NO,-1.0,1
2,btc-updown-5m-1781375700,FLAT,YES,0.6666666666666667,1
2,btc-updown-5m-1781376000,FLAT,YES,0.5384615384615383,1
2,btc-updown-5m-1781376300,FLAT,NO,0.28205128205128194,0
2,btc-updown-5m-1781376600,FLAT,NO,-1.0,1
2,btc-updown-5m-1781376900,FLAT,NO,-1.0,1
2,btc-updown-5m-1781377200,FLAT,SKIP,,1
2,btc-updown-5m-1781377500,FLAT,SKIP,,1
2,btc-updown-5m-1781377800,FLAT,NO,-1.0,1
2,btc-updown-5m-1781378100,FLAT,NO,0.33333333333333326,0
2,btc-updown-5m-1781378400,FLAT,SKIP,,1
2,btc-updown-5m-1781378700,FLAT,SKIP,,0
2,btc-updown-5m-1781379000,FLAT,SKIP,,0
2,btc-updown-5m-1781379300,FLAT,SKIP,,1
2,btc-updown-5m-1781379600,FLAT,SKIP,,1
2,btc-updown-5m-1781379900,FLAT,NO,-1.0,1
2,btc-updown-5m-1781380200,FLAT,NO,0.5625,0
2,btc-updown-5m-1781380500,FLAT,NO,1.0833333333333335,0
2,btc-updown-5m-1781380800,FLAT,NO,0.36986301369863006,0
2,btc-updown-5m-1781381100,FLAT,SKIP,,1
2,btc-updown-5m-1781381400,FLAT,SKIP,,0
2,btc-updown-5m-1781381700,FLAT,NO,1.5641025641025639,0
2,btc-updown-5m-1781382000,FLAT,NO,1.0833333333333335,0
2,btc-updown-5m-1781382300,FLAT,NO,0.639344262295082,0
2,btc-updown-5m-1781382600,FLAT,YES,-1.0,0
2,btc-updown-5m-1781382900,FLAT,SKIP,,1
2,btc-updown-5m-1781383200,FLAT,NO,-1.0,1
2,btc-updown-5m-1781383500,FLAT,YES,0.639344262295082,1
2,btc-updown-5m-1781383800,FLAT,NO,-1.0,1
2,btc-updown-5m-1781384100,FLAT,NO,-1.0,1
2,btc-updown-5m-1781384400,FLAT,SKIP,,1
2,btc-updown-5m-1781384700,FLAT,NO,0.7241379310344829,0
2,btc-updown-5m-1781385000,FLAT,NO,0.4285714285714286,0
2,btc-updown-5m-1781385300,FLAT,YES,0.28205128205128194,1
2,btc-updown-5m-1781385600,FLAT,YES,-1.0,0
2,btc-updown-5m-1781385900,FLAT,YES,-1.0,0
2,btc-updown-5m-1781386200,FLAT,YES,0.33333333333333326,1
2,btc-updown-5m-1781386500,FLAT,YES,0.47058823529411753,1
2,btc-updown-5m-1781386800,FLAT,NO,-1.0,1
2,btc-updown-5m-1781387100,FLAT,SKIP,,0
2,btc-updown-5m-1781387400,FLAT,NO,0.38888888888888884,0
2,btc-updown-5m-1781387700,FLAT,NO,1.0833333333333335,0
2,btc-updown-5m-1781388000,FLAT,SKIP,,0
2,btc-updown-5m-1781388300,FLAT,YES,-1.0,0
2,btc-updown-5m-1781388600,FLAT,YES,1.8571428571428572,1
2,btc-updown-5m-1781388900,FLAT,YES,2.125,1
2,btc-updown-5m-1781389200,FLAT,NO,-1.0,1
2,btc-updown-5m-1781389500,FLAT,SKIP,,1
2,btc-updown-5m-1781389800,FLAT,NO,0.7241379310344829,0
2,btc-updown-5m-1781390100,FLAT,YES,-1.0,0
2,btc-updown-5m-1781390400,FLAT,SKIP,,1
2,btc-updown-5m-1781390700,FLAT,YES,-1.0,0
2,btc-updown-5m-1781391000,FLAT,YES,-1.0,0
2,btc-updown-5m-1781391300,FLAT,NO,0.9607843137254901,0
2,btc-updown-5m-1781391600,FLAT,SKIP,,0
2,btc-updown-5m-1781391900,FLAT,YES,-1.0,0
2,btc-updown-5m-1781392200,FLAT,NO,-1.0,1
2,btc-updown-5m-1781392500,FLAT,YES,0.2987012987012987,1
2,btc-updown-5m-1781392800,UP,NO,0.3513513513513513,0
2,btc-updown-5m-1781393100,UP,SKIP,,0
2,btc-updown-5m-1781393400,UP,NO,-1.0,1
2,btc-updown-5m-1781393700,UP,NO,1.127659574468085,0
2,btc-updown-5m-1781394000,UP,SKIP,,1
2,btc-updown-5m-1781394300,UP,YES,-1.0,0
2,btc-updown-5m-1781394600,UP,SKIP,,1
2,btc-updown-5m-1781394900,UP,SKIP,,1
2,btc-updown-5m-1781395200,UP,SKIP,,0
2,btc-updown-5m-1781395500,UP,YES,-1.0,0
2,btc-updown-5m-1781395800,UP,YES,0.6129032258064517,1
2,btc-updown-5m-1781396100,UP,NO,3.3478260869565215,0
2,btc-updown-5m-1781396400,UP,YES,0.28205128205128194,1
2,btc-updown-5m-1781396700,UP,NO,1.1739130434782608,0
2,btc-updown-5m-1781397000,UP,YES,0.40845070422535223,1
2,btc-updown-5m-1781397300,UP,SKIP,,1
2,btc-updown-5m-1781397600,UP,NO,0.9230769230769229,0
2,btc-updown-5m-1781397900,UP,YES,0.38888888888888884,1
2,btc-updown-5m-1781398200,UP,YES,-1.0,0
2,btc-updown-5m-1781398500,UP,SKIP,,1
2,btc-updown-5m-1781398800,FLAT,NO,0.8867924528301885,0
2,btc-updown-5m-1781399100,FLAT,SKIP,,1
2,btc-updown-5m-1781399400,FLAT,YES,0.20481927710843384,1
2,btc-updown-5m-1781399700,FLAT,SKIP,,1
2,btc-updown-5m-1781400000,UP,NO,1.6315789473684212,0
2,btc-updown-5m-1781400300,UP,NO,0.8518518518518516,0
2,btc-updown-5m-1781400600,UP,SKIP,,0
2,btc-updown-5m-1781400900,UP,NO,1.272727272727273,0
2,btc-updown-5m-1781401200,UP,NO,0.7543859649122808,0
2,btc-updown-5m-1781401500,UP,YES,0.28205128205128194,1
2,btc-updown-5m-1781401800,UP,YES,-1.0,0
2,btc-updown-5m-1781402100,UP,NO,0.23456790123456783,0
2,btc-updown-5m-1781402400,UP,YES,0.8518518518518516,1
2,btc-updown-5m-1781402700,FLAT,YES,-1.0,0
2,btc-updown-5m-1781403000,FLAT,YES,0.20481927710843384,1
2,btc-updown-5m-1781403300,FLAT,SKIP,,1
2,btc-updown-5m-1781403600,FLAT,SKIP,,0
2,btc-updown-5m-1781403900,FLAT,SKIP,,0
2,btc-updown-5m-1781404200,FLAT,SKIP,,1
2,btc-updown-5m-1781404500,FLAT,SKIP,,0
2,btc-updown-5m-1781404800,FLAT,SKIP,,0
2,btc-updown-5m-1781405100,FLAT,YES,-1.0,0
2,btc-updown-5m-1781405400,FLAT,SKIP,,0
2,btc-updown-5m-1781405700,FLAT,YES,0.47058823529411753,1
2,btc-updown-5m-1781406000,FLAT,YES,0.5151515151515151,1
2,btc-updown-5m-1781406300,FLAT,SKIP,,0
2,btc-updown-5m-1781406600,FLAT,YES,0.19047619047619047,1
2,btc-updown-5m-1781406900,FLAT,YES,0.36986301369863006,1
2,btc-updown-5m-1781407200,FLAT,SKIP,,1
2,btc-updown-5m-1781407500,FLAT,NO,-1.0,1
2,btc-updown-5m-1781407800,FLAT,SKIP,,1
2,btc-updown-5m-1781408100,FLAT,SKIP,,0
2,btc-updown-5m-1781408400,FLAT,NO,-1.0,1
2,btc-updown-5m-1781408700,FLAT,NO,0.5873015873015872,0
2,btc-updown-5m-1781409000,FLAT,YES,0.40845070422535223,1
2,btc-updown-5m-1781409300,FLAT,YES,0.38888888888888884,1
3,btc-updown-5m-1781409600,FLAT,NO,0.6949152542372883,0
3,btc-updown-5m-1781409900,FLAT,NO,0.7543859649122808,0
3,btc-updown-5m-1781410200,FLAT,SKIP,,0
3,btc-updown-5m-1781410500,FLAT,NO,-1.0,1
3,btc-updown-5m-1781410800,FLAT,SKIP,,0
3,btc-updown-5m-1781411100,FLAT,SKIP,,0
3,btc-updown-5m-1781411400,FLAT,NO,0.9607843137254901,0
3,btc-updown-5m-1781411700,FLAT,YES,-1.0,0
3,btc-updown-5m-1781412000,FLAT,YES,-1.0,0
3,btc-updown-5m-1781412300,FLAT,SKIP,,0
3,btc-updown-5m-1781412600,FLAT,SKIP,,0
3,btc-updown-5m-1781412900,FLAT,YES,-1.0,0
3,btc-updown-5m-1781413200,FLAT,SKIP,,1
3,btc-updown-5m-1781413500,FLAT,NO,1.0,0
3,btc-updown-5m-1781413800,FLAT,SKIP,,0
3,btc-updown-5m-1781414100,FLAT,NO,0.7857142857142856,0
3,btc-updown-5m-1781414400,FLAT,YES,-1.0,0
3,btc-updown-5m-1781414700,DOWN,SKIP,,0
3,btc-updown-5m-1781415000,DOWN,SKIP,,1
3,btc-updown-5m-1781415300,DOWN,NO,-1.0,1
3,btc-updown-5m-1781415600,DOWN,NO,-1.0,1
3,btc-updown-5m-1781415900,DOWN,NO,1.7777777777777777,0
3,btc-updown-5m-1781416200,DOWN,SKIP,,1
3,btc-updown-5m-1781416500,DOWN,SKIP,,0
3,btc-updown-5m-1781416800,DOWN,YES,0.3513513513513513,1
3,btc-updown-5m-1781417100,DOWN,NO,-1.0,1
3,btc-updown-5m-1781417400,FLAT,YES,1.5,1
3,btc-updown-5m-1781417700,FLAT,YES,-1.0,0
3,btc-updown-5m-1781418000,FLAT,SKIP,,0
3,btc-updown-5m-1781418300,FLAT,SKIP,,1
3,btc-updown-5m-1781418600,FLAT,SKIP,,0
3,btc-updown-5m-1781418900,FLAT,NO,0.12359550561797761,0
3,btc-updown-5m-1781419200,FLAT,NO,-1.0,1
3,btc-updown-5m-1781419500,FLAT,SKIP,,1
3,btc-updown-5m-1781419800,FLAT,YES,-1.0,0
3,btc-updown-5m-1781420100,FLAT,YES,0.36986301369863006,1
3,btc-updown-5m-1781420400,FLAT,YES,0.7857142857142856,1
3,btc-updown-5m-1781420700,FLAT,SKIP,,0
3,btc-updown-5m-1781421000,FLAT,NO,1.5641025641025639,0
3,btc-updown-5m-1781421300,FLAT,SKIP,,1
3,btc-updown-5m-1781421600,FLAT,YES,0.3157894736842106,1
3,btc-updown-5m-1781421900,FLAT,NO,1.0,0
3,btc-updown-5m-1781422200,FLAT,NO,0.12359550561797761,0
3,btc-updown-5m-1781422500,FLAT,NO,0.6666666666666667,0
3,btc-updown-5m-1781422800,FLAT,YES,-1.0,0
3,btc-updown-5m-1781423100,FLAT,SKIP,,1
3,btc-updown-5m-1781423400,FLAT,NO,-1.0,1
3,btc-updown-5m-1781423700,FLAT,YES,0.28205128205128194,1
3,btc-updown-5m-1781424000,FLAT,SKIP,,0
3,btc-updown-5m-1781424300,FLAT,YES,0.23456790123456783,1
3,btc-updown-5m-1781424600,FLAT,SKIP,,0
3,btc-updown-5m-1781424900,FLAT,YES,0.13636363636363646,1
3,btc-updown-5m-1781425200,FLAT,YES,-1.0,0
3,btc-updown-5m-1781425500,FLAT,SKIP,,0
3,btc-updown-5m-1781425800,FLAT,SKIP,,0
3,btc-updown-5m-1781426100,FLAT,YES,-1.0,0
3,btc-updown-5m-1781426400,FLAT,NO,-1.0,1
3,btc-updown-5m-1781426700,FLAT,YES,-1.0,0
3,btc-updown-5m-1781427000,FLAT,NO,-1.0,1
3,btc-updown-5m-1781427300,FLAT,YES,-1.0,0
3,btc-updown-5m-1781427600,FLAT,YES,2.571428571428571,1
3,btc-updown-5m-1781427900,FLAT,SKIP,,0
3,btc-updown-5m-1781428200,FLAT,NO,0.8867924528301885,0
3,btc-updown-5m-1781428500,FLAT,SKIP,,0
3,btc-updown-5m-1781428800,FLAT,YES,0.4925373134328357,1
3,btc-updown-5m-1781429100,FLAT,SKIP,,1
3,btc-updown-5m-1781429400,FLAT,SKIP,,1
3,btc-updown-5m-1781429700,FLAT,NO,-1.0,1
3,btc-updown-5m-1781430000,FLAT,SKIP,,1
3,btc-updown-5m-1781430300,FLAT,NO,-1.0,1
3,btc-updown-5m-1781430600,FLAT,SKIP,,1
3,btc-updown-5m-1781430900,FLAT,SKIP,,1
3,btc-updown-5m-1781431200,FLAT,NO,0.16279069767441867,0
3,btc-updown-5m-1781431500,FLAT,SKIP,,0
3,btc-updown-5m-1781431800,FLAT,SKIP,,0
3,btc-updown-5m-1781432100,FLAT,YES,1.3255813953488373,1
3,btc-updown-5m-1781432400,FLAT,NO,-1.0,1
3,btc-updown-5m-1781432700,FLAT,NO,0.16279069767441867,0
3,btc-updown-5m-1781433000,FLAT,YES,1.0408163265306123,1
3,btc-updown-5m-1781433300,FLAT,SKIP,,0
3,btc-updown-5m-1781433600,FLAT,NO,0.6666666666666667,0
3,btc-updown-5m-1781433900,FLAT,SKIP,,0
3,btc-updown-5m-1781434200,FLAT,YES,0.16279069767441867,1
3,btc-updown-5m-1781434500,FLAT,SKIP,,0
3,btc-updown-5m-1781434800,FLAT,SKIP,,0
3,btc-updown-5m-1781435100,FLAT,YES,0.5384615384615383,1
3,btc-updown-5m-1781435400,FLAT,SKIP,,1
3,btc-updown-5m-1781435700,FLAT,SKIP,,0
3,btc-updown-5m-1781436000,FLAT,NO,-1.0,1
3,btc-updown-5m-1781436300,FLAT,SKIP,,1
3,btc-updown-5m-1781436600,FLAT,YES,0.28205128205128194,1
3,btc-updown-5m-1781436900,FLAT,YES,-1.0,0
3,btc-updown-5m-1781437200,FLAT,NO,0.8518518518518516,0
3,btc-updown-5m-1781437500,FLAT,SKIP,,1
3,btc-updown-5m-1781437800,FLAT,NO,1.7027027027027026,0
3,btc-updown-5m-1781438100,FLAT,YES,-1.0,0
3,btc-updown-5m-1781438400,FLAT,SKIP,,1
3,btc-updown-5m-1781438700,FLAT,NO,0.12359550561797761,0
3,btc-updown-5m-1781439000,FLAT,YES,-1.0,0
3,btc-updown-5m-1781439300,FLAT,NO,1.8571428571428572,0
3,btc-updown-5m-1781439600,FLAT,SKIP,,1
3,btc-updown-5m-1781439900,FLAT,NO,0.23456790123456783,0
3,btc-updown-5m-1781440200,FLAT,SKIP,,0
3,btc-updown-5m-1781440500,FLAT,SKIP,,0
3,btc-updown-5m-1781440800,FLAT,SKIP,,1
3,btc-updown-5m-1781441100,FLAT,NO,0.7857142857142856,0
3,btc-updown-5m-1781441400,FLAT,YES,-1.0,0
3,btc-updown-5m-1781441700,FLAT,YES,0.5625,1
3,btc-updown-5m-1781442000,FLAT,SKIP,,1
3,btc-updown-5m-1781442300,FLAT,SKIP,,1
3,btc-updown-5m-1781442600,FLAT,NO,-1.0,1
3,btc-updown-5m-1781442900,FLAT,NO,9.0,0
3,btc-updown-5m-1781443200,FLAT,NO,-1.0,1
3,btc-updown-5m-1781443500,FLAT,SKIP,,0
3,btc-updown-5m-1781443800,FLAT,YES,1.127659574468085,1
3,btc-updown-5m-1781444100,FLAT,SKIP,,0
3,btc-updown-5m-1781444400,FLAT,YES,0.2987012987012987,1
3,btc-updown-5m-1781444700,FLAT,SKIP,,0
3,btc-updown-5m-1781445000,FLAT,SKIP,,0
3,btc-updown-5m-1781445300,FLAT,SKIP,,1
3,btc-updown-5m-1781445600,FLAT,SKIP,,1
3,btc-updown-5m-1781445900,FLAT,NO,1.7027027027027026,0
3,btc-updown-5m-1781446200,FLAT,NO,-1.0,1
3,btc-updown-5m-1781446500,FLAT,SKIP,,0
3,btc-updown-5m-1781446800,DOWN,SKIP,,0
3,btc-updown-5m-1781447100,DOWN,NO,0.7241379310344829,0
3,btc-updown-5m-1781447400,DOWN,YES,-1.0,0
3,btc-updown-5m-1781447700,DOWN,YES,-1.0,0
3,btc-updown-5m-1781448000,DOWN,NO,-1.0,1
3,btc-updown-5m-1781448300,DOWN,YES,-1.0,0
3,btc-updown-5m-1781448600,DOWN,NO,-1.0,1
3,btc-updown-5m-1781448900,DOWN,SKIP,,1
3,btc-updown-5m-1781449200,DOWN,NO,-1.0,1
3,btc-updown-5m-1781449500,DOWN,NO,0.4285714285714286,0
3,btc-updown-5m-1781449800,FLAT,YES,-1.0,0
3,btc-updown-5m-1781450100,FLAT,NO,0.9607843137254901,0
3,btc-updown-5m-1781450400,FLAT,YES,0.36986301369863006,1
3,btc-updown-5m-1781450700,FLAT,NO,0.23456790123456783,0
3,btc-updown-5m-1781451000,FLAT,YES,-1.0,0
3,btc-updown-5m-1781451300,FLAT,NO,-1.0,1
3,btc-updown-5m-1781451600,FLAT,NO,0.4492753623188408,0
3,btc-updown-5m-1781451900,FLAT,NO,-1.0,1
3,btc-updown-5m-1781452200,FLAT,YES,1.2222222222222223,1
3,btc-updown-5m-1781452500,FLAT,NO,0.4492753623188408,0
3,btc-updown-5m-1781452800,FLAT,SKIP,,1
3,btc-updown-5m-1781453100,FLAT,YES,-1.0,0
3,btc-updown-5m-1781453400,FLAT,SKIP,,1
3,btc-updown-5m-1781453700,FLAT,YES,-1.0,0
3,btc-updown-5m-1781454000,DOWN,NO,-1.0,1
3,btc-updown-5m-1781454300,DOWN,YES,-1.0,0
3,btc-updown-5m-1781454600,DOWN,YES,0.4285714285714286,1
3,btc-updown-5m-1781454900,DOWN,NO,0.9230769230769229,0
3,btc-updown-5m-1781455200,DOWN,NO,0.6666666666666667,0
3,btc-updown-5m-1781455500,DOWN,SKIP,,0
3,btc-updown-5m-1781455800,DOWN,NO,1.0408163265306123,0
3,btc-updown-5m-1781456100,DOWN,SKIP,,0
3,btc-updown-5m-1781456400,DOWN,SKIP,,1
3,btc-updown-5m-1781456700,DOWN,NO,0.08695652173913038,0
3,btc-updown-5m-1781628900,FLAT,NO,-1.0,1
3,btc-updown-5m-1781629200,FLAT,YES,-1.0,0
3,btc-updown-5m-1781629500,FLAT,SKIP,,1
3,btc-updown-5m-1781629800,FLAT,SKIP,,1
3,btc-updown-5m-1781630100,FLAT,SKIP,,1
3,btc-updown-5m-1781630400,FLAT,SKIP,,1
3,btc-updown-5m-1781630700,FLAT,SKIP,,0
3,btc-updown-5m-1781631000,FLAT,YES,0.9607843137254901,1
3,btc-updown-5m-1781631300,FLAT,YES,-1.0,0
3,btc-updown-5m-1781631600,FLAT,YES,0.5873015873015872,1
3,btc-updown-5m-1781631900,FLAT,NO,-1.0,1
3,btc-updown-5m-1781632200,FLAT,NO,-1.0,1
3,btc-updown-5m-1781632500,FLAT,SKIP,,1
3,btc-updown-5m-1781632800,FLAT,NO,-1.0,1
3,btc-updown-5m-1781633100,FLAT,SKIP,,0
3,btc-updown-5m-1781633400,FLAT,SKIP,,1
3,btc-updown-5m-1781633700,FLAT,SKIP,,0
3,btc-updown-5m-1781634000,FLAT,SKIP,,0
3,btc-updown-5m-1781634300,FLAT,NO,0.5151515151515151,0
3,btc-updown-5m-1781634600,FLAT,SKIP,,1
3,btc-updown-5m-1781634900,FLAT,SKIP,,0
3,btc-updown-5m-1781635200,FLAT,YES,1.7777777777777777,1
3,btc-updown-5m-1781635500,FLAT,YES,0.4285714285714286,1
3,btc-updown-5m-1781635800,FLAT,SKIP,,0
3,btc-updown-5m-1781636100,FLAT,SKIP,,0
3,btc-updown-5m-1781636400,FLAT,SKIP,,0
3,btc-updown-5m-1781636700,FLAT,NO,-1.0,1
3,btc-updown-5m-1781637000,FLAT,NO,0.12359550561797761,0
3,btc-updown-5m-1781637300,FLAT,SKIP,,0
3,btc-updown-5m-1781637600,FLAT,SKIP,,1
3,btc-updown-5m-1781637900,FLAT,SKIP,,1
3,btc-updown-5m-1781638200,FLAT,YES,-1.0,0
3,btc-updown-5m-1781638500,FLAT,NO,0.38888888888888884,0
3,btc-updown-5m-1781638800,FLAT,NO,-1.0,1
3,btc-updown-5m-1781639100,FLAT,YES,0.25,1
3,btc-updown-5m-1781639400,FLAT,SKIP,,0
3,btc-updown-5m-1781639700,FLAT,YES,2.3333333333333335,1
3,btc-updown-5m-1781640000,FLAT,NO,0.12359550561797761,0
3,btc-updown-5m-1781640300,FLAT,SKIP,,1
3,btc-updown-5m-1781640600,FLAT,NO,-1.0,1
3,btc-updown-5m-1781640900,FLAT,NO,-1.0,1
3,btc-updown-5m-1781641200,FLAT,SKIP,,0
3,btc-updown-5m-1781641500,FLAT,YES,-1.0,0
3,btc-updown-5m-1781641800,FLAT,YES,0.5151515151515151,1
3,btc-updown-5m-1781642100,FLAT,YES,0.28205128205128194,1
3,btc-updown-5m-1781642400,FLAT,NO,-1.0,1
3,btc-updown-5m-1781642700,FLAT,NO,1.2222222222222223,0
3,btc-updown-5m-1781643000,FLAT,SKIP,,1
3,btc-updown-5m-1781643300,FLAT,SKIP,,1
3,btc-updown-5m-1781643600,FLAT,NO,0.5384615384615383,0
3,btc-updown-5m-1781643900,FLAT,YES,0.38888888888888884,1
3,btc-updown-5m-1781644200,FLAT,NO,0.12359550561797761,0
3,btc-updown-5m-1781644500,FLAT,SKIP,,0
3,btc-updown-5m-1781644800,FLAT,NO,0.4285714285714286,0
3,btc-updown-5m-1781645100,FLAT,NO,0.19047619047619047,0
3,btc-updown-5m-1781645400,FLAT,SKIP,,1
3,btc-updown-5m-1781645700,FLAT,SKIP,,0
3,btc-updown-5m-1781646000,FLAT,SKIP,,1
3,btc-updown-5m-1781646300,FLAT,YES,0.5384615384615383,1
3,btc-updown-5m-1781646600,FLAT,NO,-1.0,1
3,btc-updown-5m-1781646900,FLAT,YES,-1.0,0
3,btc-updown-5m-1781647200,FLAT,SKIP,,0
3,btc-updown-5m-1781647500,FLAT,SKIP,,1
3,btc-updown-5m-1781647800,FLAT,NO,-1.0,1
3,btc-updown-5m-1781648100,FLAT,NO,-1.0,1
3,btc-updown-5m-1781648400,FLAT,SKIP,,0
3,btc-updown-5m-1781648700,FLAT,NO,-1.0,1
3,btc-updown-5m-1781649000,FLAT,SKIP,,0
3,btc-updown-5m-1781649300,FLAT,NO,-1.0,1
3,btc-updown-5m-1781649600,FLAT,NO,1.127659574468085,0
3,btc-updown-5m-1781649900,FLAT,SKIP,,0
3,btc-updown-5m-1781650200,FLAT,YES,0.6129032258064517,1
3,btc-updown-5m-1781650500,FLAT,YES,0.23456790123456783,1
3,btc-updown-5m-1781650800,FLAT,YES,0.2987012987012987,1
3,btc-updown-5m-1781651100,FLAT,NO,0.14942528735632177,0
3,btc-updown-5m-1781651400,FLAT,SKIP,,0
3,btc-updown-5m-1781651700,FLAT,NO,0.38888888888888884,0
3,btc-updown-5m-1781652000,FLAT,NO,0.7857142857142856,0
3,btc-updown-5m-1781652300,FLAT,SKIP,,1
3,btc-updown-5m-1781652600,FLAT,NO,-1.0,1
3,btc-updown-5m-1781652900,FLAT,NO,0.40845070422535223,0
3,btc-updown-5m-1781653200,FLAT,SKIP,,0
3,btc-updown-5m-1781653500,FLAT,YES,-1.0,0
3,btc-updown-5m-1781653800,FLAT,SKIP,,1
3,btc-updown-5m-1781654100,FLAT,NO,-1.0,1
3,btc-updown-5m-1781654400,FLAT,SKIP,,1
3,btc-updown-5m-1781654700,FLAT,YES,0.3513513513513513,1
3,btc-updown-5m-1781655000,FLAT,SKIP,,1
3,btc-updown-5m-1781655300,FLAT,NO,-1.0,1
3,btc-updown-5m-1781655600,FLAT,SKIP,,0
3,btc-updown-5m-1781655900,FLAT,NO,-1.0,1
3,btc-updown-5m-1781656200,FLAT,NO,-1.0,1
3,btc-updown-5m-1781656500,FLAT,SKIP,,0
3,btc-updown-5m-1781656800,FLAT,NO,-1.0,1
3,btc-updown-5m-1781657100,FLAT,YES,1.2222222222222223,1
3,btc-updown-5m-1781657400,FLAT,SKIP,,0
3,btc-updown-5m-1781657700,FLAT,SKIP,,1
3,btc-updown-5m-1781658000,FLAT,SKIP,,1
3,btc-updown-5m-1781658300,FLAT,SKIP,,0
3,btc-updown-5m-1781658600,FLAT,SKIP,,1
3,btc-updown-5m-1781659200,FLAT,YES,-1.0,0
3,btc-updown-5m-1781659500,FLAT,YES,0.9607843137254901,1
3,btc-updown-5m-1781659800,FLAT,SKIP,,1
3,btc-updown-5m-1781660100,FLAT,YES,0.5151515151515151,1
3,btc-updown-5m-1781660400,FLAT,NO,-1.0,1
3,btc-updown-5m-1781660700,FLAT,SKIP,,1
3,btc-updown-5m-1781661000,FLAT,SKIP,,0
3,btc-updown-5m-1781661300,FLAT,NO,-1.0,1
3,btc-updown-5m-1781661600,FLAT,SKIP,,0
3,btc-updown-5m-1781661900,FLAT,SKIP,,0
3,btc-updown-5m-1781662200,FLAT,NO,-1.0,1
3,btc-updown-5m-1781662500,FLAT,NO,1.0408163265306123,0
3,btc-updown-5m-1781662800,FLAT,YES,0.26582278481012644,1
3,btc-updown-5m-1781663100,FLAT,SKIP,,1
3,btc-updown-5m-1781663400,FLAT,SKIP,,0
3,btc-updown-5m-1781663700,FLAT,SKIP,,0
3,btc-updown-5m-1781664000,FLAT,SKIP,,1
3,btc-updown-5m-1781664300,FLAT,NO,-1.0,1
3,btc-updown-5m-1781664600,FLAT,YES,-1.0,0
3,btc-updown-5m-1781664900,FLAT,YES,0.19047619047619047,1
3,btc-updown-5m-1781665200,FLAT,SKIP,,0
3,btc-updown-5m-1781665500,FLAT,NO,0.6129032258064517,0
3,btc-updown-5m-1781665800,FLAT,NO,0.7543859649122808,0
3,btc-updown-5m-1781666100,FLAT,SKIP,,0
3,btc-updown-5m-1781666400,FLAT,NO,1.2222222222222223,0
3,btc-updown-5m-1781666700,FLAT,SKIP,,1
3,btc-updown-5m-1781667000,FLAT,SKIP,,1
3,btc-updown-5m-1781667300,FLAT,YES,-1.0,0
3,btc-updown-5m-1781667600,FLAT,NO,1.380952380952381,0
3,btc-updown-5m-1781667900,FLAT,SKIP,,0
3,btc-updown-5m-1781668200,FLAT,SKIP,,1
3,btc-updown-5m-1781668500,FLAT,YES,2.846153846153846,1
3,btc-updown-5m-1781668800,FLAT,SKIP,,1
3,btc-updown-5m-1781669100,FLAT,SKIP,,1
3,btc-updown-5m-1781669400,FLAT,NO,7.333333333333334,0
3,btc-updown-5m-1781669700,FLAT,YES,-1.0,0
3,btc-updown-5m-1781670000,FLAT,YES,0.40845070422535223,1
3,btc-updown-5m-1781670300,FLAT,SKIP,,1
3,btc-updown-5m-1781670600,FLAT,YES,-1.0,0
3,btc-updown-5m-1781670900,FLAT,NO,-1.0,1
3,btc-updown-5m-1781671200,FLAT,SKIP,,1
3,btc-updown-5m-1781671500,FLAT,SKIP,,1
3,btc-updown-5m-1781671800,FLAT,SKIP,,0
3,btc-updown-5m-1781672100,FLAT,NO,0.40845070422535223,0
3,btc-updown-5m-1781672400,FLAT,NO,-1.0,1
3,btc-updown-5m-1781672700,FLAT,NO,0.12359550561797761,0
3,btc-updown-5m-1781673000,FLAT,NO,-1.0,1
3,btc-updown-5m-1781673300,FLAT,NO,0.16279069767441867,0
3,btc-updown-5m-1781673600,FLAT,NO,-1.0,1
3,btc-updown-5m-1781673900,FLAT,SKIP,,1
3,btc-updown-5m-1781674200,FLAT,NO,-1.0,1
3,btc-updown-5m-1781674500,FLAT,NO,-1.0,1
3,btc-updown-5m-1781674800,FLAT,YES,0.25,1
3,btc-updown-5m-1781675100,FLAT,NO,1.272727272727273,0
3,btc-updown-5m-1781675400,FLAT,SKIP,,0
3,btc-updown-5m-1781675700,FLAT,YES,0.5151515151515151,1
3,btc-updown-5m-1781676000,FLAT,YES,2.0303030303030303,1
3,btc-updown-5m-1781676300,FLAT,NO,-1.0,1
3,btc-updown-5m-1781676600,FLAT,YES,2.4482758620689657,1
3,btc-updown-5m-1781676900,FLAT,SKIP,,1
3,btc-updown-5m-1781677200,FLAT,YES,-1.0,0
3,btc-updown-5m-1781677500,FLAT,SKIP,,0
3,btc-updown-5m-1781677800,FLAT,SKIP,,1
3,btc-updown-5m-1781678100,FLAT,SKIP,,0
3,btc-updown-5m-1781678400,FLAT,SKIP,,0
3,btc-updown-5m-1781678700,FLAT,SKIP,,1
3,btc-updown-5m-1781679000,FLAT,NO,0.5384615384615383,0
3,btc-updown-5m-1781679300,DOWN,YES,-1.0,0
3,btc-updown-5m-1781679600,DOWN,SKIP,,0
3,btc-updown-5m-1781679900,DOWN,SKIP,,1
3,btc-updown-5m-1781680200,DOWN,YES,0.16279069767441867,1
3,btc-updown-5m-1781680500,DOWN,SKIP,,0
3,btc-updown-5m-1781680800,DOWN,SKIP,,0
3,btc-updown-5m-1781681100,DOWN,NO,-1.0,1
3,btc-updown-5m-1781681400,DOWN,NO,1.127659574468085,0
3,btc-updown-5m-1781681700,DOWN,NO,1.127659574468085,0
3,btc-updown-5m-1781682000,DOWN,SKIP,,1
3,btc-updown-5m-1781682300,DOWN,YES,-1.0,0
3,btc-updown-5m-1781682600,DOWN,NO,1.272727272727273,0
3,btc-updown-5m-1781682900,DOWN,NO,-1.0,1
3,btc-updown-5m-1781683200,DOWN,NO,0.8867924528301885,0
3,btc-updown-5m-1781683500,DOWN,NO,0.9230769230769229,0
3,btc-updown-5m-1781683800,DOWN,YES,-1.0,0
3,btc-updown-5m-1781684100,FLAT,YES,-1.0,0
3,btc-updown-5m-1781684400,FLAT,NO,-1.0,1
3,btc-updown-5m-1781684700,FLAT,SKIP,,0
3,btc-updown-5m-1781685000,DOWN,SKIP,,0
3,btc-updown-5m-1781685300,DOWN,SKIP,,0
3,btc-updown-5m-1781685600,DOWN,SKIP,,0
3,btc-updown-5m-1781685900,DOWN,NO,1.8571428571428572,0
3,btc-updown-5m-1781686200,DOWN,NO,-1.0,1
3,btc-updown-5m-1781686500,DOWN,SKIP,,1
3,btc-updown-5m-1781686800,DOWN,SKIP,,1
3,btc-updown-5m-1781687100,DOWN,SKIP,,0
3,btc-updown-5m-1781687400,DOWN,NO,-1.0,1
3,btc-updown-5m-1781687700,DOWN,SKIP,,1
3,btc-updown-5m-1781688000,DOWN,NO,0.11111111111111116,0
3,btc-updown-5m-1781688300,DOWN,NO,-1.0,1
3,btc-updown-5m-1781688600,DOWN,SKIP,,0
3,btc-updown-5m-1781688900,DOWN,YES,-1.0,0
3,btc-updown-5m-1781689200,DOWN,YES,-1.0,0
3,btc-updown-5m-1781689500,DOWN,NO,-1.0,1
3,btc-updown-5m-1781689800,DOWN,NO,0.13636363636363646,0
3,btc-updown-5m-1781690100,DOWN,YES,1.2222222222222223,1
3,btc-updown-5m-1781690400,DOWN,NO,15.666666666666668,0
3,btc-updown-5m-1781690700,DOWN,YES,0.36986301369863006,1
3,btc-updown-5m-1781691000,DOWN,YES,0.19047619047619047,1
3,btc-updown-5m-1781691300,DOWN,SKIP,,0
3,btc-updown-5m-1781691600,DOWN,SKIP,,1
3,btc-updown-5m-1781691900,DOWN,YES,2.4482758620689657,1
3,btc-updown-5m-1781692200,DOWN,YES,0.36986301369863006,1
3,btc-updown-5m-1781692500,DOWN,SKIP,,0
3,btc-updown-5m-1781692800,DOWN,YES,0.5384615384615383,1
3,btc-updown-5m-1781693100,DOWN,YES,-1.0,0
3,btc-updown-5m-1781693400,DOWN,YES,-1.0,0
3,btc-updown-5m-1781693700,DOWN,SKIP,,0
3,btc-updown-5m-1781694000,DOWN,NO,0.4492753623188408,0
3,btc-updown-5m-1781694300,DOWN,NO,0.639344262295082,0
3,btc-updown-5m-1781694600,DOWN,NO,1.272727272727273,0
3,btc-updown-5m-1781694900,DOWN,YES,0.6949152542372883,1
3,btc-updown-5m-1781695200,DOWN,SKIP,,1
3,btc-updown-5m-1781695500,DOWN,YES,0.20481927710843384,1
3,btc-updown-5m-1781695800,DOWN,YES,0.8181818181818181,1
3,btc-updown-5m-1781696100,DOWN,YES,1.127659574468085,1
3,btc-updown-5m-1781696400,DOWN,SKIP,,1
3,btc-updown-5m-1781696700,DOWN,SKIP,,1
3,btc-updown-5m-1781697000,DOWN,SKIP,,1
3,btc-updown-5m-1781697300,DOWN,NO,0.8518518518518516,0
3,btc-updown-5m-1781697600,DOWN,SKIP,,1
3,btc-updown-5m-1781697900,DOWN,YES,0.33333333333333326,1
3,btc-updown-5m-1781698200,DOWN,YES,-1.0,0
3,btc-updown-5m-1781698500,DOWN,NO,0.6666666666666667,0
3,btc-updown-5m-1781698800,DOWN,SKIP,,0
3,btc-updown-5m-1781699100,DOWN,YES,-1.0,0
3,btc-updown-5m-1781699400,FLAT,SKIP,,1
3,btc-updown-5m-1781699700,FLAT,SKIP,,1
3,btc-updown-5m-1781700000,FLAT,SKIP,,1
3,btc-updown-5m-1781700300,FLAT,SKIP,,1
3,btc-updown-5m-1781700600,FLAT,SKIP,,0
3,btc-updown-5m-1781700900,FLAT,SKIP,,1
3,btc-updown-5m-1781701200,FLAT,NO,1.0833333333333335,0
3,btc-updown-5m-1781701500,FLAT,YES,-1.0,0
3,btc-updown-5m-1781701800,FLAT,YES,0.3513513513513513,1
3,btc-updown-5m-1781702100,FLAT,SKIP,,0
3,btc-updown-5m-1781702400,FLAT,SKIP,,0
3,btc-updown-5m-1781702700,FLAT,YES,1.5,1
3,btc-updown-5m-1781703000,FLAT,NO,-1.0,1
3,btc-updown-5m-1781703300,FLAT,SKIP,,1
3,btc-updown-5m-1781703600,FLAT,NO,-1.0,1
3,btc-updown-5m-1781703900,FLAT,NO,-1.0,1
3,btc-updown-5m-1781704200,UP,YES,0.8181818181818181,1
3,btc-updown-5m-1781704500,UP,SKIP,,0
4,btc-updown-5m-1781704800,UP,SKIP,,0
4,btc-updown-5m-1781705100,UP,NO,-1.0,1
