feature,allow_rule,threshold,allowed_dangerous,blocked_dangerous,blocked_safe,allowed_safe,false_positive_rate_allowed_danger,false_negative_rate_blocked_safe,score
kalshi_btc_distance_from_target,kalshi_btc_distance_from_target >= 0,0.0,2608,0,15,13298,1.0,0.0011267182453241194,1.001126718245324
kalshi_btc_distance_from_target,kalshi_btc_distance_from_target >= 1.54,1.5399999999935972,2476,132,640,12673,0.9493865030674846,0.048073311800495754,0.9974598148679804
kalshi_btc_distance_from_target,kalshi_btc_distance_from_target >= 3.71,3.709999999991851,2337,271,1268,12045,0.8960889570552147,0.09524524900473222,0.9913342060599469
kalshi_btc_distance_from_target,kalshi_btc_distance_from_target >= 5.92,5.919999999998254,2160,448,1960,11353,0.8282208588957055,0.14722451738901826,0.9754453762847237
kalshi_btc_distance_from_target,kalshi_btc_distance_from_target >= 8.14,8.139999999999418,2007,601,2668,10645,0.7695552147239264,0.20040561856831668,0.9699608332922431
kalshi_btc_distance_from_target,kalshi_btc_distance_from_target >= 10.31,10.309999999997672,1850,758,3437,9876,0.7093558282208589,0.25816870727859986,0.9675245354994587
kalshi_btc_distance_from_target,kalshi_btc_distance_from_target >= 13.06,13.059999999997672,1558,1050,4034,9279,0.5973926380368099,0.3030120934424998,0.9004047314793097
kalshi_btc_distance_from_target,kalshi_btc_distance_from_target >= 15.99,15.989999999990687,1389,1219,4700,8613,0.5325920245398773,0.3530383835348907,0.885630408074768
kalshi_btc_distance_from_target,kalshi_btc_distance_from_target >= 18.99,18.99000000000524,1165,1443,5384,7929,0.44670245398773006,0.40441673552167057,0.8511191895094006
kalshi_btc_distance_from_target,kalshi_btc_distance_from_target >= 22.49,22.49000000000524,870,1738,5972,7341,0.33358895705521474,0.448584090738376,0.7821730477935908
kalshi_btc_distance_from_target,kalshi_btc_distance_from_target >= 26.45,26.44999999999709,677,1931,6572,6741,0.2595858895705521,0.4936528205513408,0.7532387101218929
kalshi_btc_distance_from_target,kalshi_btc_distance_from_target >= 30.48,30.479999999995925,523,2085,7218,6095,0.20053680981595093,0.5421768196499662,0.7427136294659171
kalshi_btc_distance_from_target,kalshi_btc_distance_from_target >= 34.27,34.270000000004075,346,2262,7856,5457,0.13266871165644173,0.5900999023510854,0.7227686140075271
kalshi_btc_distance_from_target,kalshi_btc_distance_from_target >= 39.5,39.5,187,2421,8455,4858,0.07170245398773006,0.635093517614362,0.706795971602092
kalshi_btc_distance_from_target,kalshi_btc_distance_from_target >= 45.21,45.2100000000064,133,2475,9070,4243,0.05099693251533742,0.6812889656726507,0.7322858981879882
kalshi_btc_distance_from_target,kalshi_btc_distance_from_target >= 52.94,52.939999999987776,98,2510,9818,3495,0.037576687116564415,0.7374746488394802,0.7750513359560446
kalshi_btc_distance_from_target,kalshi_btc_distance_from_target >= 59.68,59.679999999993015,80,2528,10539,2774,0.03067484662576687,0.7916322391647262,0.8223070857904932
kalshi_btc_distance_from_target,kalshi_btc_distance_from_target >= 67.96,67.95999999999185,6,2602,11199,2114,0.0023006134969325155,0.8412078419589875,0.84350845545592
kalshi_btc_distance_from_target,kalshi_btc_distance_from_target >= 80.02,80.01999999998952,6,2602,11945,1368,0.0023006134969325155,0.8972432960264404,0.8995439095233729
kalshi_btc_distance_from_target,kalshi_btc_distance_from_target >= 102.95,102.94999999999709,0,2608,12620,693,0.0,0.9479456170660256,0.9479456170660256
kalshi_btc_distance_from_target,kalshi_btc_distance_from_target >= 267.11,267.1100000000006,0,2608,13305,8,0.0,0.9993990836024939,0.9993990836024939
polymarket_btc_distance_from_target,polymarket_btc_distance_from_target >= 0.00308418,0.0030841830448480323,2608,0,0,13313,1.0,0.0,1.0
polymarket_btc_distance_from_target,polymarket_btc_distance_from_target >= 2.39537,2.3953660476690857,2353,255,538,12775,0.9022239263803681,0.04041162773229175,0.9426355541126599
polymarket_btc_distance_from_target,polymarket_btc_distance_from_target >= 4.81709,4.817087409028318,2121,487,1097,12216,0.8132668711656442,0.08240066100803725,0.8956675321736814
polymarket_btc_distance_from_target,polymarket_btc_distance_from_target >= 7.41575,7.4157460579735925,1896,712,1669,11644,0.7269938650306749,0.12536618342973033,0.8523600484604053
polymarket_btc_distance_from_target,polymarket_btc_distance_from_target >= 9.79046,9.790459684474627,1714,894,2280,11033,0.6572085889570553,0.17126117328926613,0.8284697622463214
polymarket_btc_distance_from_target,polymarket_btc_distance_from_target >= 12.4714,12.47144985786872,1490,1118,2847,10466,0.571319018404908,0.21385112296251785,0.7851701413674258
polymarket_btc_distance_from_target,polymarket_btc_distance_from_target >= 14.7129,14.712857638252899,1259,1349,3406,9907,0.48274539877300615,0.25584015623826334,0.7385855550112694
polymarket_btc_distance_from_target,polymarket_btc_distance_from_target >= 17.0164,17.016382185160182,1087,1521,4029,9284,0.41679447852760737,0.30263652069405844,0.7194309992216659
polymarket_btc_distance_from_target,polymarket_btc_distance_from_target >= 19.6838,19.683797447025427,934,1674,4666,8647,0.3581288343558282,0.3504844888454894,0.7086133232013176
polymarket_btc_distance_from_target,polymarket_btc_distance_from_target >= 22.6633,22.663319857878378,729,1879,5259,8054,0.27952453987730064,0.39502741681063624,0.6745519566879369
polymarket_btc_distance_from_target,polymarket_btc_distance_from_target >= 26.3138,26.313830694634817,573,2035,5892,7421,0.21970858895705522,0.44257492676331406,0.6622835157203693
polymarket_btc_distance_from_target,polymarket_btc_distance_from_target >= 29.8753,29.875281288070255,465,2143,6582,6731,0.17829754601226994,0.49440396604822356,0.6727015120604936
polymarket_btc_distance_from_target,polymarket_btc_distance_from_target >= 33.0898,33.089770000005956,295,2313,7204,6109,0.11311349693251534,0.5411252159543304,0.6542387128868458
polymarket_btc_distance_from_target,polymarket_btc_distance_from_target >= 37.0804,37.08042499999283,199,2409,7902,5411,0.0763036809815951,0.5935551716367461,0.6698588526183412
polymarket_btc_distance_from_target,polymarket_btc_distance_from_target >= 41.4596,41.45955123237218,103,2505,8595,4718,0.03949386503067485,0.6456095545707203,0.6851034196013952
polymarket_btc_distance_from_target,polymarket_btc_distance_from_target >= 47.7931,47.793100316033815,43,2565,9337,3976,0.016487730061349692,0.7013445504394201,0.7178322805007699
polymarket_btc_distance_from_target,polymarket_btc_distance_from_target >= 54.7893,54.78930990921799,19,2589,10115,3198,0.0072852760736196315,0.7597836700968977,0.7670689461705174
polymarket_btc_distance_from_target,polymarket_btc_distance_from_target >= 63.4915,63.4915355569683,15,2593,10904,2409,0.005751533742331288,0.8190490498009464,0.8248005835432777
polymarket_btc_distance_from_target,polymarket_btc_distance_from_target >= 76.6432,76.6432231769868,1,2607,11683,1630,0.0003834355828220859,0.8775632840081123,0.8779467195909344
polymarket_btc_distance_from_target,polymarket_btc_distance_from_target >= 104.636,104.63611999999557,0,2608,12502,811,0.0,0.9390821002028092,0.9390821002028092
polymarket_btc_distance_from_target,polymarket_btc_distance_from_target >= 270.551,270.55070132072433,0,2608,13312,1,0.0,0.9999248854503118,0.9999248854503118
min_distance_from_target,min_distance_from_target >= 0,0.0,2608,0,15,13298,1.0,0.0011267182453241194,1.001126718245324
min_distance_from_target,min_distance_from_target >= 1.2333,1.2333046452258714,2348,260,720,12593,0.9003067484662577,0.05408247577555773,0.9543892242418154
min_distance_from_target,min_distance_from_target >= 2.57,2.570000000006985,2179,429,1323,11990,0.8355061349693251,0.09937654923758732,0.9348826842069125
min_distance_from_target,min_distance_from_target >= 4.06511,4.0651144235016545,1941,667,1939,11374,0.7442484662576687,0.14564711184556448,0.8898955781032332
min_distance_from_target,min_distance_from_target >= 5.79302,5.7930248483025935,1746,862,2635,10678,0.6694785276073619,0.19792683842860362,0.8674053660359655
min_distance_from_target,min_distance_from_target >= 7.81663,7.816628158383537,1584,1024,3365,9948,0.6073619631901841,0.2527604597010441,0.8601224228912282
min_distance_from_target,min_distance_from_target >= 9.83004,9.830043113935972,1368,1240,4068,9245,0.5245398773006135,0.30556598813190117,0.8301058654325146
min_distance_from_target,min_distance_from_target >= 12.0862,12.086150080605876,1082,1526,4626,8687,0.4148773006134969,0.3474799068579584,0.7623572074714553
min_distance_from_target,min_distance_from_target >= 14.6346,14.634550939823384,880,1728,5291,8022,0.3374233128834356,0.397431082400661,0.7348543952840966
min_distance_from_target,min_distance_from_target >= 16.7876,16.787622709060088,709,1899,5865,7448,0.2718558282208589,0.44054683392173066,0.7124026621425896
min_distance_from_target,min_distance_from_target >= 19.72,19.72000948812638,503,2105,6508,6805,0.1928680981595092,0.48884548937129124,0.6817135875308005
min_distance_from_target,min_distance_from_target >= 23.47,23.470000000001164,326,2282,7117,6196,0.125,0.5345902501314505,0.6595902501314505
min_distance_from_target,min_distance_from_target >= 28.53,28.529999999998836,228,2380,7809,5504,0.08742331288343558,0.5865695185157365,0.6739928313991721
min_distance_from_target,min_distance_from_target >= 32.3229,32.322864999994636,120,2488,8414,4899,0.046012269938650305,0.6320138210771427,0.6780260910157929
min_distance_from_target,min_distance_from_target >= 37.338,37.338039543363266,58,2550,9047,4266,0.02223926380368098,0.6795613310298205,0.7018005948335015
min_distance_from_target,min_distance_from_target >= 41.7016,41.701640297760605,30,2578,9649,3664,0.011503067484662576,0.7247802899421618,0.7362833574268244
min_distance_from_target,min_distance_from_target >= 47.8515,47.851528566665365,15,2593,10302,3011,0.005751533742331288,0.7738300908886051,0.7795816246309364
min_distance_from_target,min_distance_from_target >= 54.7893,54.78930990921799,5,2603,10998,2315,0.0019171779141104294,0.8261098174716442,0.8280269953857546
min_distance_from_target,min_distance_from_target >= 65.7301,65.73012999999628,0,2608,11727,1586,0.0,0.8808683241943964,0.8808683241943964
min_distance_from_target,min_distance_from_target >= 89.9909,89.99090121107292,0,2608,12492,821,0.0,0.9383309547059265,0.9383309547059265
min_distance_from_target,min_distance_from_target >= 231.147,231.14716999999655,0,2608,13312,1,0.0,0.9999248854503118,0.9999248854503118
source_price_gap,source_price_gap <= 0.000225,0.00022499999613501132,1,2607,13313,0,0.0003834355828220859,1.0,1.000383435582822
source_price_gap,source_price_gap <= 1.13175,1.131748351501301,120,2488,12638,675,0.046012269938650305,0.9492976789604146,0.9953099488990649
source_price_gap,source_price_gap <= 2.21686,2.2168600000004517,267,2341,11987,1326,0.10237730061349694,0.9003981071133479,1.002775407726845
source_price_gap,source_price_gap <= 3.23048,3.230484719228116,405,2203,11334,1979,0.15529141104294478,0.8513483061669045,1.0066397172098493
source_price_gap,source_price_gap <= 4.06837,4.0683699999935925,541,2067,10681,2632,0.20743865030674846,0.8022985052204612,1.0097371555272097
source_price_gap,source_price_gap <= 4.95121,4.951214999993681,666,1942,10012,3301,0.2553680981595092,0.7520468714790055,1.0074149696385146
source_price_gap,source_price_gap <= 5.77592,5.775915333040757,812,1796,9363,3950,0.3113496932515337,0.7032975287313152,1.014647221982849
source_price_gap,source_price_gap <= 6.70945,6.709451121947495,983,1625,8738,4575,0.37691717791411045,0.6563509351761436,1.0332681130902541
source_price_gap,source_price_gap <= 7.63533,7.635332821766497,1118,1490,8080,5233,0.42868098159509205,0.6069255614812589,1.035606543076351
source_price_gap,source_price_gap <= 8.56147,8.561472836285247,1257,1351,7428,5885,0.481978527607362,0.5579508750845039,1.039929402691866
source_price_gap,source_price_gap <= 9.584,9.584004999996978,1400,1208,6779,6534,0.5368098159509203,0.5092015323368136,1.0460113482877338
source_price_gap,source_price_gap <= 10.7952,10.795234999997774,1530,1078,6114,7199,0.5866564417177914,0.459250356794111,1.0459067985119024
source_price_gap,source_price_gap <= 12.1118,12.11184306445648,1658,950,5443,7870,0.6357361963190185,0.40884849395327877,1.0445846902722973
source_price_gap,source_price_gap <= 13.7887,13.788652405521134,1791,817,4779,8534,0.6867331288343558,0.3589724329602644,1.04570556179462
source_price_gap,source_price_gap <= 15.7569,15.7569422947563,1892,716,4080,9233,0.7254601226993865,0.30646736272816044,1.031927485427547
source_price_gap,source_price_gap <= 18.1347,18.13467225182103,2011,597,3405,9908,0.7710889570552147,0.25576504168857506,1.02685399874379
source_price_gap,source_price_gap <= 21.173,21.172978095826693,2152,456,2749,10564,0.8251533742331288,0.20648989709306692,1.0316432713261958
source_price_gap,source_price_gap <= 25.227,25.226999034610344,2275,333,2074,11239,0.8723159509202454,0.15578757605348156,1.0281035269737269
source_price_gap,source_price_gap <= 30.6058,30.605841279000742,2407,201,1404,11909,0.9229294478527608,0.10546082776233756,1.0283902756150982
source_price_gap,source_price_gap <= 41.5871,41.58706999999413,2509,99,699,12614,0.9620398773006135,0.05250507023210396,1.0145449475327175
source_price_gap,source_price_gap <= 227.919,227.9189268846676,2608,0,0,13313,1.0,0.0,1.0
source_price_gap_relative_to_target_distance,source_price_gap_relative_to_target_distance <= 4.17219e-05,4.172192076455184e-05,1,2607,13313,0,0.0003834355828220859,1.0,1.000383435582822
source_price_gap_relative_to_target_distance,source_price_gap_relative_to_target_distance <= 0.04321,0.04321003680441706,34,2574,12550,763,0.01303680981595092,0.9426875985878465,0.9557244084037974
source_price_gap_relative_to_target_distance,source_price_gap_relative_to_target_distance <= 0.0832175,0.08321745517746308,88,2520,11809,1504,0.03374233128834356,0.887027717268835,0.9207700485571786
source_price_gap_relative_to_target_distance,source_price_gap_relative_to_target_distance <= 0.124829,0.12482874828285764,163,2445,11100,2213,0.0625,0.8337715015398482,0.8962715015398482
source_price_gap_relative_to_target_distance,source_price_gap_relative_to_target_distance <= 0.165334,0.16533390980248244,213,2395,10351,2962,0.0816717791411043,0.7775107038233305,0.8591824829644348
source_price_gap_relative_to_target_distance,source_price_gap_relative_to_target_distance <= 0.209665,0.20966541946895678,310,2298,9654,3659,0.11886503067484662,0.7251558626906032,0.8440208933654498
source_price_gap_relative_to_target_distance,source_price_gap_relative_to_target_distance <= 0.256573,0.25657288946413687,391,2217,8950,4363,0.14992331288343558,0.6722752197100579,0.8221985325934935
source_price_gap_relative_to_target_distance,source_price_gap_relative_to_target_distance <= 0.308201,0.3082010710016242,484,2124,8250,5063,0.18558282208588958,0.6196950349282656,0.8052778570141552
source_price_gap_relative_to_target_distance,source_price_gap_relative_to_target_distance <= 0.363401,0.3634005016818848,622,1986,7593,5720,0.23849693251533743,0.5703447757830692,0.8088417082984066
source_price_gap_relative_to_target_distance,source_price_gap_relative_to_target_distance <= 0.42483,0.4248302297765963,788,1820,6963,6350,0.30214723926380366,0.5230226094794562,0.8251698487432599
source_price_gap_relative_to_target_distance,source_price_gap_relative_to_target_distance <= 0.506697,0.5066968296681225,947,1661,6325,6988,0.3631134969325153,0.47509952677833694,0.8382130237108523
source_price_gap_relative_to_target_distance,source_price_gap_relative_to_target_distance <= 0.614576,0.6145756719583151,1105,1503,5688,7625,0.42369631901840493,0.42725155862690606,0.850947877645311
source_price_gap_relative_to_target_distance,source_price_gap_relative_to_target_distance <= 0.744738,0.7447376777058011,1275,1333,5060,8253,0.4888803680981595,0.38007962142266954,0.8689599895208291
source_price_gap_relative_to_target_distance,source_price_gap_relative_to_target_distance <= 0.938909,0.9389088945645091,1434,1174,4419,8894,0.5498466257668712,0.33193119507248553,0.8817778208393567
source_price_gap_relative_to_target_distance,source_price_gap_relative_to_target_distance <= 1.27355,1.2735514322924004,1523,1085,3713,9600,0.5839723926380368,0.2789003229925637,0.8628727156306004
source_price_gap_relative_to_target_distance,source_price_gap_relative_to_target_distance <= 1.74819,1.7481880259678944,1695,913,3089,10224,0.6499233128834356,0.2320288439870803,0.881952156870516
source_price_gap_relative_to_target_distance,source_price_gap_relative_to_target_distance <= 2.51013,2.510128900892244,1843,765,2438,10875,0.7066717791411042,0.1831292721400135,0.8898010512811177
source_price_gap_relative_to_target_distance,source_price_gap_relative_to_target_distance <= 3.56116,3.561157268166965,1996,612,1793,11520,0.7653374233128835,0.1346803875910764,0.9000178109039598
source_price_gap_relative_to_target_distance,source_price_gap_relative_to_target_distance <= 5.64296,5.642964822003978,2178,430,1182,12131,0.8351226993865031,0.0887853977315406,0.9239080971180437
source_price_gap_relative_to_target_distance,source_price_gap_relative_to_target_distance <= 11.8382,11.83816509436229,2378,230,587,12726,0.9118098159509203,0.0440922406670172,0.9559020566179375
source_price_gap_relative_to_target_distance,source_price_gap_relative_to_target_distance <= 2146.36,2146.356335111001,2608,0,22,13291,1.0,0.0016525200931420416,1.001652520093142
seconds_to_expiry,seconds_to_expiry >= 0,0.0,2608,0,0,13313,1.0,0.0,1.0
seconds_to_expiry,seconds_to_expiry >= 37.313,37.313,2467,141,665,12648,0.9459355828220859,0.04995117554270262,0.9958867583647886
seconds_to_expiry,seconds_to_expiry >= 75.855,75.855,2319,289,1306,12007,0.8891871165644172,0.09809960189288665,0.9872867184573039
seconds_to_expiry,seconds_to_expiry >= 118.294,118.294,2156,452,1934,11379,0.8266871165644172,0.14527153909712312,0.9719586556615403
seconds_to_expiry,seconds_to_expiry >= 160.235,160.235,1997,611,2572,10741,0.7657208588957055,0.19319462179824232,0.9589154806939478
seconds_to_expiry,seconds_to_expiry >= 201.005,201.005,1857,751,3232,10081,0.7120398773006135,0.24277022459250358,0.954810101893117
seconds_to_expiry,seconds_to_expiry >= 243.548,243.548,1707,901,3881,9432,0.6545245398773006,0.2915195673401938,0.9460441072174944
seconds_to_expiry,seconds_to_expiry >= 284.83,284.83,1582,1026,4560,8753,0.6065950920245399,0.34252234657853226,0.9491174386030721
seconds_to_expiry,seconds_to_expiry >= 330.112,330.112,1440,1168,5220,8093,0.5521472392638037,0.3920979493727935,0.9442451886365972
seconds_to_expiry,seconds_to_expiry >= 373.052,373.052,1312,1296,5886,7427,0.5030674846625767,0.4421242394651844,0.9451917241277611
seconds_to_expiry,seconds_to_expiry >= 416.516,416.516,1184,1424,6550,6763,0.4539877300613497,0.49200030045819876,0.9459880305195485
seconds_to_expiry,seconds_to_expiry >= 458.794,458.794,1061,1547,7228,6085,0.40682515337423314,0.5429279651468489,0.9497531185210821
seconds_to_expiry,seconds_to_expiry >= 502.016,502.016,955,1653,7918,5395,0.36618098159509205,0.5947570044317584,0.9609379860268504
seconds_to_expiry,seconds_to_expiry >= 547.728,547.728,839,1769,8596,4717,0.32170245398773006,0.6456846691204087,0.9673871231081388
seconds_to_expiry,seconds_to_expiry >= 594.385,594.385,719,1889,9270,4043,0.27569018404907975,0.6963118756103057,0.9720020596593855
seconds_to_expiry,seconds_to_expiry >= 642.979,642.979,589,2019,9934,3379,0.2258435582822086,0.7461879366033201,0.9720314948855286
seconds_to_expiry,seconds_to_expiry >= 696.557,696.557,463,2145,10600,2713,0.17753067484662577,0.796214226695711,0.9737449015423367
seconds_to_expiry,seconds_to_expiry >= 744.557,744.557,342,2266,11272,2041,0.13113496932515337,0.8466912040862316,0.9778261734113849
seconds_to_expiry,seconds_to_expiry >= 793.709,793.709,214,2394,11939,1374,0.08205521472392638,0.8967926087283107,0.9788478234522371
seconds_to_expiry,seconds_to_expiry >= 839.191,839.191,92,2516,12611,702,0.0352760736196319,0.9472695861188312,0.9825456597384631
seconds_to_expiry,seconds_to_expiry >= 896.053,896.053,0,2608,13312,1,0.0,0.9999248854503118,0.9999248854503118
fraction_of_window_elapsed,fraction_of_window_elapsed <= 0,0.0,3,2605,13286,27,0.0011503067484662577,0.9979719071584165,0.9991222139068828
fraction_of_window_elapsed,fraction_of_window_elapsed <= 0.0517486,0.051748591806135225,106,2502,12598,715,0.040644171779141106,0.9462930969728837,0.9869372687520248
fraction_of_window_elapsed,fraction_of_window_elapsed <= 0.102565,0.10256504703276859,223,2385,11925,1388,0.08550613496932516,0.8957410050326748,0.981247140002
fraction_of_window_elapsed,fraction_of_window_elapsed <= 0.158773,0.15877297899438014,352,2256,11262,2051,0.13496932515337423,0.8459400585893487,0.980909383742723
fraction_of_window_elapsed,fraction_of_window_elapsed <= 0.21298,0.21297976633371707,475,2133,10595,2718,0.1821319018404908,0.7958386539472696,0.9779705557877604
fraction_of_window_elapsed,fraction_of_window_elapsed <= 0.272408,0.2724084064487582,599,2009,9928,3385,0.22967791411042945,0.7457372493051904,0.9754151634156198
fraction_of_window_elapsed,fraction_of_window_elapsed <= 0.326979,0.32697936313134146,726,1882,9265,4048,0.27837423312883436,0.6959363028618644,0.9743105359906987
fraction_of_window_elapsed,fraction_of_window_elapsed <= 0.38056,0.3805601668820694,846,1762,8593,4720,0.3243865030674847,0.6454593254713438,0.9698458285388285
fraction_of_window_elapsed,fraction_of_window_elapsed <= 0.431427,0.4314272478359822,959,1649,7916,5397,0.3677147239263804,0.5946067753323819,0.9623214992587623
fraction_of_window_elapsed,fraction_of_window_elapsed <= 0.480589,0.48058890901613993,1067,1541,7232,6081,0.40912576687116564,0.5432284233456021,0.9523541902167677
fraction_of_window_elapsed,fraction_of_window_elapsed <= 0.52776,0.527759532323471,1186,1422,6561,6752,0.45475460122699385,0.49282656050476975,0.9475811617317635
fraction_of_window_elapsed,fraction_of_window_elapsed <= 0.576562,0.5765621696513317,1312,1296,5896,7417,0.5030674846625767,0.44287538496206713,0.9459428696246438
fraction_of_window_elapsed,fraction_of_window_elapsed <= 0.624902,0.6249021569091666,1438,1170,5229,8084,0.5513803680981595,0.392773980319988,0.9441543484181475
fraction_of_window_elapsed,fraction_of_window_elapsed <= 0.676572,0.6765720179198762,1581,1027,4573,8740,0.6062116564417178,0.3434988357244798,0.9497104921661976
fraction_of_window_elapsed,fraction_of_window_elapsed <= 0.722847,0.72284724958481,1705,903,3901,9412,0.6537576687116564,0.2930218583339593,0.9467795270456156
fraction_of_window_elapsed,fraction_of_window_elapsed <= 0.770799,0.770799009224079,1852,756,3256,10057,0.7101226993865031,0.24457297378502216,0.9546956731715253
fraction_of_window_elapsed,fraction_of_window_elapsed <= 0.816053,0.8160530359394811,1991,617,2601,10712,0.763420245398773,0.19537294373920228,0.9587931891379753
fraction_of_window_elapsed,fraction_of_window_elapsed <= 0.86359,0.863590002524615,2150,458,1969,11344,0.8243865030674846,0.14790054833621272,0.9722870514036973
fraction_of_window_elapsed,fraction_of_window_elapsed <= 0.912069,0.9120686370106362,2316,292,1336,11977,0.8880368098159509,0.10035303838353489,0.9883898481994858
fraction_of_window_elapsed,fraction_of_window_elapsed <= 0.956948,0.9569476199480841,2464,144,677,12636,0.9447852760736196,0.050852550138961915,0.9956378262125816
fraction_of_window_elapsed,fraction_of_window_elapsed <= 1,1.0,2608,0,0,13313,1.0,0.0,1.0
kalshi_spread,kalshi_spread <= 0.001,0.0009999999999998899,0,2608,13312,1,0.0,0.9999248854503118,0.9999248854503118
kalshi_spread,kalshi_spread <= 0.001,0.0010000000000000009,99,2509,12253,1060,0.037960122699386506,0.9203785773304289,0.9583387000298155
kalshi_spread,kalshi_spread <= 0.002,0.0020000000000000018,127,2481,11817,1496,0.04869631901840491,0.8876286336663411,0.936324952684746
kalshi_spread,kalshi_spread <= 0.003,0.003000000000000001,130,2478,11630,1683,0.04984662576687116,0.8735822128746338,0.9234288386415049
kalshi_spread,kalshi_spread <= 0.004,0.004,168,2440,11150,2163,0.06441717791411043,0.837527229024262,0.9019444069383724
kalshi_spread,kalshi_spread <= 0.005,0.005,193,2415,10785,2528,0.07400306748466258,0.8101104183880418,0.8841134858727043
kalshi_spread,kalshi_spread <= 0.006,0.005999999999999999,212,2396,10432,2881,0.08128834355828221,0.7835949823480808,0.864883325906363
kalshi_spread,kalshi_spread <= 0.007,0.006999999999999999,236,2372,10089,3224,0.09049079754601227,0.7578306918050026,0.8483214893510149
kalshi_spread,kalshi_spread <= 0.008,0.007999999999999997,250,2358,9910,3403,0.09585889570552147,0.7443851874108015,0.8402440831163229
kalshi_spread,kalshi_spread <= 0.009,0.008999999999999897,263,2345,9769,3544,0.10084355828220859,0.7337940359047548,0.8346375941869634
kalshi_spread,kalshi_spread <= 0.01,0.009999999999999898,309,2299,9386,3927,0.11848159509202454,0.7050251633741456,0.82350675846617
kalshi_spread,kalshi_spread <= 0.01,0.010000000000000009,2232,376,1883,11430,0.8558282208588958,0.14144069706302112,0.9972689179219169
kalshi_spread,kalshi_spread <= 0.011,0.01100000000000001,2246,362,1797,11516,0.8611963190184049,0.1349808457898295,0.9961771648082344
kalshi_spread,kalshi_spread <= 0.013,0.0129999999999999,2254,354,1736,11577,0.8642638036809815,0.13039885825884473,0.9946626619398262
kalshi_spread,kalshi_spread <= 0.014,0.013999999999999999,2260,348,1703,11610,0.8665644171779141,0.12792007811913167,0.9944844952970457
kalshi_spread,kalshi_spread <= 0.015,0.015000000000000013,2262,346,1681,11632,0.8673312883435583,0.12626755802598963,0.993598846369548
kalshi_spread,kalshi_spread <= 0.018,0.018000000000000002,2267,341,1659,11654,0.8692484662576687,0.12461503793284759,0.9938635041905163
kalshi_spread,kalshi_spread <= 0.02,0.02,2383,225,1365,11948,0.9137269938650306,0.10253136032449485,1.0162583541895256
kalshi_spread,kalshi_spread <= 0.024,0.024,2553,55,660,12653,0.9789110429447853,0.04957560279426125,1.0284866457390465
kalshi_spread,kalshi_spread <= 0.04,0.03999999999999998,2575,33,611,12702,0.9873466257668712,0.045894989859535794,1.033241615626407
kalshi_spread,kalshi_spread <= 0.06,0.06,2584,24,609,12704,0.99079754601227,0.045744760760159243,1.0365423067724293
polymarket_spread,polymarket_spread <= -0.71,-0.71,0,2608,13310,3,0.0,0.9997746563509352,0.9997746563509352
polymarket_spread,polymarket_spread <= -0.54,-0.54,2,2606,13213,100,0.0007668711656441718,0.9924885450311726,0.9932554161968168
polymarket_spread,polymarket_spread <= -0.41,-0.41,23,2585,13083,230,0.008819018404907975,0.9827236535716969,0.9915426719766048
polymarket_spread,polymarket_spread <= -0.29,-0.29,23,2585,12910,403,0.008819018404907975,0.9697288364756254,0.9785478548805333
polymarket_spread,polymarket_spread <= -0.24,-0.24,23,2585,12860,453,0.008819018404907975,0.9659731089912116,0.9747921273961195
polymarket_spread,polymarket_spread <= -0.16,-0.16,23,2585,12691,622,0.008819018404907975,0.9532787500938932,0.9620977684988011
polymarket_spread,polymarket_spread <= -0.09,-0.09000000000000001,26,2582,12605,708,0.009969325153374233,0.9468188988207016,0.9567882239740758
polymarket_spread,polymarket_spread <= -0.04,-0.040000000000000036,26,2582,12434,879,0.009969325153374233,0.9339743108240066,0.9439436359773808
polymarket_spread,polymarket_spread <= 0.001,0.0009999999999999992,26,2582,12276,1037,0.009969325153374233,0.9221062119732593,0.9320755371266335
polymarket_spread,polymarket_spread <= 0.003,0.003,26,2582,12149,1164,0.009969325153374233,0.9125666641628484,0.9225359893162226
polymarket_spread,polymarket_spread <= 0.005,0.0050000000000000044,26,2582,12109,1204,0.009969325153374233,0.9095620821753173,0.9195314073286915
polymarket_spread,polymarket_spread <= 0.008,0.008000000000000007,26,2582,12081,1232,0.009969325153374233,0.9074588747840456,0.9174281999374199
polymarket_spread,polymarket_spread <= 0.01,0.009999999999999998,393,2215,9787,3526,0.15069018404907975,0.7351460977991437,0.8858362818482235
polymarket_spread,polymarket_spread <= 0.02,0.01999999999999999,2416,192,513,12800,0.9263803680981595,0.03853376399008488,0.9649141320882444
polymarket_spread,polymarket_spread <= 0.03,0.03,2510,98,177,13136,0.9624233128834356,0.013295275294824608,0.9757185881782603
polymarket_spread,polymarket_spread <= 0.04,0.04000000000000001,2551,57,86,13227,0.9781441717791411,0.006459851273191617,0.9846040230523327
polymarket_spread,polymarket_spread <= 0.06,0.05999999999999994,2580,28,43,13270,0.9892638036809815,0.0032299256365958084,0.9924937293175774
polymarket_spread,polymarket_spread <= 0.07,0.07000000000000006,2590,18,19,13294,0.9930981595092024,0.0014271764440772178,0.9945253359532796
polymarket_spread,polymarket_spread <= 0.09,0.09000000000000002,2600,8,10,13303,0.9969325153374233,0.0007511454968827461,0.997683660834306
polymarket_spread,polymarket_spread <= 0.15,0.15,2604,4,3,13310,0.9984662576687117,0.00022534364906482386,0.9986916013177765
polymarket_spread,polymarket_spread <= 0.46,0.46,2608,0,0,13313,1.0,0.0,1.0
kalshi_yes_mid_calc,kalshi_yes_mid_calc <= 0.0015,0.0015,0,2608,13194,119,0.0,0.9910613685870954,0.9910613685870954
kalshi_yes_mid_calc,kalshi_yes_mid_calc <= 0.014,0.014,8,2600,12630,683,0.003067484662576687,0.9486967625629085,0.9517642472254851
kalshi_yes_mid_calc,kalshi_yes_mid_calc <= 0.0265,0.0265,43,2565,12183,1130,0.016487730061349692,0.9151205588522496,0.9316082889135994
kalshi_yes_mid_calc,kalshi_yes_mid_calc <= 0.038,0.038,57,2551,11945,1368,0.021855828220858894,0.8972432960264404,0.9190991242472992
kalshi_yes_mid_calc,kalshi_yes_mid_calc <= 0.051,0.051000000000000004,66,2542,11786,1527,0.02530674846625767,0.8853000826260047,0.9106068310922624
kalshi_yes_mid_calc,kalshi_yes_mid_calc <= 0.0625,0.0625,84,2524,11594,1719,0.032208588957055216,0.870878089085856,0.9030866780429112
kalshi_yes_mid_calc,kalshi_yes_mid_calc <= 0.0755,0.07550000000000001,114,2494,11431,1882,0.04371165644171779,0.8586344174866671,0.902346073928385
kalshi_yes_mid_calc,kalshi_yes_mid_calc <= 0.0865,0.0865,147,2461,11272,2041,0.056365030674846626,0.8466912040862316,0.9030562347610782
kalshi_yes_mid_calc,kalshi_yes_mid_calc <= 0.1035,0.10350000000000001,178,2430,11126,2187,0.06825153374233128,0.8357244798317434,0.9039760135740746
kalshi_yes_mid_calc,kalshi_yes_mid_calc <= 0.225,0.22499999999999998,577,2031,9429,3884,0.22124233128834356,0.7082550890107414,0.929497420299085
kalshi_yes_mid_calc,kalshi_yes_mid_calc <= 0.37,0.37,1230,1378,7753,5560,0.47162576687116564,0.5823631037331931,1.0539888706043588
kalshi_yes_mid_calc,kalshi_yes_mid_calc <= 0.525,0.525,1747,861,5739,7574,0.6698619631901841,0.43108240066100806,1.1009443638511922
kalshi_yes_mid_calc,kalshi_yes_mid_calc <= 0.68,0.6799999999999999,2097,511,4021,9292,0.8040644171779141,0.30203560429655224,1.1061000214744663
kalshi_yes_mid_calc,kalshi_yes_mid_calc <= 0.83,0.83,2319,289,2897,10416,0.8891871165644172,0.21760685044693157,1.1067939670113487
kalshi_yes_mid_calc,kalshi_yes_mid_calc <= 0.9045,0.9045000000000001,2461,147,2305,11008,0.9436349693251533,0.173139037031473,1.1167740063566263
kalshi_yes_mid_calc,kalshi_yes_mid_calc <= 0.9205,0.9205000000000001,2474,134,2107,11206,0.9486196319018405,0.15826635619319462,1.1068859880950352
kalshi_yes_mid_calc,kalshi_yes_mid_calc <= 0.936,0.9359999999999999,2477,131,1935,11378,0.9497699386503068,0.14534665364681137,1.0951165922971182
kalshi_yes_mid_calc,kalshi_yes_mid_calc <= 0.95,0.95,2485,123,1772,11541,0.9528374233128835,0.13310298204762264,1.0859404053605062
kalshi_yes_mid_calc,kalshi_yes_mid_calc <= 0.9665,0.9664999999999999,2497,111,1586,11727,0.9574386503067485,0.11913167580560355,1.076570326112352
kalshi_yes_mid_calc,kalshi_yes_mid_calc <= 0.9825,0.9824999999999999,2519,89,1378,11935,0.9658742331288344,0.10350784947044242,1.0693820825992768
kalshi_yes_mid_calc,kalshi_yes_mid_calc <= 0.9985,0.9984999999999999,2584,24,609,12704,0.99079754601227,0.045744760760159243,1.0365423067724293
polymarket_yes_mid_calc,polymarket_yes_mid_calc <= 0.0025,0.0025,0,2608,13309,4,0.0,0.9996995418012469,0.9996995418012469
polymarket_yes_mid_calc,polymarket_yes_mid_calc <= 0.015,0.015,4,2604,13163,150,0.0015337423312883436,0.9887328175467588,0.9902665598780471
polymarket_yes_mid_calc,polymarket_yes_mid_calc <= 0.035,0.035,6,2602,12692,621,0.0023006134969325155,0.9533538646435815,0.9556544781405141
polymarket_yes_mid_calc,polymarket_yes_mid_calc <= 0.075,0.07500000000000001,11,2597,11804,1509,0.004217791411042945,0.8866521445203936,0.8908699359314366
polymarket_yes_mid_calc,polymarket_yes_mid_calc <= 0.135,0.135,44,2564,10796,2517,0.01687116564417178,0.8109366784346128,0.8278078440787846
polymarket_yes_mid_calc,polymarket_yes_mid_calc <= 0.19,0.19,96,2512,9913,3400,0.03680981595092025,0.7446105310598663,0.7814203470107866
polymarket_yes_mid_calc,polymarket_yes_mid_calc <= 0.24,0.24,194,2414,9271,4042,0.07438650306748466,0.696386990159994,0.7707734932274786
polymarket_yes_mid_calc,polymarket_yes_mid_calc <= 0.305,0.305,345,2263,8391,4922,0.13228527607361965,0.6302861864343123,0.762571462507932
polymarket_yes_mid_calc,polymarket_yes_mid_calc <= 0.355,0.355,525,2083,7756,5557,0.2013036809815951,0.5825884473822579,0.783892128363853
polymarket_yes_mid_calc,polymarket_yes_mid_calc <= 0.42,0.42000000000000004,861,1747,6847,6466,0.33013803680981596,0.5143093217156163,0.8444473585254322
polymarket_yes_mid_calc,polymarket_yes_mid_calc <= 0.47,0.47,1276,1332,6175,7138,0.4892638036809816,0.4638323443250958,0.9530961480060773
polymarket_yes_mid_calc,polymarket_yes_mid_calc <= 0.54,0.54,1670,938,5242,8071,0.6403374233128835,0.39375046946593556,1.034087892778819
polymarket_yes_mid_calc,polymarket_yes_mid_calc <= 0.6,0.6,1873,735,4535,8778,0.7181748466257669,0.34064448283632537,1.0588193294620922
polymarket_yes_mid_calc,polymarket_yes_mid_calc <= 0.67,0.67,2066,542,3832,9481,0.7921779141104295,0.28783895440546836,1.080016868515898
polymarket_yes_mid_calc,polymarket_yes_mid_calc <= 0.73,0.73,2217,391,3282,10031,0.8500766871165644,0.2465259520769173,1.0966026391934816
polymarket_yes_mid_calc,polymarket_yes_mid_calc <= 0.8,0.8,2393,215,2603,10710,0.9175613496932515,0.19552317283857884,1.1130845225318304
polymarket_yes_mid_calc,polymarket_yes_mid_calc <= 0.8595,0.8594999999999999,2504,104,2022,11291,0.9601226993865031,0.15188161946969128,1.1120043188561943
polymarket_yes_mid_calc,polymarket_yes_mid_calc <= 0.925,0.925,2548,60,1318,11995,0.9769938650306749,0.09900097648914595,1.0759948415198208
polymarket_yes_mid_calc,polymarket_yes_mid_calc <= 0.9785,0.9784999999999999,2596,12,297,13016,0.995398773006135,0.02230902125741756,1.0177077942635526
polymarket_yes_mid_calc,polymarket_yes_mid_calc <= 0.9895,0.9895,2608,0,97,13216,1.0,0.007286111319762638,1.0072861113197626
polymarket_yes_mid_calc,polymarket_yes_mid_calc <= 0.9985,0.9984999999999999,2608,0,0,13313,1.0,0.0,1.0
kalshi_60sma_vs_target,kalshi_60sma_vs_target >= -145.542,-145.54233333333104,2608,0,15,13298,1.0,0.0011267182453241194,1.001126718245324
kalshi_60sma_vs_target,kalshi_60sma_vs_target >= -77.9248,-77.92483333333803,2606,2,813,12500,0.9992331288343558,0.061068128896567264,1.060301257730923
kalshi_60sma_vs_target,kalshi_60sma_vs_target >= -59.6652,-59.66516666665848,2606,2,1607,11706,0.9992331288343558,0.1207090813490573,1.1199422101834131
kalshi_60sma_vs_target,kalshi_60sma_vs_target >= -48.7465,-48.74650000000838,2514,94,2310,11003,0.963957055214724,0.17351460977991437,1.1374716649946384
kalshi_60sma_vs_target,kalshi_60sma_vs_target >= -34.6743,-34.674333333343384,2405,203,2993,10320,0.9221625766871165,0.22481784721700593,1.1469804239041226
kalshi_60sma_vs_target,kalshi_60sma_vs_target >= -24.1802,-24.18016666667245,2143,465,3524,9789,0.82170245398773,0.26470367310147974,1.0864061270892098
kalshi_60sma_vs_target,kalshi_60sma_vs_target >= -18.5062,-18.506166666658828,1887,721,4065,9248,0.723542944785276,0.3053406444828363,1.0288835892681123
kalshi_60sma_vs_target,kalshi_60sma_vs_target >= -15.1503,-15.150333333338494,1740,868,4714,8599,0.6671779141104295,0.35408998723052654,1.021267901340956
kalshi_60sma_vs_target,kalshi_60sma_vs_target >= -11.2767,-11.276666666657547,1566,1042,5338,7975,0.6004601226993865,0.4009614662360099,1.0014215889353966
kalshi_60sma_vs_target,kalshi_60sma_vs_target >= -7.48783,-7.487833333332674,1249,1359,5831,7482,0.47891104294478526,0.4379929392323293,0.9169039821771146
kalshi_60sma_vs_target,kalshi_60sma_vs_target >= -4.1425,-4.142499999987194,1105,1503,6488,6825,0.42369631901840493,0.4873431983775257,0.9110395173959307
kalshi_60sma_vs_target,kalshi_60sma_vs_target >= -0.647833,-0.6478333333216142,974,1634,7150,6163,0.37346625766871167,0.5370690302711635,0.9105352879398751
kalshi_60sma_vs_target,kalshi_60sma_vs_target >= 2.09018,2.0901818182028364,885,1723,7860,5453,0.339340490797546,0.5904003605498385,0.9297408513473845
kalshi_60sma_vs_target,kalshi_60sma_vs_target >= 4.98017,4.980166666660807,751,1857,8522,4791,0.2879601226993865,0.6401261924434763,0.9280863151428629
kalshi_60sma_vs_target,kalshi_60sma_vs_target >= 8.6965,8.696500000005472,622,1986,9188,4125,0.23849693251533743,0.6901524825358673,0.9286494150512047
kalshi_60sma_vs_target,kalshi_60sma_vs_target >= 13.8683,13.868333333331975,523,2085,9892,3421,0.20053680981595093,0.7430331255164125,0.9435699353323634
kalshi_60sma_vs_target,kalshi_60sma_vs_target >= 20.2498,20.249833333320566,283,2325,10446,2867,0.1085122699386503,0.7846465860437166,0.8931588559823669
kalshi_60sma_vs_target,kalshi_60sma_vs_target >= 29.695,29.695000000006985,44,2564,11002,2311,0.01687116564417178,0.8264102756703974,0.8432814413145692
kalshi_60sma_vs_target,kalshi_60sma_vs_target >= 40.6777,40.67766666665557,0,2608,11727,1586,0.0,0.8808683241943964,0.8808683241943964
kalshi_60sma_vs_target,kalshi_60sma_vs_target >= 59.0693,59.06933333333291,0,2608,12496,817,0.0,0.9386314129046797,0.9386314129046797
kalshi_60sma_vs_target,kalshi_60sma_vs_target >= 213.982,213.9816666666593,0,2608,13312,1,0.0,0.9999248854503118,0.9999248854503118
sma_sample_count,sma_sample_count >= 1,1.0,2608,0,0,13313,1.0,0.0,1.0
sma_sample_count,sma_sample_count >= 2,2.0,2608,0,0,13313,1.0,0.0,1.0
sma_sample_count,sma_sample_count >= 3,3.0,2604,4,30,13283,0.9984662576687117,0.0022534364906482388,1.00071969415936
sma_sample_count,sma_sample_count >= 4,4.0,2599,9,61,13252,0.9965490797546013,0.004581987530984752,1.001131067285586
sma_sample_count,sma_sample_count >= 5,5.0,2594,14,91,13222,0.9946319018404908,0.00683542402163299,1.0014673258621238
sma_sample_count,sma_sample_count >= 6,6.0,2589,19,121,13192,0.9927147239263804,0.009088860512281229,1.0018035844386617
sma_sample_count,sma_sample_count >= 7,7.0,2584,24,152,13161,0.99079754601227,0.011417411552617742,1.0022149575648878
sma_sample_count,sma_sample_count >= 8,8.0,2579,29,179,13134,0.9888803680981595,0.013445504394201157,1.0023258724923607
sma_sample_count,sma_sample_count >= 9,9.0,2573,35,211,13102,0.986579754601227,0.015849169984225944,1.002428924585453
sma_sample_count,sma_sample_count >= 10,10.0,2567,41,243,13070,0.9842791411042945,0.018252835574250732,1.0025319766785452
sma_sample_count,sma_sample_count >= 11,11.0,2561,47,274,13039,0.9819785276073619,0.020581386614587246,1.0025599142219492
sma_sample_count,sma_sample_count >= 12,12.0,2557,51,306,13007,0.9804447852760736,0.022985052204612035,1.0034298374806856
sma_sample_count,sma_sample_count >= 13,13.0,2552,56,334,12979,0.9785276073619632,0.025088259595883722,1.003615866957847
sma_sample_count,sma_sample_count >= 14,14.0,2549,59,364,12949,0.9773773006134969,0.02734169608653196,1.004718996700029
sma_sample_count,sma_sample_count >= 15,15.0,2545,63,397,12916,0.9758435582822086,0.029820476226245025,1.0056640345084535
sma_sample_count,sma_sample_count >= 16,16.0,2541,67,428,12885,0.9743098159509203,0.03214902726658154,1.006458843217502
sma_sample_count,sma_sample_count >= 17,17.0,2538,70,459,12854,0.973159509202454,0.03447757830691805,1.007637087509372
sma_sample_count,sma_sample_count >= 18,18.0,2534,74,494,12819,0.9716257668711656,0.03710658754600766,1.0087323544171733
sma_sample_count,sma_sample_count >= 19,19.0,2529,79,528,12785,0.9697085889570553,0.039660482235409,1.0093690711924643
sma_sample_count,sma_sample_count >= 20,20.0,2523,85,562,12751,0.9674079754601227,0.04221437692481034,1.009622352384933
sma_sample_count,sma_sample_count >= 21,21.0,2518,90,591,12722,0.9654907975460123,0.0443926988657703,1.0098834964117827
sma_sample_count,sma_sample_count >= 22,22.0,2514,94,623,12690,0.963957055214724,0.04679636445579509,1.010753419670519
sma_sample_count,sma_sample_count >= 23,23.0,2510,98,653,12660,0.9624233128834356,0.049049800946443324,1.011473113829879
sma_sample_count,sma_sample_count >= 24,24.0,2506,102,684,12629,0.9608895705521472,0.05137835198677984,1.012267922538927
sma_sample_count,sma_sample_count >= 25,25.0,2502,106,715,12598,0.9593558282208589,0.05370690302711635,1.0130627312479752
sma_sample_count,sma_sample_count >= 26,26.0,2497,111,747,12566,0.9574386503067485,0.05611056861714114,1.0135492189238895
sma_sample_count,sma_sample_count >= 27,27.0,2492,116,778,12535,0.9555214723926381,0.05843911965747765,1.0139605920501158
sma_sample_count,sma_sample_count >= 28,28.0,2487,121,808,12505,0.9536042944785276,0.060692556148125895,1.0142968506266534
sma_sample_count,sma_sample_count >= 29,29.0,2482,126,841,12472,0.9516871165644172,0.06317133628783896,1.0148584528522562
sma_sample_count,sma_sample_count >= 30,30.0,2477,131,875,12438,0.9497699386503068,0.0657252309772403,1.0154951696275472
sma_sample_count,sma_sample_count >= 31,31.0,2472,136,909,12404,0.9478527607361963,0.06827912566664163,1.016131886402838
sma_sample_count,sma_sample_count >= 32,32.0,2466,142,939,12374,0.9455521472392638,0.07053256215728987,1.0160847093965537
sma_sample_count,sma_sample_count >= 33,33.0,2462,146,970,12343,0.9440184049079755,0.07286111319762638,1.0168795181056018
sma_sample_count,sma_sample_count >= 34,34.0,2457,151,999,12314,0.942101226993865,0.07503943513858634,1.0171406621324512
sma_sample_count,sma_sample_count >= 35,35.0,2453,155,1027,12286,0.9405674846625767,0.07714264252985803,1.0177101271924347
sma_sample_count,sma_sample_count >= 36,36.0,2448,160,1056,12257,0.9386503067484663,0.079320964470818,1.0179712712192843
sma_sample_count,sma_sample_count >= 37,37.0,2442,166,1087,12226,0.9363496932515337,0.08164951551115451,1.0179992087626881
sma_sample_count,sma_sample_count >= 38,38.0,2436,172,1115,12198,0.9340490797546013,0.0837527229024262,1.0178018026570275
sma_sample_count,sma_sample_count >= 39,39.0,2430,178,1142,12171,0.9317484662576687,0.08578081574400961,1.0175292820016784
sma_sample_count,sma_sample_count >= 40,40.0,2424,184,1171,12142,0.9294478527607362,0.08795913768496957,1.0174069904457057
sma_sample_count,sma_sample_count >= 41,41.0,2418,190,1199,12114,0.9271472392638037,0.09006234507624127,1.017209584340045
sma_sample_count,sma_sample_count >= 42,42.0,2412,196,1226,12087,0.9248466257668712,0.09209043791782469,1.016937063684696
sma_sample_count,sma_sample_count >= 43,43.0,2407,201,1254,12059,0.9229294478527608,0.09419364530909637,1.0171230931618571
sma_sample_count,sma_sample_count >= 44,44.0,2402,206,1281,12032,0.9210122699386503,0.09622173815067979,1.01723400808933
sma_sample_count,sma_sample_count >= 45,45.0,2396,212,1312,12001,0.9187116564417178,0.0985502891910163,1.017261945632734
sma_sample_count,sma_sample_count >= 46,46.0,2391,217,1347,11966,0.9167944785276073,0.10117929843010591,1.0179737769577133
sma_sample_count,sma_sample_count >= 47,47.0,2386,222,1376,11937,0.9148773006134969,0.10335762037106587,1.0182349209845627
sma_sample_count,sma_sample_count >= 48,48.0,2381,227,1405,11908,0.9129601226993865,0.10553594231202584,1.0184960650114123
sma_sample_count,sma_sample_count >= 49,49.0,2375,233,1435,11878,0.910659509202454,0.10778937880267407,1.0184488880051281
sma_sample_count,sma_sample_count >= 50,50.0,2368,240,1465,11848,0.9079754601226994,0.11004281529332231,1.0180182754160216
sma_sample_count,sma_sample_count >= 51,51.0,2362,246,1489,11824,0.9056748466257669,0.1118455644858409,1.0175204111116078
sma_sample_count,sma_sample_count >= 52,52.0,2356,252,1514,11799,0.9033742331288344,0.11372342822804778,1.017097661356882
sma_sample_count,sma_sample_count >= 53,53.0,2350,258,1543,11770,0.9010736196319018,0.11590175016900774,1.0169753698009096
sma_sample_count,sma_sample_count >= 54,54.0,2344,264,1566,11747,0.8987730061349694,0.11762938481183806,1.0164023909468074
sma_sample_count,sma_sample_count >= 55,55.0,2339,269,1591,11722,0.8968558282208589,0.11950724855404492,1.0163630767749037
sma_sample_count,sma_sample_count >= 56,56.0,2334,274,1617,11696,0.8949386503067485,0.12146022684594006,1.0163988771526886
sma_sample_count,sma_sample_count >= 57,57.0,2328,280,1644,11669,0.8926380368098159,0.12348831968752347,1.0161263564973393
sma_sample_count,sma_sample_count >= 58,58.0,2322,286,1672,11641,0.8903374233128835,0.12559152707879517,1.0159289503916786
sma_sample_count,sma_sample_count >= 59,59.0,2316,292,1701,11612,0.8880368098159509,0.12776984901975513,1.015806658835706
sma_sample_count,sma_sample_count >= 60,60.0,2310,298,1729,11584,0.8857361963190185,0.1298730564110268,1.0156092527300453
