fold,contract_id,p_yes_mid,action,y_settle,pnl,up_ask,down_ask
1,btc-updown-5m-1781028600,0.115,SKIP,0,,0.12,0.89
1,btc-updown-5m-1781028900,0.385,NO,1,-1.0,0.39,0.62
1,btc-updown-5m-1781029200,0.055,SKIP,0,,0.06,0.95
1,btc-updown-5m-1781029500,0.075,SKIP,0,,0.08,0.93
1,btc-updown-5m-1781029800,0.615,SKIP,1,,0.62,0.39
1,btc-updown-5m-1781030100,0.785,SKIP,1,,0.79,0.22
1,btc-updown-5m-1781030400,0.255,NO,0,0.33333333333333326,0.26,0.75
1,btc-updown-5m-1781030700,0.745,SKIP,1,,0.75,0.26
1,btc-updown-5m-1781031000,0.805,SKIP,1,,0.82,0.21
1,btc-updown-5m-1781031300,0.855,SKIP,1,,0.86,0.15
1,btc-updown-5m-1781031600,0.445,NO,1,-1.0,0.45,0.56
1,btc-updown-5m-1781031900,0.125,SKIP,0,,0.13,0.88
1,btc-updown-5m-1781032200,0.275,NO,0,0.36986301369863006,0.28,0.73
1,btc-updown-5m-1781032500,0.205,SKIP,0,,0.21,0.8
1,btc-updown-5m-1781032800,0.755,YES,1,0.3157894736842106,0.76,0.25
1,btc-updown-5m-1781033100,0.175,SKIP,0,,0.18,0.83
1,btc-updown-5m-1781033400,0.925,SKIP,1,,0.93,0.08
1,btc-updown-5m-1781033700,0.355,NO,0,0.5384615384615383,0.36,0.65
1,btc-updown-5m-1781034000,0.235,SKIP,1,,0.24,0.77
1,btc-updown-5m-1781034300,0.195,SKIP,0,,0.2,0.81
1,btc-updown-5m-1781034600,0.965,SKIP,1,,0.97,0.04
1,btc-updown-5m-1781034900,0.765,YES,1,0.2987012987012987,0.77,0.24
1,btc-updown-5m-1781035200,0.255,NO,0,0.33333333333333326,0.26,0.75
1,btc-updown-5m-1781035500,0.455,NO,0,0.8181818181818181,0.46,0.55
1,btc-updown-5m-1781035800,0.795,SKIP,1,,0.8,0.21
1,btc-updown-5m-1781036100,0.225,NO,0,0.28205128205128194,0.23,0.78
1,btc-updown-5m-1781036400,0.155,SKIP,0,,0.16,0.85
1,btc-updown-5m-1781036700,0.675,SKIP,1,,0.68,0.33
1,btc-updown-5m-1781037000,0.075,SKIP,0,,0.08,0.93
1,btc-updown-5m-1781037300,0.545,NO,1,-1.0,0.55,0.46
1,btc-updown-5m-1781037600,0.755,SKIP,1,,0.76,0.25
1,btc-updown-5m-1781037900,0.105,SKIP,0,,0.11,0.9
1,btc-updown-5m-1781038200,0.555,NO,1,-1.0,0.56,0.45
1,btc-updown-5m-1781038500,0.565,YES,1,0.7543859649122808,0.57,0.44
1,btc-updown-5m-1781038800,0.205,SKIP,0,,0.21,0.8
1,btc-updown-5m-1781039100,0.815,SKIP,1,,0.82,0.19
1,btc-updown-5m-1781039400,0.575,YES,1,0.7241379310344829,0.58,0.43
1,btc-updown-5m-1781039700,0.065,SKIP,0,,0.07,0.94
1,btc-updown-5m-1781040000,0.135,SKIP,0,,0.14,0.87
1,btc-updown-5m-1781040300,0.125,SKIP,0,,0.13,0.88
1,btc-updown-5m-1781040600,0.435,NO,1,-1.0,0.44,0.57
1,btc-updown-5m-1781040900,0.815,SKIP,1,,0.82,0.19
1,btc-updown-5m-1781041200,0.605,NO,0,1.5,0.61,0.4
1,btc-updown-5m-1781041500,0.265,NO,1,-1.0,0.27,0.74
1,btc-updown-5m-1781041800,0.335,NO,0,0.4492753623188408,0.36,0.69
1,btc-updown-5m-1781042100,0.545,YES,1,0.8181818181818181,0.55,0.46
1,btc-updown-5m-1781042400,0.225,SKIP,0,,0.23,0.78
1,btc-updown-5m-1781042700,0.415,NO,1,-1.0,0.42,0.59
1,btc-updown-5m-1781043000,0.665,SKIP,1,,0.67,0.34
1,btc-updown-5m-1781043300,0.775,YES,1,0.28205128205128194,0.78,0.23
1,btc-updown-5m-1781043600,0.625,YES,0,-1.0,0.63,0.38
1,btc-updown-5m-1781043900,0.065,SKIP,0,,0.07,0.94
1,btc-updown-5m-1781044200,0.715,SKIP,1,,0.72,0.29
1,btc-updown-5m-1781044500,0.045,SKIP,0,,0.05,0.96
1,btc-updown-5m-1781044800,0.055,SKIP,0,,0.06,0.95
1,btc-updown-5m-1781045100,0.525,NO,0,1.0833333333333335,0.53,0.48
1,btc-updown-5m-1781045400,0.225,SKIP,0,,0.23,0.78
1,btc-updown-5m-1781045700,0.235,SKIP,0,,0.24,0.77
1,btc-updown-5m-1781046000,0.295,NO,1,-1.0,0.3,0.71
1,btc-updown-5m-1781046300,0.235,NO,0,0.2987012987012987,0.24,0.77
1,btc-updown-5m-1781046600,0.125,SKIP,0,,0.13,0.88
1,btc-updown-5m-1781046900,0.935,SKIP,1,,0.94,0.07
1,btc-updown-5m-1781047200,0.455,NO,0,0.8181818181818181,0.46,0.55
1,btc-updown-5m-1781047500,0.545,NO,0,1.1739130434782608,0.55,0.46
1,btc-updown-5m-1781047800,0.405,NO,0,0.6666666666666667,0.41,0.6
1,btc-updown-5m-1781048100,0.145,SKIP,0,,0.15,0.86
1,btc-updown-5m-1781048400,0.485,NO,1,-1.0,0.49,0.52
1,btc-updown-5m-1781048700,0.795,SKIP,0,,0.8,0.21
1,btc-updown-5m-1781049000,0.915,SKIP,1,,0.92,0.09
1,btc-updown-5m-1781049300,0.565,NO,1,-1.0,0.57,0.44
1,btc-updown-5m-1781049600,0.345,SKIP,1,,0.35,0.66
1,btc-updown-5m-1781049900,0.805,SKIP,1,,0.81,0.2
1,btc-updown-5m-1781050200,0.355,SKIP,0,,0.36,0.65
1,btc-updown-5m-1781050500,0.085,SKIP,0,,0.09,0.92
1,btc-updown-5m-1781050800,0.185,SKIP,0,,0.19,0.82
1,btc-updown-5m-1781051100,0.395,NO,1,-1.0,0.4,0.61
1,btc-updown-5m-1781051400,0.205,SKIP,0,,0.21,0.8
1,btc-updown-5m-1781051700,0.205,SKIP,0,,0.21,0.8
1,btc-updown-5m-1781052000,0.145,SKIP,0,,0.15,0.86
1,btc-updown-5m-1781052300,0.735,YES,1,0.3513513513513513,0.74,0.27
1,btc-updown-5m-1781052600,0.205,SKIP,1,,0.21,0.8
1,btc-updown-5m-1781052900,0.865,SKIP,1,,0.87,0.14
1,btc-updown-5m-1781053200,0.355,SKIP,1,,0.36,0.65
1,btc-updown-5m-1781053500,0.045,SKIP,0,,0.05,0.96
1,btc-updown-5m-1781053800,0.715,YES,1,0.38888888888888884,0.72,0.29
1,btc-updown-5m-1781054100,0.785,SKIP,1,,0.79,0.22
1,btc-updown-5m-1781054400,0.075,SKIP,0,,0.08,0.93
1,btc-updown-5m-1781054700,0.805,SKIP,1,,0.81,0.2
1,btc-updown-5m-1781055000,0.425,SKIP,1,,0.43,0.58
1,btc-updown-5m-1781055300,0.035,SKIP,0,,0.04,0.97
1,btc-updown-5m-1781055600,0.115,SKIP,0,,0.12,0.89
1,btc-updown-5m-1781055900,0.715,YES,1,0.38888888888888884,0.72,0.29
1,btc-updown-5m-1781056200,0.165,SKIP,0,,0.17,0.84
1,btc-updown-5m-1781056500,0.265,SKIP,0,,0.27,0.74
1,btc-updown-5m-1781056800,0.865,SKIP,0,,0.87,0.14
1,btc-updown-5m-1781057100,0.305,SKIP,0,,0.31,0.7
1,btc-updown-5m-1781057400,0.185,SKIP,0,,0.19,0.82
1,btc-updown-5m-1781057700,0.065,SKIP,0,,0.07,0.94
1,btc-updown-5m-1781058000,0.755,SKIP,0,,0.76,0.25
1,btc-updown-5m-1781058300,0.245,SKIP,1,,0.25,0.76
1,btc-updown-5m-1781058600,0.245,NO,0,0.3157894736842106,0.25,0.76
1,btc-updown-5m-1781058900,0.565,YES,0,-1.0,0.57,0.44
1,btc-updown-5m-1781059200,0.715,SKIP,1,,0.72,0.29
1,btc-updown-5m-1781059500,0.165,SKIP,0,,0.17,0.84
1,btc-updown-5m-1781059800,0.195,SKIP,0,,0.2,0.81
1,btc-updown-5m-1781060100,0.855,SKIP,1,,0.86,0.15
1,btc-updown-5m-1781060400,0.775,YES,1,0.28205128205128194,0.78,0.23
1,btc-updown-5m-1781060700,0.915,SKIP,1,,0.92,0.09
1,btc-updown-5m-1781061000,0.305,NO,0,0.4285714285714286,0.31,0.7
1,btc-updown-5m-1781061300,0.755,YES,0,-1.0,0.76,0.25
1,btc-updown-5m-1781061600,0.565,YES,1,0.7543859649122808,0.57,0.44
1,btc-updown-5m-1781061900,0.745,YES,1,0.33333333333333326,0.75,0.26
1,btc-updown-5m-1781062200,0.065,SKIP,0,,0.07,0.94
1,btc-updown-5m-1781062500,0.625,YES,1,0.5873015873015872,0.63,0.38
1,btc-updown-5m-1781062800,0.135,SKIP,1,,0.14,0.87
1,btc-updown-5m-1781063100,0.805,SKIP,1,,0.81,0.2
1,btc-updown-5m-1781063400,0.165,SKIP,0,,0.17,0.84
1,btc-updown-5m-1781063700,0.305,NO,1,-1.0,0.31,0.7
1,btc-updown-5m-1781064000,0.505,NO,0,1.0,0.51,0.5
1,btc-updown-5m-1781064300,0.455,SKIP,1,,0.46,0.55
1,btc-updown-5m-1781064600,0.505,YES,0,-1.0,0.51,0.5
1,btc-updown-5m-1781064900,0.505,YES,1,0.9607843137254901,0.51,0.5
1,btc-updown-5m-1781065200,0.505,YES,0,-1.0,0.51,0.5
1,btc-updown-5m-1781065500,0.505,YES,0,-1.0,0.51,0.5
1,btc-updown-5m-1781065800,0.505,NO,0,1.0,0.51,0.5
1,btc-updown-5m-1781066100,0.085,SKIP,0,,0.09,0.92
1,btc-updown-5m-1781066400,0.275,SKIP,0,,0.28,0.73
1,btc-updown-5m-1781066700,0.765,SKIP,1,,0.77,0.24
1,btc-updown-5m-1781067000,0.385,SKIP,0,,0.39,0.62
1,btc-updown-5m-1781067300,0.245,SKIP,1,,0.25,0.76
1,btc-updown-5m-1781067600,0.125,SKIP,0,,0.13,0.88
1,btc-updown-5m-1781067900,0.505,NO,0,1.0,0.51,0.5
1,btc-updown-5m-1781068200,0.395,SKIP,0,,0.4,0.61
1,btc-updown-5m-1781068500,0.295,SKIP,0,,0.3,0.71
1,btc-updown-5m-1781068800,0.605,SKIP,1,,0.61,0.4
1,btc-updown-5m-1781069100,0.775,YES,1,0.28205128205128194,0.78,0.23
1,btc-updown-5m-1781069400,0.255,SKIP,1,,0.26,0.75
1,btc-updown-5m-1781069700,0.345,NO,0,0.5151515151515151,0.35,0.66
1,btc-updown-5m-1781070000,0.755,SKIP,1,,0.76,0.25
1,btc-updown-5m-1781070300,0.545,NO,0,1.1739130434782608,0.55,0.46
1,btc-updown-5m-1781070600,0.835,SKIP,1,,0.84,0.17
1,btc-updown-5m-1781070900,0.585,NO,0,1.380952380952381,0.59,0.42
1,btc-updown-5m-1781071200,0.315,SKIP,1,,0.32,0.69
1,btc-updown-5m-1781071500,0.215,NO,0,0.26582278481012644,0.22,0.79
1,btc-updown-5m-1781071800,0.605,YES,1,0.639344262295082,0.61,0.4
1,btc-updown-5m-1781072100,0.675,YES,1,0.47058823529411753,0.68,0.33
1,btc-updown-5m-1781072400,0.045,SKIP,0,,0.05,0.96
1,btc-updown-5m-1781072700,0.835,SKIP,0,,0.84,0.17
1,btc-updown-5m-1781073000,0.055,SKIP,0,,0.06,0.95
1,btc-updown-5m-1781073300,0.965,SKIP,1,,0.97,0.04
1,btc-updown-5m-1781073600,0.255,NO,1,-1.0,0.26,0.75
1,btc-updown-5m-1781073900,0.625,SKIP,1,,0.63,0.38
1,btc-updown-5m-1781074200,0.355,SKIP,1,,0.36,0.65
1,btc-updown-5m-1781074500,0.195,SKIP,0,,0.2,0.81
1,btc-updown-5m-1781074800,0.335,SKIP,1,,0.34,0.67
1,btc-updown-5m-1781075100,0.345,NO,1,-1.0,0.35,0.66
1,btc-updown-5m-1781075400,0.445,NO,1,-1.0,0.45,0.56
1,btc-updown-5m-1781075700,0.715,YES,1,0.38888888888888884,0.72,0.29
1,btc-updown-5m-1781076000,0.475,SKIP,1,,0.48,0.53
1,btc-updown-5m-1781076300,0.285,SKIP,0,,0.29,0.72
1,btc-updown-5m-1781076600,0.265,NO,1,-1.0,0.27,0.74
1,btc-updown-5m-1781076900,0.335,SKIP,0,,0.34,0.67
1,btc-updown-5m-1781077200,0.575,NO,1,-1.0,0.58,0.43
1,btc-updown-5m-1781077500,0.315,NO,0,0.4492753623188408,0.32,0.69
1,btc-updown-5m-1781077800,0.555,YES,1,0.7857142857142856,0.56,0.45
1,btc-updown-5m-1781078100,0.185,SKIP,0,,0.19,0.82
1,btc-updown-5m-1781078400,0.325,SKIP,0,,0.33,0.68
1,btc-updown-5m-1781078700,0.255,SKIP,0,,0.26,0.75
1,btc-updown-5m-1781079000,0.975,SKIP,1,,0.98,0.03
1,btc-updown-5m-1781079300,0.865,SKIP,0,,0.87,0.14
1,btc-updown-5m-1781079600,0.465,YES,0,-1.0,0.47,0.54
1,btc-updown-5m-1781079900,0.325,NO,1,-1.0,0.33,0.68
1,btc-updown-5m-1781080200,0.855,SKIP,0,,0.86,0.15
1,btc-updown-5m-1781080500,0.605,YES,0,-1.0,0.61,0.4
1,btc-updown-5m-1781080800,0.485,NO,0,0.9230769230769229,0.49,0.52
1,btc-updown-5m-1781081100,0.445,SKIP,0,,0.45,0.56
1,btc-updown-5m-1781081400,0.825,SKIP,1,,0.83,0.18
1,btc-updown-5m-1781081700,0.565,YES,0,-1.0,0.57,0.44
1,btc-updown-5m-1781082000,0.435,NO,0,0.7543859649122808,0.44,0.57
1,btc-updown-5m-1781082300,0.625,SKIP,0,,0.63,0.38
1,btc-updown-5m-1781082600,0.385,SKIP,0,,0.39,0.62
1,btc-updown-5m-1781082900,0.585,SKIP,0,,0.59,0.42
1,btc-updown-5m-1781083200,0.055,SKIP,0,,0.06,0.95
1,btc-updown-5m-1781083500,0.935,SKIP,1,,0.94,0.07
1,btc-updown-5m-1781083800,0.575,YES,1,0.7241379310344829,0.58,0.43
1,btc-updown-5m-1781084100,0.605,YES,1,0.639344262295082,0.61,0.4
1,btc-updown-5m-1781084400,0.225,NO,0,0.28205128205128194,0.23,0.78
1,btc-updown-5m-1781084700,0.125,SKIP,0,,0.13,0.88
1,btc-updown-5m-1781085000,0.895,SKIP,1,,0.9,0.11
1,btc-updown-5m-1781085300,0.875,SKIP,1,,0.88,0.13
1,btc-updown-5m-1781085600,0.325,SKIP,0,,0.33,0.68
1,btc-updown-5m-1781085900,0.085,SKIP,0,,0.09,0.92
1,btc-updown-5m-1781086200,0.155,SKIP,0,,0.16,0.85
1,btc-updown-5m-1781086500,0.275,NO,0,0.36986301369863006,0.28,0.73
1,btc-updown-5m-1781086800,0.705,SKIP,1,,0.71,0.3
1,btc-updown-5m-1781087100,0.335,NO,1,-1.0,0.34,0.67
1,btc-updown-5m-1781087400,0.895,SKIP,1,,0.9,0.11
1,btc-updown-5m-1781087700,0.525,NO,0,1.0833333333333335,0.53,0.48
1,btc-updown-5m-1781088000,0.525,NO,1,-1.0,0.53,0.48
1,btc-updown-5m-1781088300,0.585,NO,1,-1.0,0.59,0.42
1,btc-updown-5m-1781088600,0.775,SKIP,0,,0.78,0.23
1,btc-updown-5m-1781088900,0.875,SKIP,1,,0.88,0.13
1,btc-updown-5m-1781089200,0.495,YES,0,-1.0,0.5,0.51
1,btc-updown-5m-1781089500,0.325,SKIP,1,,0.33,0.68
1,btc-updown-5m-1781089800,0.455,YES,1,1.1739130434782608,0.46,0.55
1,btc-updown-5m-1781090100,0.745,SKIP,0,,0.75,0.26
1,btc-updown-5m-1781090400,0.895,SKIP,1,,0.9,0.11
1,btc-updown-5m-1781090700,0.305,SKIP,0,,0.31,0.7
1,btc-updown-5m-1781091000,0.395,NO,1,-1.0,0.4,0.61
1,btc-updown-5m-1781091300,0.685,YES,0,-1.0,0.69,0.32
1,btc-updown-5m-1781091600,0.645,SKIP,1,,0.65,0.36
1,btc-updown-5m-1781091900,0.705,SKIP,0,,0.71,0.3
1,btc-updown-5m-1781092200,0.875,SKIP,1,,0.88,0.13
1,btc-updown-5m-1781092500,0.325,NO,0,0.47058823529411753,0.33,0.68
1,btc-updown-5m-1781092800,0.265,SKIP,1,,0.27,0.74
1,btc-updown-5m-1781093100,0.805,SKIP,1,,0.81,0.2
1,btc-updown-5m-1781093400,0.835,SKIP,1,,0.84,0.17
1,btc-updown-5m-1781093700,0.365,SKIP,0,,0.37,0.64
1,btc-updown-5m-1781094000,0.725,SKIP,0,,0.73,0.28
1,btc-updown-5m-1781094300,0.865,SKIP,1,,0.87,0.14
1,btc-updown-5m-1781094600,0.965,SKIP,1,,0.97,0.04
1,btc-updown-5m-1781094900,0.745,SKIP,1,,0.75,0.26
1,btc-updown-5m-1781095200,0.425,NO,0,0.7241379310344829,0.43,0.58
1,btc-updown-5m-1781095500,0.765,SKIP,1,,0.77,0.24
1,btc-updown-5m-1781095800,0.275,NO,0,0.36986301369863006,0.28,0.73
1,btc-updown-5m-1781096100,0.565,NO,0,1.272727272727273,0.57,0.44
1,btc-updown-5m-1781096400,0.225,NO,0,0.28205128205128194,0.23,0.78
1,btc-updown-5m-1781096700,0.735,SKIP,1,,0.74,0.27
1,btc-updown-5m-1781097000,0.295,NO,0,0.40845070422535223,0.3,0.71
1,btc-updown-5m-1781097300,0.295,NO,0,0.40845070422535223,0.3,0.71
1,btc-updown-5m-1781097600,0.875,SKIP,1,,0.88,0.13
1,btc-updown-5m-1781097900,0.095,SKIP,1,,0.1,0.91
1,btc-updown-5m-1781098200,0.925,SKIP,1,,0.93,0.08
1,btc-updown-5m-1781098500,0.865,SKIP,1,,0.87,0.14
1,btc-updown-5m-1781098800,0.225,SKIP,1,,0.23,0.78
1,btc-updown-5m-1781099100,0.225,NO,1,-1.0,0.23,0.78
1,btc-updown-5m-1781099400,0.065,SKIP,0,,0.07,0.94
1,btc-updown-5m-1781099700,0.295,NO,0,0.40845070422535223,0.3,0.71
1,btc-updown-5m-1781100000,0.185,SKIP,1,,0.19,0.82
1,btc-updown-5m-1781100300,0.505,NO,1,-1.0,0.51,0.5
1,btc-updown-5m-1781100600,0.345,SKIP,0,,0.35,0.66
1,btc-updown-5m-1781100900,0.725,SKIP,0,,0.73,0.28
1,btc-updown-5m-1781101200,0.485,NO,1,-1.0,0.49,0.52
1,btc-updown-5m-1781101500,0.215,NO,0,0.26582278481012644,0.22,0.79
1,btc-updown-5m-1781101800,0.065,SKIP,0,,0.07,0.94
1,btc-updown-5m-1781102100,0.205,SKIP,0,,0.21,0.8
1,btc-updown-5m-1781102400,0.935,SKIP,1,,0.94,0.07
1,btc-updown-5m-1781102700,0.465,NO,0,0.8518518518518516,0.47,0.54
1,btc-updown-5m-1781103000,0.445,NO,0,0.7857142857142856,0.45,0.56
1,btc-updown-5m-1781103300,0.365,NO,1,-1.0,0.37,0.64
1,btc-updown-5m-1781103600,0.91,SKIP,0,,0.92,0.1
1,btc-updown-5m-1781103900,0.055,SKIP,0,,0.06,0.95
1,btc-updown-5m-1781104200,0.365,SKIP,0,,0.37,0.64
1,btc-updown-5m-1781104500,0.535,NO,1,-1.0,0.54,0.47
1,btc-updown-5m-1781104800,0.925,SKIP,1,,0.93,0.08
1,btc-updown-5m-1781105100,0.455,YES,0,-1.0,0.46,0.55
1,btc-updown-5m-1781105400,0.695,SKIP,1,,0.7,0.31
1,btc-updown-5m-1781105700,0.645,SKIP,0,,0.65,0.36
1,btc-updown-5m-1781106000,0.545,NO,1,-1.0,0.55,0.46
1,btc-updown-5m-1781106300,0.905,SKIP,0,,0.91,0.1
1,btc-updown-5m-1781106600,0.605,YES,1,0.639344262295082,0.61,0.4
1,btc-updown-5m-1781106900,0.075,SKIP,0,,0.08,0.93
1,btc-updown-5m-1781107200,0.215,NO,0,0.26582278481012644,0.22,0.79
1,btc-updown-5m-1781107500,0.805,SKIP,0,,0.81,0.2
1,btc-updown-5m-1781107800,0.265,SKIP,0,,0.27,0.74
1,btc-updown-5m-1781108100,0.735,YES,0,-1.0,0.74,0.27
1,btc-updown-5m-1781108400,0.615,SKIP,0,,0.62,0.39
1,btc-updown-5m-1781108700,0.445,SKIP,1,,0.45,0.56
1,btc-updown-5m-1781109000,0.265,NO,1,-1.0,0.27,0.74
1,btc-updown-5m-1781109300,0.295,NO,0,0.40845070422535223,0.3,0.71
1,btc-updown-5m-1781109600,0.315,SKIP,0,,0.32,0.69
1,btc-updown-5m-1781109900,0.105,SKIP,0,,0.11,0.9
1,btc-updown-5m-1781110200,0.715,YES,1,0.38888888888888884,0.72,0.29
1,btc-updown-5m-1781110500,0.375,NO,1,-1.0,0.38,0.63
1,btc-updown-5m-1781110800,0.635,SKIP,1,,0.64,0.37
1,btc-updown-5m-1781111100,0.275,SKIP,0,,0.28,0.73
1,btc-updown-5m-1781111400,0.205,SKIP,0,,0.21,0.8
1,btc-updown-5m-1781111700,0.745,YES,1,0.33333333333333326,0.75,0.26
1,btc-updown-5m-1781112000,0.335,NO,0,0.4925373134328357,0.34,0.67
1,btc-updown-5m-1781112300,0.315,NO,0,0.4492753623188408,0.32,0.69
1,btc-updown-5m-1781112600,0.175,SKIP,0,,0.18,0.83
1,btc-updown-5m-1781112900,0.195,SKIP,0,,0.2,0.81
1,btc-updown-5m-1781113200,0.235,NO,0,0.2987012987012987,0.24,0.77
1,btc-updown-5m-1781113500,0.925,SKIP,1,,0.93,0.08
1,btc-updown-5m-1781113800,0.195,SKIP,0,,0.2,0.81
1,btc-updown-5m-1781114100,0.815,SKIP,1,,0.82,0.19
1,btc-updown-5m-1781114400,0.395,NO,1,-1.0,0.4,0.61
1,btc-updown-5m-1781114700,0.165,SKIP,0,,0.17,0.84
1,btc-updown-5m-1781115000,0.455,YES,0,-1.0,0.46,0.55
1,btc-updown-5m-1781115300,0.615,SKIP,0,,0.62,0.39
1,btc-updown-5m-1781115600,0.405,NO,1,-1.0,0.41,0.6
1,btc-updown-5m-1781115900,0.205,SKIP,1,,0.21,0.8
1,btc-updown-5m-1781116200,0.195,SKIP,0,,0.2,0.81
1,btc-updown-5m-1781116500,0.115,SKIP,0,,0.12,0.89
1,btc-updown-5m-1781116800,0.315,NO,0,0.4492753623188408,0.32,0.69
1,btc-updown-5m-1781117100,0.365,NO,1,-1.0,0.37,0.64
1,btc-updown-5m-1781117400,0.215,SKIP,1,,0.22,0.79
1,btc-updown-5m-1781117700,0.335,NO,1,-1.0,0.34,0.67
1,btc-updown-5m-1781118000,0.505,NO,0,1.0,0.51,0.5
1,btc-updown-5m-1781118300,0.655,YES,1,0.5151515151515151,0.66,0.35
1,btc-updown-5m-1781118600,0.055,SKIP,0,,0.06,0.95
1,btc-updown-5m-1781118900,0.785,SKIP,0,,0.79,0.22
1,btc-updown-5m-1781119200,0.465,NO,1,-1.0,0.47,0.54
1,btc-updown-5m-1781119500,0.365,NO,1,-1.0,0.37,0.64
1,btc-updown-5m-1781119800,0.655,SKIP,1,,0.66,0.35
1,btc-updown-5m-1781120100,0.325,NO,1,-1.0,0.33,0.68
1,btc-updown-5m-1781120400,0.515,SKIP,1,,0.52,0.49
1,btc-updown-5m-1781120700,0.375,NO,0,0.5873015873015872,0.38,0.63
1,btc-updown-5m-1781121000,0.505,NO,0,1.0,0.51,0.5
1,btc-updown-5m-1781121300,0.745,SKIP,0,,0.75,0.26
1,btc-updown-5m-1781121600,0.065,SKIP,0,,0.07,0.94
1,btc-updown-5m-1781121900,0.275,SKIP,0,,0.28,0.73
1,btc-updown-5m-1781122200,0.725,YES,1,0.36986301369863006,0.73,0.28
1,btc-updown-5m-1781122500,0.305,SKIP,1,,0.31,0.7
1,btc-updown-5m-1781122800,0.215,NO,1,-1.0,0.22,0.79
1,btc-updown-5m-1781123100,0.365,NO,0,0.5625,0.37,0.64
1,btc-updown-5m-1781123400,0.155,SKIP,1,,0.16,0.85
1,btc-updown-5m-1781123700,0.305,NO,0,0.4285714285714286,0.31,0.7
1,btc-updown-5m-1781124000,0.605,SKIP,0,,0.61,0.4
1,btc-updown-5m-1781124300,0.255,NO,0,0.33333333333333326,0.26,0.75
1,btc-updown-5m-1781124600,0.315,NO,0,0.4492753623188408,0.32,0.69
1,btc-updown-5m-1781124900,0.325,SKIP,1,,0.33,0.68
1,btc-updown-5m-1781125200,0.29,SKIP,0,,0.3,0.72
1,btc-updown-5m-1781125500,0.125,SKIP,0,,0.13,0.88
1,btc-updown-5m-1781125800,0.175,SKIP,0,,0.18,0.83
1,btc-updown-5m-1781126100,0.925,SKIP,1,,0.93,0.08
1,btc-updown-5m-1781126400,0.285,NO,0,0.38888888888888884,0.29,0.72
1,btc-updown-5m-1781126700,0.795,SKIP,1,,0.8,0.21
1,btc-updown-5m-1781127000,0.835,SKIP,1,,0.84,0.17
1,btc-updown-5m-1781127300,0.285,NO,0,0.38888888888888884,0.29,0.72
1,btc-updown-5m-1781127600,0.765,YES,1,0.2987012987012987,0.77,0.24
1,btc-updown-5m-1781127900,0.485,NO,0,0.9230769230769229,0.49,0.52
1,btc-updown-5m-1781128200,0.025,SKIP,0,,0.03,0.98
1,btc-updown-5m-1781128500,0.775,SKIP,1,,0.78,0.23
1,btc-updown-5m-1781128800,0.125,SKIP,0,,0.13,0.88
1,btc-updown-5m-1781129100,0.755,YES,1,0.3157894736842106,0.76,0.25
1,btc-updown-5m-1781129400,0.325,NO,0,0.47058823529411753,0.33,0.68
1,btc-updown-5m-1781129700,0.215,SKIP,0,,0.22,0.79
1,btc-updown-5m-1781130000,0.915,SKIP,1,,0.92,0.09
1,btc-updown-5m-1781130300,0.475,NO,0,0.8867924528301885,0.48,0.53
1,btc-updown-5m-1781130600,0.935,SKIP,1,,0.94,0.07
1,btc-updown-5m-1781130900,0.605,SKIP,1,,0.61,0.4
1,btc-updown-5m-1781131200,0.695,SKIP,1,,0.7,0.31
1,btc-updown-5m-1781131500,0.245,SKIP,0,,0.25,0.76
1,btc-updown-5m-1781131800,0.505,NO,1,-1.0,0.51,0.5
1,btc-updown-5m-1781132100,0.395,SKIP,0,,0.4,0.61
1,btc-updown-5m-1781132400,0.335,NO,0,0.4925373134328357,0.34,0.67
1,btc-updown-5m-1781132700,0.385,SKIP,0,,0.39,0.62
1,btc-updown-5m-1781133000,0.365,NO,0,0.5625,0.37,0.64
1,btc-updown-5m-1781133300,0.455,YES,1,1.1739130434782608,0.46,0.55
1,btc-updown-5m-1781133600,0.915,SKIP,1,,0.92,0.09
1,btc-updown-5m-1781133900,0.565,NO,1,-1.0,0.57,0.44
1,btc-updown-5m-1781134200,0.205,SKIP,0,,0.21,0.8
1,btc-updown-5m-1781134500,0.745,YES,0,-1.0,0.75,0.26
1,btc-updown-5m-1781134800,0.895,SKIP,1,,0.9,0.11
1,btc-updown-5m-1781135100,0.355,NO,0,0.5384615384615383,0.36,0.65
1,btc-updown-5m-1781135400,0.695,YES,1,0.4285714285714286,0.7,0.31
1,btc-updown-5m-1781135700,0.26,SKIP,0,,0.27,0.75
1,btc-updown-5m-1781136000,0.925,SKIP,1,,0.93,0.08
1,btc-updown-5m-1781136300,0.825,SKIP,1,,0.83,0.18
1,btc-updown-5m-1781136600,0.765,SKIP,1,,0.77,0.24
1,btc-updown-5m-1781136900,0.945,SKIP,1,,0.95,0.06
1,btc-updown-5m-1781137200,0.645,SKIP,0,,0.65,0.36
1,btc-updown-5m-1781137500,0.555,YES,1,0.7857142857142856,0.56,0.45
1,btc-updown-5m-1781137800,0.415,NO,0,0.6949152542372883,0.42,0.59
1,btc-updown-5m-1781138100,0.275,SKIP,0,,0.28,0.73
1,btc-updown-5m-1781138400,0.885,SKIP,0,,0.89,0.12
1,btc-updown-5m-1781138700,0.955,SKIP,1,,0.96,0.05
1,btc-updown-5m-1781139000,0.305,SKIP,0,,0.31,0.7
1,btc-updown-5m-1781139300,0.485,NO,1,-1.0,0.49,0.52
1,btc-updown-5m-1781139600,0.925,SKIP,1,,0.93,0.08
1,btc-updown-5m-1781139900,0.465,SKIP,0,,0.47,0.54
1,btc-updown-5m-1781140200,0.735,SKIP,1,,0.74,0.27
1,btc-updown-5m-1781140500,0.915,SKIP,1,,0.92,0.09
1,btc-updown-5m-1781140800,0.315,NO,0,0.4492753623188408,0.32,0.69
1,btc-updown-5m-1781141100,0.33,SKIP,1,,0.34,0.68
1,btc-updown-5m-1781141400,0.195,SKIP,1,,0.2,0.81
1,btc-updown-5m-1781141700,0.085,SKIP,1,,0.09,0.92
1,btc-updown-5m-1781142000,0.875,SKIP,0,,0.88,0.13
1,btc-updown-5m-1781142300,0.615,YES,1,0.6129032258064517,0.62,0.39
1,btc-updown-5m-1781142600,0.515,NO,0,1.0408163265306123,0.52,0.49
1,btc-updown-5m-1781142900,0.405,SKIP,0,,0.41,0.6
1,btc-updown-5m-1781143200,0.755,SKIP,1,,0.76,0.25
1,btc-updown-5m-1781143500,0.095,SKIP,0,,0.1,0.91
1,btc-updown-5m-1781143800,0.175,SKIP,1,,0.18,0.83
1,btc-updown-5m-1781144100,0.815,SKIP,1,,0.82,0.19
1,btc-updown-5m-1781144400,0.015,SKIP,0,,0.02,0.99
1,btc-updown-5m-1781144700,0.765,SKIP,0,,0.77,0.24
1,btc-updown-5m-1781145000,0.125,SKIP,0,,0.13,0.88
1,btc-updown-5m-1781145300,0.895,SKIP,1,,0.9,0.11
1,btc-updown-5m-1781145600,0.725,YES,1,0.36986301369863006,0.73,0.28
1,btc-updown-5m-1781145900,0.275,SKIP,0,,0.28,0.73
1,btc-updown-5m-1781146200,0.775,SKIP,1,,0.78,0.23
1,btc-updown-5m-1781146500,0.895,SKIP,1,,0.9,0.11
1,btc-updown-5m-1781146800,0.695,SKIP,1,,0.7,0.31
1,btc-updown-5m-1781147100,0.055,SKIP,0,,0.06,0.95
1,btc-updown-5m-1781147400,0.135,SKIP,0,,0.14,0.87
1,btc-updown-5m-1781147700,0.705,YES,1,0.40845070422535223,0.71,0.3
1,btc-updown-5m-1781148000,0.65,YES,1,0.5151515151515151,0.66,0.36
1,btc-updown-5m-1781148300,0.485,NO,1,-1.0,0.49,0.52
1,btc-updown-5m-1781148600,0.955,SKIP,1,,0.96,0.05
1,btc-updown-5m-1781148900,0.265,NO,0,0.3513513513513513,0.27,0.74
1,btc-updown-5m-1781149200,0.565,YES,0,-1.0,0.57,0.44
1,btc-updown-5m-1781149500,0.575,NO,1,-1.0,0.58,0.43
1,btc-updown-5m-1781149800,0.725,SKIP,1,,0.73,0.28
1,btc-updown-5m-1781150100,0.975,SKIP,1,,0.98,0.03
1,btc-updown-5m-1781150400,0.135,SKIP,0,,0.14,0.87
1,btc-updown-5m-1781150700,0.255,SKIP,0,,0.26,0.75
1,btc-updown-5m-1781151000,0.795,SKIP,1,,0.8,0.21
1,btc-updown-5m-1781151300,0.265,NO,0,0.3513513513513513,0.27,0.74
1,btc-updown-5m-1781151600,0.315,SKIP,0,,0.32,0.69
1,btc-updown-5m-1781151900,0.555,YES,0,-1.0,0.56,0.45
1,btc-updown-5m-1781152200,0.465,NO,0,0.8518518518518516,0.47,0.54
1,btc-updown-5m-1781152500,0.795,SKIP,1,,0.8,0.21
1,btc-updown-5m-1781152800,0.225,SKIP,0,,0.23,0.78
1,btc-updown-5m-1781153100,0.755,SKIP,1,,0.76,0.25
1,btc-updown-5m-1781153400,0.665,YES,1,0.4925373134328357,0.67,0.34
1,btc-updown-5m-1781153700,0.165,SKIP,0,,0.17,0.84
1,btc-updown-5m-1781154000,0.035,SKIP,0,,0.04,0.97
1,btc-updown-5m-1781154300,0.445,YES,1,1.2222222222222223,0.45,0.56
1,btc-updown-5m-1781154600,0.295,NO,1,-1.0,0.3,0.71
1,btc-updown-5m-1781154900,0.885,SKIP,1,,0.89,0.12
1,btc-updown-5m-1781155200,0.925,SKIP,1,,0.93,0.08
1,btc-updown-5m-1781155500,0.195,SKIP,0,,0.2,0.81
1,btc-updown-5m-1781155800,0.365,SKIP,1,,0.37,0.64
1,btc-updown-5m-1781156100,0.655,YES,0,-1.0,0.66,0.35
1,btc-updown-5m-1781156400,0.835,SKIP,1,,0.84,0.17
1,btc-updown-5m-1781156700,0.445,NO,0,0.7857142857142856,0.45,0.56
1,btc-updown-5m-1781157000,0.355,NO,0,0.5384615384615383,0.36,0.65
1,btc-updown-5m-1781157300,0.755,YES,0,-1.0,0.76,0.25
1,btc-updown-5m-1781157600,0.485,SKIP,0,,0.49,0.52
1,btc-updown-5m-1781157900,0.635,SKIP,1,,0.64,0.37
1,btc-updown-5m-1781158200,0.865,SKIP,1,,0.87,0.14
1,btc-updown-5m-1781158500,0.635,SKIP,0,,0.64,0.37
1,btc-updown-5m-1781158800,0.965,SKIP,1,,0.97,0.04
1,btc-updown-5m-1781159100,0.065,SKIP,0,,0.07,0.94
1,btc-updown-5m-1781159400,0.695,YES,1,0.4285714285714286,0.7,0.31
1,btc-updown-5m-1781159700,0.665,YES,1,0.4925373134328357,0.67,0.34
1,btc-updown-5m-1781160000,0.675,SKIP,0,,0.68,0.33
1,btc-updown-5m-1781160300,0.095,SKIP,0,,0.1,0.91
2,btc-updown-5m-1781160600,0.615,YES,1,0.6129032258064517,0.62,0.39
2,btc-updown-5m-1781160900,0.125,SKIP,0,,0.13,0.88
2,btc-updown-5m-1781161200,0.585,YES,0,-1.0,0.59,0.42
2,btc-updown-5m-1781161500,0.435,NO,0,0.7543859649122808,0.44,0.57
2,btc-updown-5m-1781161800,0.725,YES,1,0.36986301369863006,0.73,0.28
2,btc-updown-5m-1781162100,0.695,YES,1,0.4285714285714286,0.7,0.31
2,btc-updown-5m-1781162400,0.985,SKIP,1,,0.99,0.02
2,btc-updown-5m-1781162700,0.275,SKIP,1,,0.28,0.73
2,btc-updown-5m-1781163000,0.195,SKIP,0,,0.2,0.81
2,btc-updown-5m-1781163300,0.435,SKIP,0,,0.44,0.57
2,btc-updown-5m-1781163600,0.635,YES,1,0.5625,0.64,0.37
2,btc-updown-5m-1781163900,0.795,SKIP,1,,0.8,0.21
2,btc-updown-5m-1781164200,0.325,SKIP,0,,0.33,0.68
2,btc-updown-5m-1781164500,0.745,SKIP,1,,0.75,0.26
2,btc-updown-5m-1781164800,0.735,SKIP,1,,0.74,0.27
2,btc-updown-5m-1781165100,0.825,SKIP,1,,0.83,0.18
2,btc-updown-5m-1781165400,0.415,SKIP,1,,0.42,0.59
2,btc-updown-5m-1781165700,0.285,NO,0,0.38888888888888884,0.29,0.72
2,btc-updown-5m-1781166000,0.605,NO,1,-1.0,0.61,0.4
2,btc-updown-5m-1781166300,0.335,NO,1,-1.0,0.34,0.67
2,btc-updown-5m-1781166600,0.445,YES,0,-1.0,0.45,0.56
2,btc-updown-5m-1781166900,0.385,SKIP,1,,0.39,0.62
2,btc-updown-5m-1781167200,0.205,SKIP,0,,0.21,0.8
2,btc-updown-5m-1781167500,0.875,SKIP,1,,0.88,0.13
2,btc-updown-5m-1781167800,0.395,NO,0,0.639344262295082,0.4,0.61
2,btc-updown-5m-1781168100,0.245,NO,1,-1.0,0.25,0.76
2,btc-updown-5m-1781168400,0.265,NO,0,0.3513513513513513,0.27,0.74
2,btc-updown-5m-1781168700,0.215,SKIP,0,,0.22,0.79
2,btc-updown-5m-1781169000,0.335,SKIP,1,,0.34,0.67
2,btc-updown-5m-1781169300,0.095,SKIP,0,,0.1,0.91
2,btc-updown-5m-1781169600,0.165,SKIP,0,,0.17,0.84
2,btc-updown-5m-1781169900,0.445,NO,1,-1.0,0.45,0.56
2,btc-updown-5m-1781170200,0.945,SKIP,1,,0.95,0.06
2,btc-updown-5m-1781170500,0.405,NO,0,0.6666666666666667,0.41,0.6
2,btc-updown-5m-1781170800,0.305,SKIP,1,,0.31,0.7
2,btc-updown-5m-1781171100,0.395,NO,0,0.639344262295082,0.4,0.61
2,btc-updown-5m-1781171400,0.815,SKIP,1,,0.82,0.19
2,btc-updown-5m-1781171700,0.205,SKIP,0,,0.21,0.8
2,btc-updown-5m-1781172000,0.565,YES,0,-1.0,0.57,0.44
2,btc-updown-5m-1781172300,0.755,SKIP,1,,0.76,0.25
2,btc-updown-5m-1781172600,0.415,NO,0,0.6949152542372883,0.42,0.59
2,btc-updown-5m-1781172900,0.355,NO,0,0.5384615384615383,0.36,0.65
2,btc-updown-5m-1781173200,0.615,YES,1,0.6129032258064517,0.62,0.39
2,btc-updown-5m-1781173500,0.605,YES,1,0.639344262295082,0.61,0.4
2,btc-updown-5m-1781173800,0.815,SKIP,1,,0.82,0.19
2,btc-updown-5m-1781174100,0.785,SKIP,1,,0.79,0.22
2,btc-updown-5m-1781174400,0.495,SKIP,1,,0.5,0.51
2,btc-updown-5m-1781174700,0.735,SKIP,1,,0.74,0.27
2,btc-updown-5m-1781175000,0.915,SKIP,1,,0.92,0.09
2,btc-updown-5m-1781175300,0.245,NO,1,-1.0,0.25,0.76
2,btc-updown-5m-1781175600,0.475,NO,1,-1.0,0.48,0.53
2,btc-updown-5m-1781175900,0.275,SKIP,0,,0.28,0.73
2,btc-updown-5m-1781176200,0.755,SKIP,1,,0.76,0.25
2,btc-updown-5m-1781176500,0.375,NO,0,0.5873015873015872,0.38,0.63
2,btc-updown-5m-1781176800,0.625,SKIP,1,,0.63,0.38
2,btc-updown-5m-1781177100,0.125,SKIP,0,,0.13,0.88
2,btc-updown-5m-1781177400,0.905,SKIP,1,,0.91,0.1
2,btc-updown-5m-1781177700,0.215,SKIP,0,,0.22,0.79
2,btc-updown-5m-1781178000,0.355,NO,0,0.5384615384615383,0.36,0.65
2,btc-updown-5m-1781178300,0.435,SKIP,0,,0.44,0.57
2,btc-updown-5m-1781178600,0.915,SKIP,1,,0.92,0.09
2,btc-updown-5m-1781178900,0.115,SKIP,0,,0.12,0.89
2,btc-updown-5m-1781179200,0.195,SKIP,0,,0.2,0.81
2,btc-updown-5m-1781179500,0.345,NO,0,0.5151515151515151,0.35,0.66
2,btc-updown-5m-1781179800,0.965,SKIP,1,,0.97,0.04
2,btc-updown-5m-1781180100,0.445,NO,0,0.7857142857142856,0.45,0.56
2,btc-updown-5m-1781180400,0.025,SKIP,0,,0.03,0.98
2,btc-updown-5m-1781180700,0.795,SKIP,0,,0.8,0.21
2,btc-updown-5m-1781181000,0.335,SKIP,1,,0.34,0.67
2,btc-updown-5m-1781181300,0.645,SKIP,1,,0.65,0.36
2,btc-updown-5m-1781181600,0.695,SKIP,1,,0.7,0.31
2,btc-updown-5m-1781181900,0.685,SKIP,1,,0.69,0.32
2,btc-updown-5m-1781182200,0.655,SKIP,0,,0.66,0.35
2,btc-updown-5m-1781182500,0.735,SKIP,1,,0.74,0.27
2,btc-updown-5m-1781182800,0.185,SKIP,0,,0.19,0.82
2,btc-updown-5m-1781183100,0.425,SKIP,0,,0.43,0.58
2,btc-updown-5m-1781183400,0.315,SKIP,1,,0.32,0.69
2,btc-updown-5m-1781183700,0.795,SKIP,1,,0.8,0.21
2,btc-updown-5m-1781184000,0.455,NO,0,0.8181818181818181,0.46,0.55
2,btc-updown-5m-1781184300,0.575,NO,0,1.3255813953488373,0.58,0.43
2,btc-updown-5m-1781184600,0.155,SKIP,0,,0.16,0.85
2,btc-updown-5m-1781184900,0.745,YES,1,0.33333333333333326,0.75,0.26
2,btc-updown-5m-1781185200,0.155,SKIP,1,,0.16,0.85
2,btc-updown-5m-1781185500,0.755,YES,1,0.3157894736842106,0.76,0.25
2,btc-updown-5m-1781185800,0.675,YES,1,0.47058823529411753,0.68,0.33
2,btc-updown-5m-1781186100,0.075,SKIP,0,,0.08,0.93
2,btc-updown-5m-1781186400,0.365,NO,1,-1.0,0.37,0.64
2,btc-updown-5m-1781186700,0.045,SKIP,0,,0.05,0.96
2,btc-updown-5m-1781187000,0.295,NO,0,0.40845070422535223,0.3,0.71
2,btc-updown-5m-1781187300,0.335,NO,1,-1.0,0.34,0.67
2,btc-updown-5m-1781187600,0.825,SKIP,1,,0.83,0.18
2,btc-updown-5m-1781187900,0.245,SKIP,1,,0.25,0.76
2,btc-updown-5m-1781188200,0.205,SKIP,0,,0.21,0.8
2,btc-updown-5m-1781188500,0.945,SKIP,1,,0.95,0.06
2,btc-updown-5m-1781188800,0.405,SKIP,0,,0.41,0.6
2,btc-updown-5m-1781189100,0.615,SKIP,1,,0.62,0.39
2,btc-updown-5m-1781189400,0.845,SKIP,1,,0.85,0.16
2,btc-updown-5m-1781189700,0.075,SKIP,0,,0.08,0.93
2,btc-updown-5m-1781190000,0.055,SKIP,0,,0.06,0.95
2,btc-updown-5m-1781190300,0.385,NO,1,-1.0,0.39,0.62
2,btc-updown-5m-1781190600,0.455,SKIP,0,,0.46,0.55
2,btc-updown-5m-1781190900,0.455,NO,0,0.8181818181818181,0.46,0.55
2,btc-updown-5m-1781191200,0.915,SKIP,1,,0.92,0.09
2,btc-updown-5m-1781191500,0.295,NO,0,0.38888888888888884,0.31,0.72
2,btc-updown-5m-1781191800,0.275,NO,1,-1.0,0.28,0.73
2,btc-updown-5m-1781192100,0.885,SKIP,1,,0.89,0.12
2,btc-updown-5m-1781192400,0.365,NO,0,0.5625,0.37,0.64
2,btc-updown-5m-1781192700,0.565,NO,0,1.272727272727273,0.57,0.44
2,btc-updown-5m-1781193000,0.595,NO,1,-1.0,0.6,0.41
2,btc-updown-5m-1781193300,0.755,SKIP,1,,0.76,0.25
2,btc-updown-5m-1781193600,0.625,SKIP,0,,0.63,0.38
2,btc-updown-5m-1781193900,0.925,SKIP,1,,0.93,0.08
2,btc-updown-5m-1781194200,0.615,SKIP,1,,0.62,0.39
2,btc-updown-5m-1781194500,0.555,SKIP,0,,0.56,0.45
2,btc-updown-5m-1781194800,0.095,SKIP,0,,0.1,0.91
2,btc-updown-5m-1781195100,0.505,YES,1,0.9607843137254901,0.51,0.5
2,btc-updown-5m-1781195400,0.33,NO,1,-1.0,0.34,0.68
2,btc-updown-5m-1781195700,0.86,SKIP,1,,0.87,0.15
2,btc-updown-5m-1781196000,0.225,SKIP,0,,0.23,0.78
2,btc-updown-5m-1781196300,0.305,SKIP,0,,0.31,0.7
2,btc-updown-5m-1781196600,0.395,YES,0,-1.0,0.4,0.61
2,btc-updown-5m-1781196900,0.285,SKIP,0,,0.29,0.72
2,btc-updown-5m-1781197200,0.525,NO,0,1.0833333333333335,0.53,0.48
2,btc-updown-5m-1781197500,0.815,SKIP,1,,0.82,0.19
2,btc-updown-5m-1781197800,0.465,NO,0,0.8518518518518516,0.47,0.54
2,btc-updown-5m-1781198100,0.675,SKIP,0,,0.68,0.33
2,btc-updown-5m-1781198400,0.465,SKIP,1,,0.47,0.54
2,btc-updown-5m-1781198700,0.235,SKIP,1,,0.24,0.77
2,btc-updown-5m-1781199000,0.895,SKIP,1,,0.9,0.11
2,btc-updown-5m-1781199300,0.245,SKIP,0,,0.25,0.76
2,btc-updown-5m-1781199600,0.885,SKIP,1,,0.89,0.12
2,btc-updown-5m-1781199900,0.585,SKIP,1,,0.59,0.42
2,btc-updown-5m-1781200200,0.345,SKIP,0,,0.35,0.66
2,btc-updown-5m-1781200500,0.345,SKIP,1,,0.35,0.66
2,btc-updown-5m-1781200800,0.785,SKIP,0,,0.79,0.22
2,btc-updown-5m-1781201100,0.175,SKIP,0,,0.18,0.83
2,btc-updown-5m-1781201400,0.805,SKIP,1,,0.81,0.2
2,btc-updown-5m-1781201700,0.835,SKIP,1,,0.84,0.17
2,btc-updown-5m-1781202000,0.245,SKIP,0,,0.25,0.76
2,btc-updown-5m-1781202300,0.725,YES,0,-1.0,0.73,0.28
2,btc-updown-5m-1781202600,0.765,SKIP,1,,0.77,0.24
2,btc-updown-5m-1781202900,0.885,SKIP,1,,0.89,0.12
2,btc-updown-5m-1781203200,0.355,SKIP,1,,0.36,0.65
2,btc-updown-5m-1781203500,0.435,YES,0,-1.0,0.44,0.57
2,btc-updown-5m-1781203800,0.305,NO,0,0.4285714285714286,0.31,0.7
2,btc-updown-5m-1781204100,0.615,SKIP,0,,0.62,0.39
2,btc-updown-5m-1781204400,0.835,SKIP,1,,0.84,0.17
2,btc-updown-5m-1781204700,0.375,SKIP,0,,0.38,0.63
2,btc-updown-5m-1781205000,0.665,YES,1,0.4925373134328357,0.67,0.34
2,btc-updown-5m-1781205300,0.815,SKIP,1,,0.82,0.19
2,btc-updown-5m-1781205600,0.585,YES,1,0.6949152542372883,0.59,0.42
2,btc-updown-5m-1781205900,0.475,SKIP,0,,0.48,0.53
2,btc-updown-5m-1781206200,0.965,SKIP,1,,0.97,0.04
2,btc-updown-5m-1781206500,0.555,SKIP,0,,0.56,0.45
2,btc-updown-5m-1781206800,0.915,SKIP,1,,0.92,0.09
2,btc-updown-5m-1781207100,0.435,NO,0,0.7543859649122808,0.44,0.57
2,btc-updown-5m-1781207700,0.225,SKIP,0,,0.23,0.78
2,btc-updown-5m-1781208000,0.475,NO,1,-1.0,0.48,0.53
2,btc-updown-5m-1781208300,0.495,NO,0,0.9607843137254901,0.5,0.51
2,btc-updown-5m-1781208600,0.215,SKIP,0,,0.22,0.79
2,btc-updown-5m-1781208900,0.515,SKIP,1,,0.52,0.49
2,btc-updown-5m-1781209200,0.255,SKIP,0,,0.26,0.75
2,btc-updown-5m-1781209500,0.145,SKIP,0,,0.15,0.86
2,btc-updown-5m-1781209800,0.355,NO,1,-1.0,0.36,0.65
2,btc-updown-5m-1781210100,0.195,SKIP,0,,0.2,0.81
2,btc-updown-5m-1781210400,0.305,SKIP,0,,0.31,0.7
2,btc-updown-5m-1781210700,0.455,SKIP,0,,0.46,0.55
2,btc-updown-5m-1781211000,0.945,SKIP,1,,0.95,0.06
2,btc-updown-5m-1781211300,0.545,YES,0,-1.0,0.55,0.46
2,btc-updown-5m-1781211600,0.765,SKIP,1,,0.77,0.24
2,btc-updown-5m-1781212800,0.4,SKIP,0,,0.41,0.61
2,btc-updown-5m-1781224200,0.325,NO,1,-1.0,0.33,0.68
2,btc-updown-5m-1781224500,0.825,SKIP,1,,0.83,0.18
2,btc-updown-5m-1781224800,0.545,NO,0,1.1739130434782608,0.55,0.46
2,btc-updown-5m-1781225100,0.665,SKIP,1,,0.67,0.34
2,btc-updown-5m-1781225400,0.725,YES,1,0.36986301369863006,0.73,0.28
2,btc-updown-5m-1781225700,0.465,SKIP,0,,0.47,0.54
2,btc-updown-5m-1781226000,0.035,SKIP,0,,0.04,0.97
2,btc-updown-5m-1781226300,0.525,YES,0,-1.0,0.53,0.48
2,btc-updown-5m-1781226600,0.335,SKIP,0,,0.34,0.67
2,btc-updown-5m-1781226900,0.825,SKIP,0,,0.83,0.18
2,btc-updown-5m-1781227200,0.615,SKIP,0,,0.62,0.39
2,btc-updown-5m-1781227500,0.125,SKIP,0,,0.13,0.88
2,btc-updown-5m-1781227800,0.665,YES,1,0.4925373134328357,0.67,0.34
2,btc-updown-5m-1781228100,0.155,SKIP,1,,0.16,0.85
2,btc-updown-5m-1781228400,0.335,SKIP,1,,0.34,0.67
2,btc-updown-5m-1781228700,0.845,SKIP,1,,0.85,0.16
2,btc-updown-5m-1781229000,0.325,SKIP,1,,0.33,0.68
2,btc-updown-5m-1781229300,0.175,SKIP,0,,0.18,0.83
2,btc-updown-5m-1781229600,0.715,SKIP,1,,0.72,0.29
2,btc-updown-5m-1781229900,0.575,NO,1,-1.0,0.58,0.43
2,btc-updown-5m-1781230200,0.645,SKIP,1,,0.65,0.36
2,btc-updown-5m-1781230500,0.295,SKIP,0,,0.3,0.71
2,btc-updown-5m-1781230800,0.43,SKIP,1,,0.44,0.58
2,btc-updown-5m-1781231100,0.155,SKIP,0,,0.16,0.85
2,btc-updown-5m-1781231400,0.695,YES,0,-1.0,0.7,0.31
2,btc-updown-5m-1781231700,0.885,SKIP,1,,0.89,0.12
2,btc-updown-5m-1781232000,0.295,SKIP,1,,0.3,0.71
2,btc-updown-5m-1781232300,0.235,SKIP,0,,0.24,0.77
2,btc-updown-5m-1781232600,0.275,SKIP,0,,0.28,0.73
2,btc-updown-5m-1781232900,0.395,SKIP,1,,0.4,0.61
2,btc-updown-5m-1781233200,0.43,SKIP,0,,0.45,0.59
2,btc-updown-5m-1781233500,0.445,SKIP,1,,0.45,0.56
2,btc-updown-5m-1781233800,0.295,SKIP,0,,0.3,0.71
2,btc-updown-5m-1781234100,0.415,NO,0,0.6949152542372883,0.42,0.59
2,btc-updown-5m-1781234400,0.125,SKIP,0,,0.13,0.88
2,btc-updown-5m-1781234700,0.185,SKIP,1,,0.19,0.82
2,btc-updown-5m-1781235000,0.845,SKIP,1,,0.85,0.16
2,btc-updown-5m-1781235300,0.225,NO,0,0.28205128205128194,0.23,0.78
2,btc-updown-5m-1781235600,0.665,YES,1,0.4925373134328357,0.67,0.34
2,btc-updown-5m-1781235900,0.535,YES,0,-1.0,0.54,0.47
2,btc-updown-5m-1781236200,0.725,SKIP,1,,0.73,0.28
2,btc-updown-5m-1781236500,0.655,SKIP,1,,0.66,0.35
2,btc-updown-5m-1781236800,0.375,NO,0,0.5873015873015872,0.38,0.63
2,btc-updown-5m-1781237100,0.115,SKIP,0,,0.12,0.89
2,btc-updown-5m-1781237700,0.985,SKIP,1,,0.99,0.02
2,btc-updown-5m-1781238000,0.525,NO,1,-1.0,0.53,0.48
2,btc-updown-5m-1781238300,0.795,SKIP,1,,0.8,0.21
2,btc-updown-5m-1781238600,0.485,SKIP,0,,0.49,0.52
2,btc-updown-5m-1781238900,0.335,NO,0,0.4925373134328357,0.34,0.67
2,btc-updown-5m-1781239200,0.255,SKIP,0,,0.26,0.75
2,btc-updown-5m-1781239500,0.405,SKIP,0,,0.41,0.6
2,btc-updown-5m-1781239800,0.525,NO,0,1.0833333333333335,0.53,0.48
2,btc-updown-5m-1781240100,0.375,NO,0,0.5873015873015872,0.38,0.63
2,btc-updown-5m-1781240400,0.135,SKIP,0,,0.14,0.87
2,btc-updown-5m-1781240700,0.535,NO,0,1.127659574468085,0.54,0.47
2,btc-updown-5m-1781241000,0.025,SKIP,0,,0.03,0.98
2,btc-updown-5m-1781241300,0.875,SKIP,1,,0.88,0.13
2,btc-updown-5m-1781241600,0.355,SKIP,0,,0.36,0.65
2,btc-updown-5m-1781241900,0.435,SKIP,1,,0.44,0.57
2,btc-updown-5m-1781242200,0.61,NO,0,1.5,0.62,0.4
2,btc-updown-5m-1781242500,0.17,SKIP,0,,0.18,0.84
2,btc-updown-5m-1781242800,0.505,NO,1,-1.0,0.51,0.5
2,btc-updown-5m-1781243100,0.355,SKIP,1,,0.38,0.67
2,btc-updown-5m-1781243400,0.175,SKIP,0,,0.19,0.84
2,btc-updown-5m-1781243700,0.635,SKIP,0,,0.64,0.37
2,btc-updown-5m-1781244000,0.395,SKIP,1,,0.4,0.61
2,btc-updown-5m-1781244300,0.435,NO,0,0.7543859649122808,0.44,0.57
2,btc-updown-5m-1781244600,0.365,NO,0,0.5625,0.37,0.64
2,btc-updown-5m-1781244900,0.045,SKIP,0,,0.05,0.96
2,btc-updown-5m-1781245200,0.205,SKIP,1,,0.21,0.8
2,btc-updown-5m-1781245500,0.465,SKIP,0,,0.47,0.54
2,btc-updown-5m-1781245800,0.055,SKIP,0,,0.06,0.95
2,btc-updown-5m-1781246100,0.445,SKIP,1,,0.45,0.56
2,btc-updown-5m-1781246400,0.445,SKIP,0,,0.45,0.56
2,btc-updown-5m-1781246700,0.845,SKIP,1,,0.85,0.16
2,btc-updown-5m-1781247000,0.535,NO,0,1.127659574468085,0.54,0.47
2,btc-updown-5m-1781247300,0.505,NO,1,-1.0,0.51,0.5
2,btc-updown-5m-1781247600,0.935,SKIP,1,,0.94,0.07
2,btc-updown-5m-1781247900,0.545,NO,0,1.127659574468085,0.56,0.47
2,btc-updown-5m-1781248200,0.16,SKIP,0,,0.17,0.85
2,btc-updown-5m-1781248500,0.645,SKIP,1,,0.65,0.36
2,btc-updown-5m-1781248800,0.505,SKIP,1,,0.51,0.5
2,btc-updown-5m-1781249100,0.335,SKIP,0,,0.34,0.67
2,btc-updown-5m-1781249400,0.735,SKIP,0,,0.74,0.27
2,btc-updown-5m-1781249700,0.585,YES,1,0.6949152542372883,0.59,0.42
2,btc-updown-5m-1781250000,0.675,SKIP,0,,0.68,0.33
2,btc-updown-5m-1781250300,0.375,SKIP,0,,0.38,0.63
2,btc-updown-5m-1781250600,0.295,SKIP,0,,0.3,0.71
2,btc-updown-5m-1781250900,0.985,SKIP,1,,0.99,0.02
2,btc-updown-5m-1781251200,0.795,SKIP,1,,0.8,0.21
2,btc-updown-5m-1781251500,0.945,SKIP,1,,0.95,0.06
2,btc-updown-5m-1781251800,0.665,SKIP,1,,0.67,0.34
2,btc-updown-5m-1781252100,0.905,SKIP,1,,0.91,0.1
2,btc-updown-5m-1781252400,0.425,NO,1,-1.0,0.43,0.58
2,btc-updown-5m-1781252700,0.375,SKIP,1,,0.38,0.63
2,btc-updown-5m-1781253000,0.315,NO,0,0.4492753623188408,0.32,0.69
2,btc-updown-5m-1781253300,0.275,NO,0,0.36986301369863006,0.28,0.73
2,btc-updown-5m-1781253600,0.155,SKIP,0,,0.16,0.85
2,btc-updown-5m-1781253900,0.635,SKIP,1,,0.64,0.37
2,btc-updown-5m-1781254200,0.435,SKIP,1,,0.44,0.57
2,btc-updown-5m-1781254500,0.495,NO,1,-1.0,0.5,0.51
2,btc-updown-5m-1781254800,0.355,NO,0,0.5384615384615383,0.36,0.65
2,btc-updown-5m-1781255100,0.585,NO,1,-1.0,0.59,0.42
2,btc-updown-5m-1781255400,0.415,NO,1,-1.0,0.42,0.59
2,btc-updown-5m-1781255700,0.695,SKIP,1,,0.7,0.31
2,btc-updown-5m-1781256000,0.945,SKIP,1,,0.95,0.06
2,btc-updown-5m-1781256300,0.785,SKIP,1,,0.79,0.22
2,btc-updown-5m-1781256600,0.705,SKIP,1,,0.71,0.3
2,btc-updown-5m-1781256900,0.235,NO,0,0.2987012987012987,0.24,0.77
2,btc-updown-5m-1781257200,0.305,NO,1,-1.0,0.31,0.7
2,btc-updown-5m-1781257500,0.355,NO,0,0.5384615384615383,0.36,0.65
2,btc-updown-5m-1781257800,0.485,NO,0,0.9230769230769229,0.49,0.52
2,btc-updown-5m-1781258100,0.605,NO,0,1.5,0.61,0.4
2,btc-updown-5m-1781258400,0.215,SKIP,0,,0.22,0.79
2,btc-updown-5m-1781258700,0.465,NO,1,-1.0,0.47,0.54
2,btc-updown-5m-1781259000,0.085,SKIP,0,,0.1,0.93
2,btc-updown-5m-1781259300,0.355,SKIP,0,,0.36,0.65
2,btc-updown-5m-1781259600,0.485,SKIP,1,,0.49,0.52
2,btc-updown-5m-1781259900,0.015,SKIP,0,,0.02,0.99
2,btc-updown-5m-1781260200,0.695,SKIP,1,,0.7,0.31
2,btc-updown-5m-1781260500,0.59,YES,0,-1.0,0.6,0.42
2,btc-updown-5m-1781269200,0.295,NO,0,0.40845070422535223,0.3,0.71
2,btc-updown-5m-1781269500,0.575,SKIP,1,,0.58,0.43
2,btc-updown-5m-1781269800,0.235,NO,1,-1.0,0.24,0.77
2,btc-updown-5m-1781270100,0.425,NO,1,-1.0,0.43,0.58
2,btc-updown-5m-1781270400,0.365,SKIP,0,,0.37,0.64
2,btc-updown-5m-1781270700,0.475,NO,0,0.8867924528301885,0.48,0.53
2,btc-updown-5m-1781271000,0.065,SKIP,0,,0.07,0.94
2,btc-updown-5m-1781271300,0.755,YES,1,0.3157894736842106,0.76,0.25
2,btc-updown-5m-1781271600,0.045,SKIP,0,,0.05,0.96
2,btc-updown-5m-1781271900,0.695,YES,1,0.4285714285714286,0.7,0.31
2,btc-updown-5m-1781272200,0.555,NO,0,1.2222222222222223,0.56,0.45
2,btc-updown-5m-1781272500,0.365,NO,1,-1.0,0.37,0.64
2,btc-updown-5m-1781272800,0.975,SKIP,1,,0.98,0.03
2,btc-updown-5m-1781273100,0.715,SKIP,1,,0.72,0.29
2,btc-updown-5m-1781273400,0.34,SKIP,1,,0.35,0.67
2,btc-updown-5m-1781273700,0.675,YES,0,-1.0,0.68,0.33
2,btc-updown-5m-1781274000,0.425,NO,1,-1.0,0.43,0.58
2,btc-updown-5m-1781274300,0.875,SKIP,1,,0.88,0.13
2,btc-updown-5m-1781274600,0.425,NO,1,-1.0,0.43,0.58
2,btc-updown-5m-1781274900,0.595,NO,1,-1.0,0.6,0.41
2,btc-updown-5m-1781275200,0.095,SKIP,0,,0.1,0.91
2,btc-updown-5m-1781275500,0.665,YES,1,0.4925373134328357,0.67,0.34
2,btc-updown-5m-1781275800,0.745,SKIP,1,,0.75,0.26
2,btc-updown-5m-1781276100,0.585,SKIP,1,,0.59,0.42
2,btc-updown-5m-1781276400,0.905,SKIP,0,,0.91,0.1
2,btc-updown-5m-1781276700,0.905,SKIP,1,,0.91,0.1
2,btc-updown-5m-1781277000,0.855,SKIP,1,,0.86,0.15
2,btc-updown-5m-1781277300,0.345,SKIP,0,,0.35,0.66
2,btc-updown-5m-1781277600,0.395,YES,1,1.5,0.4,0.61
2,btc-updown-5m-1781277900,0.545,NO,0,1.1739130434782608,0.55,0.46
2,btc-updown-5m-1781278200,0.175,SKIP,0,,0.18,0.83
2,btc-updown-5m-1781278500,0.715,SKIP,1,,0.72,0.29
2,btc-updown-5m-1781278800,0.145,SKIP,0,,0.15,0.86
2,btc-updown-5m-1781279100,0.315,SKIP,0,,0.32,0.69
2,btc-updown-5m-1781279400,0.745,SKIP,1,,0.75,0.26
2,btc-updown-5m-1781279700,0.065,SKIP,0,,0.07,0.94
2,btc-updown-5m-1781280000,0.575,NO,1,-1.0,0.59,0.44
2,btc-updown-5m-1781280300,0.755,SKIP,1,,0.76,0.25
2,btc-updown-5m-1781280600,0.405,NO,1,-1.0,0.41,0.6
2,btc-updown-5m-1781280900,0.865,SKIP,0,,0.87,0.14
2,btc-updown-5m-1781281200,0.515,YES,1,0.9230769230769229,0.52,0.49
2,btc-updown-5m-1781281500,0.825,SKIP,1,,0.83,0.18
2,btc-updown-5m-1781281800,0.475,NO,0,0.8867924528301885,0.48,0.53
2,btc-updown-5m-1781282100,0.245,SKIP,1,,0.25,0.76
2,btc-updown-5m-1781282400,0.25,NO,0,0.3157894736842106,0.26,0.76
2,btc-updown-5m-1781282700,0.545,NO,1,-1.0,0.55,0.46
2,btc-updown-5m-1781283000,0.575,NO,0,1.3255813953488373,0.58,0.43
2,btc-updown-5m-1781283300,0.575,YES,1,0.7241379310344829,0.58,0.43
2,btc-updown-5m-1781283600,0.465,SKIP,1,,0.47,0.54
2,btc-updown-5m-1781283900,0.745,SKIP,1,,0.75,0.26
2,btc-updown-5m-1781284200,0.175,SKIP,0,,0.18,0.83
2,btc-updown-5m-1781284500,0.255,SKIP,0,,0.26,0.75
2,btc-updown-5m-1781284800,0.285,NO,0,0.38888888888888884,0.29,0.72
2,btc-updown-5m-1781285100,0.535,NO,1,-1.0,0.54,0.47
2,btc-updown-5m-1781285400,0.215,SKIP,0,,0.22,0.79
2,btc-updown-5m-1781285700,0.695,YES,1,0.4285714285714286,0.7,0.31
2,btc-updown-5m-1781286000,0.475,SKIP,0,,0.48,0.53
2,btc-updown-5m-1781286300,0.755,YES,1,0.3157894736842106,0.76,0.25
2,btc-updown-5m-1781286600,0.565,SKIP,0,,0.57,0.44
2,btc-updown-5m-1781286900,0.385,SKIP,1,,0.39,0.62
2,btc-updown-5m-1781287200,0.765,YES,1,0.2987012987012987,0.77,0.24
2,btc-updown-5m-1781287500,0.465,SKIP,0,,0.47,0.54
2,btc-updown-5m-1781287800,0.955,SKIP,1,,0.96,0.05
2,btc-updown-5m-1781288100,0.425,SKIP,0,,0.43,0.58
2,btc-updown-5m-1781288400,0.445,NO,1,-1.0,0.45,0.56
2,btc-updown-5m-1781288700,0.395,YES,1,1.5,0.4,0.61
2,btc-updown-5m-1781289000,0.51,YES,1,0.9230769230769229,0.52,0.5
2,btc-updown-5m-1781289300,0.505,SKIP,1,,0.51,0.5
2,btc-updown-5m-1781289600,0.855,SKIP,1,,0.86,0.15
2,btc-updown-5m-1781289900,0.675,SKIP,0,,0.68,0.33
2,btc-updown-5m-1781290200,0.465,SKIP,0,,0.47,0.54
2,btc-updown-5m-1781290500,0.315,NO,0,0.4492753623188408,0.32,0.69
2,btc-updown-5m-1781290800,0.515,SKIP,1,,0.52,0.49
2,btc-updown-5m-1781291100,0.095,SKIP,0,,0.1,0.91
2,btc-updown-5m-1781291400,0.185,SKIP,0,,0.19,0.82
2,btc-updown-5m-1781291700,0.325,SKIP,1,,0.33,0.68
2,btc-updown-5m-1781292000,0.185,SKIP,0,,0.19,0.82
2,btc-updown-5m-1781292300,0.865,SKIP,1,,0.87,0.14
2,btc-updown-5m-1781292600,0.105,SKIP,0,,0.11,0.9
2,btc-updown-5m-1781292900,0.965,SKIP,1,,0.97,0.04
2,btc-updown-5m-1781293200,0.645,SKIP,0,,0.65,0.36
2,btc-updown-5m-1781293500,0.315,SKIP,1,,0.32,0.69
2,btc-updown-5m-1781293800,0.425,YES,0,-1.0,0.43,0.58
2,btc-updown-5m-1781294100,0.445,SKIP,0,,0.45,0.56
2,btc-updown-5m-1781294400,0.745,YES,1,0.33333333333333326,0.75,0.26
2,btc-updown-5m-1781294700,0.555,YES,0,-1.0,0.56,0.45
2,btc-updown-5m-1781295000,0.615,YES,1,0.6129032258064517,0.62,0.39
2,btc-updown-5m-1781295300,0.085,SKIP,0,,0.09,0.92
2,btc-updown-5m-1781295600,0.405,SKIP,0,,0.41,0.6
2,btc-updown-5m-1781295900,0.445,NO,0,0.7857142857142856,0.45,0.56
2,btc-updown-5m-1781296200,0.745,YES,1,0.33333333333333326,0.75,0.26
2,btc-updown-5m-1781296500,0.645,YES,0,-1.0,0.65,0.36
2,btc-updown-5m-1781296800,0.785,YES,1,0.26582278481012644,0.79,0.22
2,btc-updown-5m-1781297100,0.675,SKIP,0,,0.68,0.33
2,btc-updown-5m-1781297400,0.555,YES,0,-1.0,0.56,0.45
2,btc-updown-5m-1781297700,0.8,SKIP,1,,0.81,0.21
2,btc-updown-5m-1781298000,0.575,NO,0,1.3255813953488373,0.58,0.43
2,btc-updown-5m-1781298300,0.685,SKIP,1,,0.69,0.32
2,btc-updown-5m-1781298600,0.665,SKIP,1,,0.67,0.34
2,btc-updown-5m-1781298900,0.685,YES,1,0.4492753623188408,0.69,0.32
2,btc-updown-5m-1781299200,0.285,NO,0,0.38888888888888884,0.29,0.72
2,btc-updown-5m-1781299500,0.445,SKIP,0,,0.45,0.56
2,btc-updown-5m-1781299800,0.825,SKIP,1,,0.83,0.18
2,btc-updown-5m-1781300100,0.625,SKIP,1,,0.63,0.38
2,btc-updown-5m-1781300400,0.305,SKIP,0,,0.31,0.7
2,btc-updown-5m-1781300700,0.075,SKIP,0,,0.08,0.93
2,btc-updown-5m-1781301000,0.105,SKIP,0,,0.11,0.9
2,btc-updown-5m-1781301300,0.385,NO,0,0.6129032258064517,0.39,0.62
2,btc-updown-5m-1781301600,0.805,SKIP,1,,0.81,0.2
2,btc-updown-5m-1781301900,0.435,SKIP,1,,0.44,0.57
2,btc-updown-5m-1781302200,0.075,SKIP,0,,0.08,0.93
2,btc-updown-5m-1781302500,0.435,NO,1,-1.0,0.44,0.57
2,btc-updown-5m-1781302800,0.955,SKIP,1,,0.96,0.05
2,btc-updown-5m-1781303100,0.435,NO,0,0.7543859649122808,0.44,0.57
2,btc-updown-5m-1781303400,0.485,YES,0,-1.0,0.49,0.52
2,btc-updown-5m-1781303700,0.595,YES,0,-1.0,0.6,0.41
2,btc-updown-5m-1781304000,0.605,YES,1,0.639344262295082,0.61,0.4
2,btc-updown-5m-1781304300,0.785,YES,0,-1.0,0.79,0.22
2,btc-updown-5m-1781304600,0.395,YES,1,1.5,0.4,0.61
2,btc-updown-5m-1781304900,0.465,NO,1,-1.0,0.47,0.54
2,btc-updown-5m-1781305200,0.345,NO,0,0.5151515151515151,0.35,0.66
2,btc-updown-5m-1781305500,0.315,NO,0,0.4492753623188408,0.32,0.69
2,btc-updown-5m-1781305800,0.645,SKIP,1,,0.65,0.36
2,btc-updown-5m-1781306100,0.805,SKIP,0,,0.81,0.2
2,btc-updown-5m-1781306400,0.425,NO,1,-1.0,0.43,0.58
2,btc-updown-5m-1781306700,0.575,SKIP,0,,0.58,0.43
2,btc-updown-5m-1781307000,0.675,SKIP,0,,0.68,0.33
2,btc-updown-5m-1781307300,0.665,SKIP,1,,0.67,0.34
2,btc-updown-5m-1781307600,0.805,SKIP,1,,0.81,0.2
2,btc-updown-5m-1781307900,0.71,YES,1,0.36986301369863006,0.73,0.31
2,btc-updown-5m-1781308200,0.695,SKIP,1,,0.7,0.31
2,btc-updown-5m-1781308500,0.505,SKIP,1,,0.51,0.5
2,btc-updown-5m-1781308800,0.515,NO,0,0.8181818181818181,0.58,0.55
2,btc-updown-5m-1781309100,0.755,SKIP,1,,0.76,0.25
2,btc-updown-5m-1781309400,0.285,NO,1,-1.0,0.29,0.72
2,btc-updown-5m-1781309700,0.425,SKIP,0,,0.43,0.58
2,btc-updown-5m-1781310000,0.785,YES,1,0.26582278481012644,0.79,0.22
2,btc-updown-5m-1781310300,0.385,SKIP,0,,0.39,0.62
2,btc-updown-5m-1781310600,0.815,SKIP,1,,0.82,0.19
2,btc-updown-5m-1781310900,0.605,SKIP,1,,0.61,0.4
2,btc-updown-5m-1781311200,0.145,SKIP,0,,0.15,0.86
2,btc-updown-5m-1781311500,0.665,YES,0,-1.0,0.67,0.34
2,btc-updown-5m-1781311800,0.245,SKIP,1,,0.25,0.76
2,btc-updown-5m-1781312100,0.635,YES,1,0.5625,0.64,0.37
2,btc-updown-5m-1781312400,0.715,YES,1,0.38888888888888884,0.72,0.29
2,btc-updown-5m-1781312700,0.635,YES,1,0.5625,0.64,0.37
2,btc-updown-5m-1781313000,0.245,SKIP,0,,0.25,0.76
2,btc-updown-5m-1781313300,0.655,YES,0,-1.0,0.66,0.35
3,btc-updown-5m-1781313600,0.675,YES,1,0.47058823529411753,0.68,0.33
3,btc-updown-5m-1781313900,0.715,YES,1,0.38888888888888884,0.72,0.29
3,btc-updown-5m-1781314200,0.455,NO,0,0.8181818181818181,0.46,0.55
3,btc-updown-5m-1781314500,0.715,YES,1,0.38888888888888884,0.72,0.29
3,btc-updown-5m-1781314800,0.515,SKIP,1,,0.52,0.49
3,btc-updown-5m-1781315100,0.765,YES,1,0.2987012987012987,0.77,0.24
3,btc-updown-5m-1781315400,0.355,SKIP,0,,0.36,0.65
3,btc-updown-5m-1781315700,0.385,NO,1,-1.0,0.39,0.62
3,btc-updown-5m-1781316000,0.235,SKIP,0,,0.24,0.77
3,btc-updown-5m-1781316300,0.505,SKIP,1,,0.51,0.5
3,btc-updown-5m-1781316600,0.165,SKIP,0,,0.17,0.84
3,btc-updown-5m-1781316900,0.375,NO,1,-1.0,0.38,0.63
3,btc-updown-5m-1781317200,0.115,SKIP,0,,0.12,0.89
3,btc-updown-5m-1781317500,0.405,NO,0,0.6666666666666667,0.41,0.6
3,btc-updown-5m-1781317800,0.535,NO,0,1.127659574468085,0.54,0.47
3,btc-updown-5m-1781318100,0.445,NO,0,0.7857142857142856,0.45,0.56
3,btc-updown-5m-1781318400,0.485,NO,0,0.9230769230769229,0.49,0.52
3,btc-updown-5m-1781318700,0.715,SKIP,0,,0.72,0.29
3,btc-updown-5m-1781319000,0.525,SKIP,1,,0.53,0.48
3,btc-updown-5m-1781319300,0.845,SKIP,1,,0.85,0.16
3,btc-updown-5m-1781319600,0.785,SKIP,1,,0.79,0.22
3,btc-updown-5m-1781319900,0.685,SKIP,0,,0.69,0.32
3,btc-updown-5m-1781320200,0.325,NO,0,0.47058823529411753,0.33,0.68
3,btc-updown-5m-1781320500,0.615,YES,0,-1.0,0.62,0.39
3,btc-updown-5m-1781320800,0.235,SKIP,0,,0.24,0.77
3,btc-updown-5m-1781321100,0.335,SKIP,0,,0.34,0.67
3,btc-updown-5m-1781321400,0.385,SKIP,0,,0.39,0.62
3,btc-updown-5m-1781321700,0.425,SKIP,1,,0.43,0.58
3,btc-updown-5m-1781322000,0.405,SKIP,0,,0.41,0.6
3,btc-updown-5m-1781322300,0.475,NO,1,-1.0,0.48,0.53
3,btc-updown-5m-1781322600,0.895,SKIP,1,,0.9,0.11
3,btc-updown-5m-1781322900,0.605,SKIP,0,,0.61,0.4
3,btc-updown-5m-1781323200,0.655,SKIP,1,,0.66,0.35
3,btc-updown-5m-1781323500,0.505,YES,0,-1.0,0.51,0.5
3,btc-updown-5m-1781323800,0.795,SKIP,1,,0.8,0.21
3,btc-updown-5m-1781324100,0.655,SKIP,1,,0.66,0.35
3,btc-updown-5m-1781324400,0.835,SKIP,1,,0.84,0.17
3,btc-updown-5m-1781324700,0.635,YES,0,-1.0,0.64,0.37
3,btc-updown-5m-1781325000,0.855,SKIP,1,,0.86,0.15
3,btc-updown-5m-1781325300,0.515,SKIP,1,,0.52,0.49
3,btc-updown-5m-1781325600,0.715,YES,1,0.38888888888888884,0.72,0.29
3,btc-updown-5m-1781325900,0.465,NO,1,-1.0,0.47,0.54
3,btc-updown-5m-1781326200,0.275,SKIP,0,,0.28,0.73
3,btc-updown-5m-1781326500,0.075,SKIP,0,,0.08,0.93
3,btc-updown-5m-1781326800,0.385,SKIP,1,,0.39,0.62
3,btc-updown-5m-1781327100,0.245,SKIP,1,,0.25,0.76
3,btc-updown-5m-1781327400,0.695,YES,1,0.4285714285714286,0.7,0.31
3,btc-updown-5m-1781327700,0.255,SKIP,0,,0.26,0.75
3,btc-updown-5m-1781328000,0.755,SKIP,0,,0.76,0.25
3,btc-updown-5m-1781328300,0.585,YES,1,0.6949152542372883,0.59,0.42
3,btc-updown-5m-1781328600,0.775,SKIP,0,,0.78,0.23
3,btc-updown-5m-1781328900,0.295,SKIP,1,,0.3,0.71
3,btc-updown-5m-1781329200,0.665,SKIP,1,,0.67,0.34
3,btc-updown-5m-1781329500,0.465,NO,0,0.8518518518518516,0.47,0.54
3,btc-updown-5m-1781329800,0.175,SKIP,0,,0.18,0.83
3,btc-updown-5m-1781330100,0.615,SKIP,1,,0.62,0.39
3,btc-updown-5m-1781330400,0.32,NO,0,0.4492753623188408,0.33,0.69
3,btc-updown-5m-1781330700,0.405,YES,1,1.4390243902439024,0.41,0.6
3,btc-updown-5m-1781331000,0.585,YES,0,-1.0,0.59,0.42
3,btc-updown-5m-1781331300,0.425,NO,1,-1.0,0.43,0.58
3,btc-updown-5m-1781331600,0.645,YES,0,-1.0,0.65,0.36
3,btc-updown-5m-1781331900,0.885,SKIP,1,,0.89,0.12
3,btc-updown-5m-1781332200,0.275,SKIP,1,,0.28,0.73
3,btc-updown-5m-1781332500,0.545,YES,0,-1.0,0.55,0.46
3,btc-updown-5m-1781332800,0.325,SKIP,0,,0.33,0.68
3,btc-updown-5m-1781333100,0.695,YES,1,0.4285714285714286,0.7,0.31
3,btc-updown-5m-1781333400,0.585,SKIP,1,,0.59,0.42
3,btc-updown-5m-1781333700,0.475,NO,1,-1.0,0.48,0.53
3,btc-updown-5m-1781334000,0.125,SKIP,0,,0.13,0.88
3,btc-updown-5m-1781334300,0.415,SKIP,1,,0.42,0.59
3,btc-updown-5m-1781334600,0.635,SKIP,1,,0.64,0.37
3,btc-updown-5m-1781334900,0.205,SKIP,1,,0.21,0.8
3,btc-updown-5m-1781335200,0.445,SKIP,0,,0.45,0.56
3,btc-updown-5m-1781335500,0.815,SKIP,1,,0.82,0.19
3,btc-updown-5m-1781335800,0.475,NO,0,0.8867924528301885,0.48,0.53
3,btc-updown-5m-1781336100,0.905,SKIP,1,,0.91,0.1
3,btc-updown-5m-1781336400,0.445,NO,0,0.7857142857142856,0.45,0.56
3,btc-updown-5m-1781336700,0.875,SKIP,0,,0.88,0.13
3,btc-updown-5m-1781337000,0.545,NO,1,-1.0,0.55,0.46
3,btc-updown-5m-1781337300,0.175,SKIP,1,,0.18,0.83
3,btc-updown-5m-1781337600,0.175,SKIP,0,,0.18,0.83
3,btc-updown-5m-1781337900,0.255,SKIP,1,,0.26,0.75
3,btc-updown-5m-1781338200,0.365,SKIP,0,,0.37,0.64
3,btc-updown-5m-1781338500,0.685,YES,1,0.4492753623188408,0.69,0.32
3,btc-updown-5m-1781338800,0.135,SKIP,0,,0.14,0.87
3,btc-updown-5m-1781339100,0.805,SKIP,1,,0.81,0.2
3,btc-updown-5m-1781339400,0.795,SKIP,1,,0.8,0.21
3,btc-updown-5m-1781339700,0.905,SKIP,1,,0.91,0.1
3,btc-updown-5m-1781340000,0.745,SKIP,1,,0.75,0.26
3,btc-updown-5m-1781340300,0.385,SKIP,0,,0.39,0.62
3,btc-updown-5m-1781340600,0.295,SKIP,0,,0.3,0.71
3,btc-updown-5m-1781340900,0.515,NO,0,1.0408163265306123,0.52,0.49
3,btc-updown-5m-1781341200,0.535,NO,1,-1.0,0.54,0.47
3,btc-updown-5m-1781341500,0.605,SKIP,0,,0.61,0.4
3,btc-updown-5m-1781341800,0.505,SKIP,1,,0.51,0.5
3,btc-updown-5m-1781342100,0.615,YES,1,0.6129032258064517,0.62,0.39
3,btc-updown-5m-1781342400,0.615,YES,1,0.6129032258064517,0.62,0.39
3,btc-updown-5m-1781342700,0.185,SKIP,0,,0.19,0.82
3,btc-updown-5m-1781343000,0.505,SKIP,0,,0.51,0.5
3,btc-updown-5m-1781343300,0.615,YES,1,0.6129032258064517,0.62,0.39
3,btc-updown-5m-1781343600,0.635,SKIP,1,,0.64,0.37
3,btc-updown-5m-1781343900,0.335,NO,0,0.4925373134328357,0.34,0.67
3,btc-updown-5m-1781344200,0.105,SKIP,0,,0.11,0.9
3,btc-updown-5m-1781344500,0.605,NO,0,1.5,0.61,0.4
3,btc-updown-5m-1781344800,0.565,NO,0,1.272727272727273,0.57,0.44
3,btc-updown-5m-1781345100,0.895,SKIP,1,,0.9,0.11
3,btc-updown-5m-1781345400,0.785,YES,1,0.26582278481012644,0.79,0.22
3,btc-updown-5m-1781345700,0.255,SKIP,1,,0.26,0.75
3,btc-updown-5m-1781346000,0.185,SKIP,0,,0.19,0.82
3,btc-updown-5m-1781346300,0.755,YES,0,-1.0,0.76,0.25
3,btc-updown-5m-1781346600,0.795,SKIP,1,,0.8,0.21
3,btc-updown-5m-1781346900,0.535,NO,1,-1.0,0.54,0.47
3,btc-updown-5m-1781347200,0.215,NO,1,-1.0,0.22,0.79
3,btc-updown-5m-1781347500,0.745,YES,1,0.33333333333333326,0.75,0.26
3,btc-updown-5m-1781347800,0.545,SKIP,0,,0.55,0.46
3,btc-updown-5m-1781348100,0.215,SKIP,0,,0.22,0.79
3,btc-updown-5m-1781348400,0.825,SKIP,1,,0.83,0.18
3,btc-updown-5m-1781348700,0.405,SKIP,1,,0.41,0.6
3,btc-updown-5m-1781349000,0.275,SKIP,1,,0.28,0.73
3,btc-updown-5m-1781349300,0.765,YES,1,0.2987012987012987,0.77,0.24
3,btc-updown-5m-1781349600,0.525,NO,0,1.0833333333333335,0.53,0.48
3,btc-updown-5m-1781349900,0.335,SKIP,0,,0.34,0.67
3,btc-updown-5m-1781350200,0.145,SKIP,0,,0.15,0.86
3,btc-updown-5m-1781350500,0.495,NO,0,0.9607843137254901,0.5,0.51
3,btc-updown-5m-1781350800,0.755,SKIP,1,,0.76,0.25
3,btc-updown-5m-1781351100,0.365,NO,0,0.5625,0.37,0.64
3,btc-updown-5m-1781351400,0.555,SKIP,1,,0.56,0.45
3,btc-updown-5m-1781351700,0.805,SKIP,1,,0.81,0.2
3,btc-updown-5m-1781352000,0.215,SKIP,0,,0.22,0.79
3,btc-updown-5m-1781352300,0.125,SKIP,0,,0.13,0.88
3,btc-updown-5m-1781352600,0.725,SKIP,1,,0.73,0.28
3,btc-updown-5m-1781352900,0.655,SKIP,1,,0.66,0.35
3,btc-updown-5m-1781353200,0.365,NO,1,-1.0,0.37,0.64
3,btc-updown-5m-1781353500,0.705,SKIP,1,,0.71,0.3
3,btc-updown-5m-1781353800,0.795,SKIP,1,,0.8,0.21
3,btc-updown-5m-1781354100,0.385,SKIP,0,,0.39,0.62
3,btc-updown-5m-1781354400,0.545,YES,0,-1.0,0.55,0.46
3,btc-updown-5m-1781354700,0.915,SKIP,1,,0.92,0.09
3,btc-updown-5m-1781355000,0.585,SKIP,1,,0.59,0.42
3,btc-updown-5m-1781355300,0.895,SKIP,1,,0.9,0.11
3,btc-updown-5m-1781355600,0.365,SKIP,0,,0.37,0.64
3,btc-updown-5m-1781355900,0.885,SKIP,1,,0.89,0.12
3,btc-updown-5m-1781356200,0.545,NO,1,-1.0,0.55,0.46
3,btc-updown-5m-1781356500,0.325,SKIP,0,,0.33,0.68
3,btc-updown-5m-1781356800,0.835,SKIP,1,,0.84,0.17
3,btc-updown-5m-1781357100,0.415,NO,1,-1.0,0.42,0.59
3,btc-updown-5m-1781357400,0.125,SKIP,0,,0.13,0.88
3,btc-updown-5m-1781357700,0.405,NO,1,-1.0,0.41,0.6
3,btc-updown-5m-1781358000,0.315,SKIP,0,,0.32,0.69
3,btc-updown-5m-1781358300,0.125,SKIP,0,,0.13,0.88
3,btc-updown-5m-1781358600,0.305,SKIP,0,,0.31,0.7
3,btc-updown-5m-1781358900,0.565,NO,1,-1.0,0.57,0.44
3,btc-updown-5m-1781359200,0.695,YES,1,0.4285714285714286,0.7,0.31
3,btc-updown-5m-1781359500,0.225,SKIP,1,,0.23,0.78
3,btc-updown-5m-1781359800,0.335,NO,0,0.4925373134328357,0.34,0.67
3,btc-updown-5m-1781360100,0.635,SKIP,1,,0.64,0.37
3,btc-updown-5m-1781360400,0.155,SKIP,0,,0.16,0.85
3,btc-updown-5m-1781360700,0.735,SKIP,1,,0.74,0.27
3,btc-updown-5m-1781361000,0.665,SKIP,1,,0.67,0.34
3,btc-updown-5m-1781361300,0.845,SKIP,1,,0.85,0.16
3,btc-updown-5m-1781361600,0.315,SKIP,0,,0.32,0.69
3,btc-updown-5m-1781361900,0.625,SKIP,1,,0.63,0.38
3,btc-updown-5m-1781362200,0.495,NO,1,-1.0,0.5,0.51
3,btc-updown-5m-1781362500,0.695,YES,1,0.4285714285714286,0.7,0.31
3,btc-updown-5m-1781362800,0.345,NO,1,-1.0,0.35,0.66
3,btc-updown-5m-1781363100,0.775,SKIP,1,,0.78,0.23
3,btc-updown-5m-1781363400,0.695,SKIP,1,,0.7,0.31
3,btc-updown-5m-1781363700,0.475,NO,0,0.8867924528301885,0.48,0.53
3,btc-updown-5m-1781364000,0.875,SKIP,1,,0.88,0.13
3,btc-updown-5m-1781364300,0.445,NO,1,-1.0,0.45,0.56
3,btc-updown-5m-1781364600,0.495,NO,0,0.9607843137254901,0.5,0.51
3,btc-updown-5m-1781364900,0.655,SKIP,1,,0.66,0.35
3,btc-updown-5m-1781365200,0.635,SKIP,0,,0.64,0.37
3,btc-updown-5m-1781365500,0.145,SKIP,0,,0.15,0.86
3,btc-updown-5m-1781365800,0.515,SKIP,1,,0.52,0.49
3,btc-updown-5m-1781366100,0.615,SKIP,1,,0.62,0.39
3,btc-updown-5m-1781366400,0.195,SKIP,0,,0.2,0.81
3,btc-updown-5m-1781366700,0.275,SKIP,1,,0.28,0.73
3,btc-updown-5m-1781367000,0.595,NO,0,1.4390243902439024,0.6,0.41
3,btc-updown-5m-1781367300,0.405,SKIP,0,,0.41,0.6
3,btc-updown-5m-1781367600,0.265,NO,0,0.3513513513513513,0.27,0.74
3,btc-updown-5m-1781367900,0.705,SKIP,1,,0.71,0.3
3,btc-updown-5m-1781368200,0.755,SKIP,1,,0.76,0.25
3,btc-updown-5m-1781368500,0.575,YES,1,0.7241379310344829,0.58,0.43
3,btc-updown-5m-1781368800,0.895,SKIP,1,,0.9,0.11
3,btc-updown-5m-1781369100,0.905,SKIP,0,,0.91,0.1
3,btc-updown-5m-1781369400,0.615,SKIP,1,,0.62,0.39
3,btc-updown-5m-1781369700,0.755,YES,1,0.3157894736842106,0.76,0.25
3,btc-updown-5m-1781370000,0.205,SKIP,0,,0.21,0.8
3,btc-updown-5m-1781370300,0.785,SKIP,1,,0.79,0.22
3,btc-updown-5m-1781370600,0.155,SKIP,0,,0.16,0.85
3,btc-updown-5m-1781370900,0.555,NO,1,-1.0,0.56,0.45
3,btc-updown-5m-1781371200,0.365,SKIP,0,,0.37,0.64
3,btc-updown-5m-1781371500,0.575,YES,1,0.7241379310344829,0.58,0.43
3,btc-updown-5m-1781371800,0.325,SKIP,1,,0.33,0.68
3,btc-updown-5m-1781372100,0.645,SKIP,0,,0.65,0.36
3,btc-updown-5m-1781372400,0.575,SKIP,1,,0.58,0.43
3,btc-updown-5m-1781372700,0.555,NO,0,1.2222222222222223,0.56,0.45
3,btc-updown-5m-1781373000,0.135,SKIP,0,,0.14,0.87
3,btc-updown-5m-1781373300,0.475,NO,0,0.8867924528301885,0.48,0.53
3,btc-updown-5m-1781373600,0.715,SKIP,1,,0.72,0.29
3,btc-updown-5m-1781373900,0.865,SKIP,1,,0.87,0.14
3,btc-updown-5m-1781374200,0.415,NO,0,0.6949152542372883,0.42,0.59
3,btc-updown-5m-1781374500,0.765,YES,1,0.2987012987012987,0.77,0.24
3,btc-updown-5m-1781374800,0.855,SKIP,1,,0.86,0.15
3,btc-updown-5m-1781375100,0.775,SKIP,1,,0.78,0.23
3,btc-updown-5m-1781375400,0.465,NO,1,-1.0,0.47,0.54
3,btc-updown-5m-1781375700,0.595,YES,1,0.6666666666666667,0.6,0.41
3,btc-updown-5m-1781376000,0.645,SKIP,1,,0.65,0.36
3,btc-updown-5m-1781376300,0.225,NO,0,0.28205128205128194,0.23,0.78
3,btc-updown-5m-1781376600,0.505,NO,1,-1.0,0.51,0.5
3,btc-updown-5m-1781376900,0.615,SKIP,1,,0.62,0.39
3,btc-updown-5m-1781377200,0.775,SKIP,1,,0.78,0.23
3,btc-updown-5m-1781377500,0.355,SKIP,1,,0.36,0.65
3,btc-updown-5m-1781377800,0.275,NO,1,-1.0,0.28,0.73
3,btc-updown-5m-1781378100,0.255,NO,0,0.33333333333333326,0.26,0.75
3,btc-updown-5m-1781378400,0.665,SKIP,1,,0.67,0.34
3,btc-updown-5m-1781378700,0.235,NO,0,0.2987012987012987,0.24,0.77
3,btc-updown-5m-1781379000,0.315,SKIP,0,,0.32,0.69
3,btc-updown-5m-1781379300,0.935,SKIP,1,,0.94,0.07
3,btc-updown-5m-1781379600,0.915,SKIP,1,,0.92,0.09
3,btc-updown-5m-1781379900,0.505,NO,1,-1.0,0.51,0.5
3,btc-updown-5m-1781380200,0.365,NO,0,0.5625,0.37,0.64
3,btc-updown-5m-1781380500,0.525,NO,0,1.0833333333333335,0.53,0.48
3,btc-updown-5m-1781380800,0.275,SKIP,0,,0.28,0.73
3,btc-updown-5m-1781381100,0.335,NO,1,-1.0,0.34,0.67
3,btc-updown-5m-1781381400,0.315,SKIP,0,,0.32,0.69
3,btc-updown-5m-1781381700,0.615,SKIP,0,,0.62,0.39
3,btc-updown-5m-1781382000,0.525,NO,0,1.0833333333333335,0.53,0.48
3,btc-updown-5m-1781382300,0.395,SKIP,0,,0.4,0.61
3,btc-updown-5m-1781382600,0.665,SKIP,0,,0.67,0.34
3,btc-updown-5m-1781382900,0.455,SKIP,1,,0.46,0.55
3,btc-updown-5m-1781383200,0.515,NO,1,-1.0,0.52,0.49
3,btc-updown-5m-1781383500,0.605,YES,1,0.639344262295082,0.61,0.4
3,btc-updown-5m-1781383800,0.435,NO,1,-1.0,0.44,0.57
3,btc-updown-5m-1781384100,0.535,NO,1,-1.0,0.54,0.47
3,btc-updown-5m-1781384400,0.795,SKIP,1,,0.8,0.21
3,btc-updown-5m-1781384700,0.425,SKIP,0,,0.43,0.58
3,btc-updown-5m-1781385000,0.305,SKIP,0,,0.31,0.7
3,btc-updown-5m-1781385300,0.775,SKIP,1,,0.78,0.23
3,btc-updown-5m-1781385600,0.395,SKIP,0,,0.4,0.61
3,btc-updown-5m-1781385900,0.615,YES,0,-1.0,0.62,0.39
3,btc-updown-5m-1781386200,0.745,SKIP,1,,0.75,0.26
3,btc-updown-5m-1781386500,0.675,YES,1,0.47058823529411753,0.68,0.33
3,btc-updown-5m-1781386800,0.985,SKIP,1,,0.99,0.02
3,btc-updown-5m-1781387100,0.255,SKIP,0,,0.26,0.75
3,btc-updown-5m-1781387400,0.285,SKIP,0,,0.29,0.72
3,btc-updown-5m-1781387700,0.525,NO,0,1.0833333333333335,0.53,0.48
3,btc-updown-5m-1781388000,0.235,SKIP,0,,0.24,0.77
3,btc-updown-5m-1781388300,0.255,SKIP,0,,0.26,0.75
3,btc-updown-5m-1781388600,0.345,SKIP,1,,0.35,0.66
3,btc-updown-5m-1781388900,0.31,SKIP,1,,0.32,0.7
3,btc-updown-5m-1781389200,0.615,SKIP,1,,0.62,0.39
3,btc-updown-5m-1781389500,0.935,SKIP,1,,0.94,0.07
3,btc-updown-5m-1781389800,0.425,NO,0,0.7241379310344829,0.43,0.58
3,btc-updown-5m-1781390100,0.535,YES,0,-1.0,0.54,0.47
3,btc-updown-5m-1781390400,0.425,NO,1,-1.0,0.43,0.58
3,btc-updown-5m-1781390700,0.365,SKIP,0,,0.37,0.64
3,btc-updown-5m-1781391000,0.405,YES,0,-1.0,0.41,0.6
3,btc-updown-5m-1781391300,0.495,NO,0,0.9607843137254901,0.5,0.51
3,btc-updown-5m-1781391600,0.675,SKIP,0,,0.68,0.33
3,btc-updown-5m-1781391900,0.515,YES,0,-1.0,0.52,0.49
3,btc-updown-5m-1781392200,0.565,NO,1,-1.0,0.57,0.44
3,btc-updown-5m-1781392500,0.765,SKIP,1,,0.77,0.24
3,btc-updown-5m-1781392800,0.265,NO,0,0.3513513513513513,0.27,0.74
3,btc-updown-5m-1781393100,0.135,SKIP,0,,0.14,0.87
3,btc-updown-5m-1781393400,0.445,NO,1,-1.0,0.45,0.56
3,btc-updown-5m-1781393700,0.535,NO,0,1.127659574468085,0.54,0.47
3,btc-updown-5m-1781394000,0.735,YES,1,0.3513513513513513,0.74,0.27
3,btc-updown-5m-1781394300,0.415,SKIP,0,,0.42,0.59
3,btc-updown-5m-1781394600,0.355,SKIP,1,,0.36,0.65
3,btc-updown-5m-1781394900,0.735,SKIP,1,,0.74,0.27
3,btc-updown-5m-1781395200,0.205,SKIP,0,,0.21,0.8
3,btc-updown-5m-1781395500,0.79,SKIP,0,,0.8,0.22
3,btc-updown-5m-1781395800,0.615,YES,1,0.6129032258064517,0.62,0.39
3,btc-updown-5m-1781396100,0.775,SKIP,0,,0.78,0.23
3,btc-updown-5m-1781396400,0.775,SKIP,1,,0.78,0.23
3,btc-updown-5m-1781396700,0.545,NO,0,1.1739130434782608,0.55,0.46
3,btc-updown-5m-1781397000,0.705,SKIP,1,,0.71,0.3
3,btc-updown-5m-1781397300,0.595,SKIP,1,,0.6,0.41
3,btc-updown-5m-1781397600,0.485,NO,0,0.9230769230769229,0.49,0.52
3,btc-updown-5m-1781397900,0.715,SKIP,1,,0.72,0.29
3,btc-updown-5m-1781398200,0.26,SKIP,0,,0.27,0.75
3,btc-updown-5m-1781398500,0.425,SKIP,1,,0.43,0.58
3,btc-updown-5m-1781398800,0.475,NO,0,0.8867924528301885,0.48,0.53
3,btc-updown-5m-1781399100,0.925,SKIP,1,,0.93,0.08
3,btc-updown-5m-1781399400,0.825,SKIP,1,,0.83,0.18
3,btc-updown-5m-1781399700,0.875,SKIP,1,,0.88,0.13
3,btc-updown-5m-1781400000,0.64,SKIP,0,,0.66,0.38
3,btc-updown-5m-1781400300,0.475,NO,0,0.8518518518518516,0.49,0.54
3,btc-updown-5m-1781400600,0.115,SKIP,0,,0.12,0.89
3,btc-updown-5m-1781400900,0.565,NO,0,1.272727272727273,0.57,0.44
3,btc-updown-5m-1781401200,0.435,SKIP,0,,0.44,0.57
3,btc-updown-5m-1781401500,0.775,YES,1,0.28205128205128194,0.78,0.23
3,btc-updown-5m-1781401800,0.395,SKIP,0,,0.4,0.61
3,btc-updown-5m-1781402100,0.195,SKIP,0,,0.2,0.81
3,btc-updown-5m-1781402400,0.535,NO,1,-1.0,0.54,0.47
3,btc-updown-5m-1781402700,0.675,YES,0,-1.0,0.68,0.33
3,btc-updown-5m-1781403000,0.825,SKIP,1,,0.83,0.18
3,btc-updown-5m-1781403300,0.375,SKIP,1,,0.38,0.63
3,btc-updown-5m-1781403600,0.075,SKIP,0,,0.08,0.93
3,btc-updown-5m-1781403900,0.255,SKIP,0,,0.26,0.75
3,btc-updown-5m-1781404200,0.425,SKIP,1,,0.43,0.58
3,btc-updown-5m-1781404500,0.415,SKIP,0,,0.42,0.59
3,btc-updown-5m-1781404800,0.375,SKIP,0,,0.38,0.63
3,btc-updown-5m-1781405100,0.265,SKIP,0,,0.27,0.74
3,btc-updown-5m-1781405400,0.315,SKIP,0,,0.32,0.69
3,btc-updown-5m-1781405700,0.675,YES,1,0.47058823529411753,0.68,0.33
3,btc-updown-5m-1781406000,0.655,SKIP,1,,0.66,0.35
3,btc-updown-5m-1781406300,0.555,NO,0,1.2222222222222223,0.56,0.45
3,btc-updown-5m-1781406600,0.835,SKIP,1,,0.84,0.17
3,btc-updown-5m-1781406900,0.725,YES,1,0.36986301369863006,0.73,0.28
3,btc-updown-5m-1781407200,0.595,YES,1,0.6666666666666667,0.6,0.41
3,btc-updown-5m-1781407500,0.575,NO,1,-1.0,0.58,0.43
3,btc-updown-5m-1781407800,0.205,SKIP,1,,0.21,0.8
3,btc-updown-5m-1781408100,0.175,SKIP,0,,0.18,0.83
3,btc-updown-5m-1781408400,0.415,NO,1,-1.0,0.42,0.59
3,btc-updown-5m-1781408700,0.375,NO,0,0.5873015873015872,0.38,0.63
3,btc-updown-5m-1781409000,0.705,YES,1,0.40845070422535223,0.71,0.3
3,btc-updown-5m-1781409300,0.715,SKIP,1,,0.72,0.29
3,btc-updown-5m-1781409600,0.415,NO,0,0.6949152542372883,0.42,0.59
3,btc-updown-5m-1781409900,0.435,NO,0,0.7543859649122808,0.44,0.57
3,btc-updown-5m-1781410200,0.245,SKIP,0,,0.25,0.76
3,btc-updown-5m-1781410500,0.565,NO,1,-1.0,0.57,0.44
3,btc-updown-5m-1781410800,0.465,NO,0,0.8518518518518516,0.47,0.54
3,btc-updown-5m-1781411100,0.415,SKIP,0,,0.42,0.59
3,btc-updown-5m-1781411400,0.495,NO,0,0.9607843137254901,0.5,0.51
3,btc-updown-5m-1781411700,0.325,SKIP,0,,0.33,0.68
3,btc-updown-5m-1781412000,0.255,SKIP,0,,0.26,0.75
3,btc-updown-5m-1781412300,0.095,SKIP,0,,0.1,0.91
3,btc-updown-5m-1781412600,0.355,SKIP,0,,0.36,0.65
3,btc-updown-5m-1781412900,0.855,SKIP,0,,0.86,0.15
3,btc-updown-5m-1781413200,0.905,SKIP,1,,0.91,0.1
3,btc-updown-5m-1781413500,0.505,NO,0,1.0,0.51,0.5
3,btc-updown-5m-1781413800,0.295,SKIP,0,,0.3,0.71
3,btc-updown-5m-1781414100,0.445,NO,0,0.7857142857142856,0.45,0.56
3,btc-updown-5m-1781414400,0.425,SKIP,0,,0.43,0.58
3,btc-updown-5m-1781414700,0.155,SKIP,0,,0.16,0.85
3,btc-updown-5m-1781415000,0.475,NO,1,-1.0,0.48,0.53
3,btc-updown-5m-1781415300,0.535,NO,1,-1.0,0.54,0.47
3,btc-updown-5m-1781415600,0.385,SKIP,1,,0.39,0.62
3,btc-updown-5m-1781415900,0.645,YES,0,-1.0,0.65,0.36
3,btc-updown-5m-1781416200,0.675,SKIP,1,,0.68,0.33
3,btc-updown-5m-1781416500,0.295,SKIP,0,,0.3,0.71
3,btc-updown-5m-1781416800,0.735,SKIP,1,,0.74,0.27
3,btc-updown-5m-1781417100,0.555,NO,1,-1.0,0.56,0.45
3,btc-updown-5m-1781417400,0.395,SKIP,1,,0.4,0.61
3,btc-updown-5m-1781417700,0.285,SKIP,0,,0.29,0.72
3,btc-updown-5m-1781418000,0.165,SKIP,0,,0.17,0.84
3,btc-updown-5m-1781418300,0.195,SKIP,1,,0.2,0.81
3,btc-updown-5m-1781418600,0.235,SKIP,0,,0.24,0.77
3,btc-updown-5m-1781418900,0.115,SKIP,0,,0.12,0.89
3,btc-updown-5m-1781419200,0.735,SKIP,1,,0.74,0.27
3,btc-updown-5m-1781419500,0.685,YES,1,0.4492753623188408,0.69,0.32
3,btc-updown-5m-1781419800,0.61,YES,0,-1.0,0.63,0.41
3,btc-updown-5m-1781420100,0.725,YES,1,0.36986301369863006,0.73,0.28
3,btc-updown-5m-1781420400,0.555,YES,1,0.7857142857142856,0.56,0.45
3,btc-updown-5m-1781420700,0.305,SKIP,0,,0.31,0.7
3,btc-updown-5m-1781421000,0.615,SKIP,0,,0.62,0.39
3,btc-updown-5m-1781421300,0.945,SKIP,1,,0.95,0.06
3,btc-updown-5m-1781421600,0.755,SKIP,1,,0.76,0.25
3,btc-updown-5m-1781421900,0.505,NO,0,1.0,0.51,0.5
3,btc-updown-5m-1781422200,0.115,SKIP,0,,0.12,0.89
3,btc-updown-5m-1781422500,0.405,NO,0,0.6666666666666667,0.41,0.6
3,btc-updown-5m-1781422800,0.405,YES,0,-1.0,0.41,0.6
3,btc-updown-5m-1781423100,0.955,SKIP,1,,0.96,0.05
3,btc-updown-5m-1781423400,0.385,SKIP,1,,0.39,0.62
3,btc-updown-5m-1781423700,0.775,YES,1,0.28205128205128194,0.78,0.23
3,btc-updown-5m-1781424000,0.165,SKIP,0,,0.17,0.84
3,btc-updown-5m-1781424300,0.805,SKIP,1,,0.81,0.2
3,btc-updown-5m-1781424600,0.255,SKIP,0,,0.26,0.75
3,btc-updown-5m-1781424900,0.875,SKIP,1,,0.88,0.13
3,btc-updown-5m-1781425200,0.355,SKIP,0,,0.36,0.65
3,btc-updown-5m-1781425500,0.115,SKIP,0,,0.12,0.89
3,btc-updown-5m-1781425800,0.155,SKIP,0,,0.16,0.85
3,btc-updown-5m-1781426100,0.685,YES,0,-1.0,0.69,0.32
3,btc-updown-5m-1781426400,0.615,SKIP,1,,0.62,0.39
3,btc-updown-5m-1781426700,0.705,YES,0,-1.0,0.71,0.3
3,btc-updown-5m-1781427000,0.595,NO,1,-1.0,0.6,0.41
3,btc-updown-5m-1781427300,0.285,SKIP,0,,0.29,0.72
3,btc-updown-5m-1781427600,0.275,SKIP,1,,0.28,0.73
3,btc-updown-5m-1781427900,0.275,SKIP,0,,0.28,0.73
3,btc-updown-5m-1781428200,0.475,NO,0,0.8867924528301885,0.48,0.53
3,btc-updown-5m-1781428500,0.175,SKIP,0,,0.18,0.83
3,btc-updown-5m-1781428800,0.665,YES,1,0.4925373134328357,0.67,0.34
3,btc-updown-5m-1781429100,0.775,SKIP,1,,0.78,0.23
3,btc-updown-5m-1781429400,0.835,SKIP,1,,0.84,0.17
3,btc-updown-5m-1781429700,0.415,SKIP,1,,0.42,0.59
3,btc-updown-5m-1781430000,0.935,SKIP,1,,0.94,0.07
3,btc-updown-5m-1781430300,0.535,NO,1,-1.0,0.54,0.47
3,btc-updown-5m-1781430600,0.835,SKIP,1,,0.84,0.17
3,btc-updown-5m-1781430900,0.535,NO,1,-1.0,0.54,0.47
3,btc-updown-5m-1781431200,0.145,SKIP,0,,0.15,0.86
3,btc-updown-5m-1781431500,0.245,SKIP,0,,0.25,0.76
3,btc-updown-5m-1781431800,0.195,SKIP,0,,0.2,0.81
3,btc-updown-5m-1781432100,0.425,SKIP,1,,0.43,0.58
3,btc-updown-5m-1781432400,0.865,SKIP,1,,0.87,0.14
3,btc-updown-5m-1781432700,0.145,SKIP,0,,0.15,0.86
3,btc-updown-5m-1781433000,0.485,NO,1,-1.0,0.49,0.52
3,btc-updown-5m-1781433300,0.245,SKIP,0,,0.25,0.76
3,btc-updown-5m-1781433600,0.405,NO,0,0.6666666666666667,0.41,0.6
3,btc-updown-5m-1781433900,0.055,SKIP,0,,0.06,0.95
3,btc-updown-5m-1781434200,0.855,SKIP,1,,0.86,0.15
3,btc-updown-5m-1781434500,0.065,SKIP,0,,0.07,0.94
3,btc-updown-5m-1781434800,0.335,SKIP,0,,0.34,0.67
3,btc-updown-5m-1781435100,0.645,YES,1,0.5384615384615383,0.65,0.36
3,btc-updown-5m-1781435400,0.805,SKIP,1,,0.81,0.2
3,btc-updown-5m-1781435700,0.165,SKIP,0,,0.17,0.84
3,btc-updown-5m-1781436000,0.435,NO,1,-1.0,0.44,0.57
3,btc-updown-5m-1781436300,0.245,SKIP,1,,0.25,0.76
3,btc-updown-5m-1781436600,0.775,SKIP,1,,0.78,0.23
3,btc-updown-5m-1781436900,0.735,SKIP,0,,0.74,0.27
3,btc-updown-5m-1781437200,0.465,NO,0,0.8518518518518516,0.47,0.54
3,btc-updown-5m-1781437500,0.295,NO,1,-1.0,0.3,0.71
3,btc-updown-5m-1781437800,0.635,SKIP,0,,0.64,0.37
3,btc-updown-5m-1781438100,0.315,SKIP,0,,0.32,0.69
3,btc-updown-5m-1781438400,0.425,NO,1,-1.0,0.43,0.58
3,btc-updown-5m-1781438700,0.115,SKIP,0,,0.12,0.89
3,btc-updown-5m-1781439000,0.415,YES,0,-1.0,0.42,0.59
3,btc-updown-5m-1781439300,0.655,SKIP,0,,0.66,0.35
3,btc-updown-5m-1781439600,0.875,SKIP,1,,0.88,0.13
3,btc-updown-5m-1781439900,0.195,SKIP,0,,0.2,0.81
3,btc-updown-5m-1781440200,0.035,SKIP,0,,0.04,0.97
3,btc-updown-5m-1781440500,0.205,SKIP,0,,0.21,0.8
3,btc-updown-5m-1781440800,0.635,SKIP,1,,0.64,0.37
3,btc-updown-5m-1781441100,0.445,NO,0,0.7857142857142856,0.45,0.56
3,btc-updown-5m-1781441400,0.255,SKIP,0,,0.26,0.75
3,btc-updown-5m-1781441700,0.635,YES,1,0.5625,0.64,0.37
3,btc-updown-5m-1781442000,0.945,SKIP,1,,0.95,0.06
3,btc-updown-5m-1781442300,0.915,SKIP,1,,0.92,0.09
3,btc-updown-5m-1781442600,0.245,SKIP,1,,0.25,0.76
3,btc-updown-5m-1781442900,0.905,SKIP,0,,0.91,0.1
3,btc-updown-5m-1781443200,0.565,YES,1,0.7543859649122808,0.57,0.44
3,btc-updown-5m-1781443500,0.305,SKIP,0,,0.31,0.7
3,btc-updown-5m-1781443800,0.435,YES,1,1.127659574468085,0.47,0.6
3,btc-updown-5m-1781444100,0.655,YES,0,-1.0,0.66,0.35
3,btc-updown-5m-1781444400,0.765,YES,1,0.2987012987012987,0.77,0.24
3,btc-updown-5m-1781444700,0.235,SKIP,0,,0.24,0.77
3,btc-updown-5m-1781445000,0.605,SKIP,0,,0.61,0.4
3,btc-updown-5m-1781445300,0.735,YES,1,0.3513513513513513,0.74,0.27
4,btc-updown-5m-1781445600,0.605,SKIP,1,,0.61,0.4
4,btc-updown-5m-1781445900,0.635,SKIP,0,,0.64,0.37
4,btc-updown-5m-1781446200,0.675,SKIP,1,,0.68,0.33
4,btc-updown-5m-1781446500,0.23,SKIP,0,,0.24,0.78
4,btc-updown-5m-1781446800,0.365,SKIP,0,,0.37,0.64
4,btc-updown-5m-1781447100,0.425,SKIP,0,,0.43,0.58
4,btc-updown-5m-1781447400,0.295,SKIP,0,,0.3,0.71
4,btc-updown-5m-1781447700,0.37,SKIP,0,,0.38,0.64
4,btc-updown-5m-1781448000,0.535,NO,1,-1.0,0.54,0.47
4,btc-updown-5m-1781448300,0.395,YES,0,-1.0,0.41,0.62
4,btc-updown-5m-1781448600,0.665,SKIP,1,,0.67,0.34
4,btc-updown-5m-1781448900,0.745,SKIP,1,,0.75,0.26
4,btc-updown-5m-1781449200,0.975,SKIP,1,,0.98,0.03
4,btc-updown-5m-1781449500,0.305,NO,0,0.4285714285714286,0.31,0.7
4,btc-updown-5m-1781449800,0.325,SKIP,0,,0.33,0.68
4,btc-updown-5m-1781450100,0.495,NO,0,0.9607843137254901,0.5,0.51
4,btc-updown-5m-1781450400,0.725,YES,1,0.36986301369863006,0.73,0.28
4,btc-updown-5m-1781450700,0.195,SKIP,0,,0.2,0.81
4,btc-updown-5m-1781451000,0.265,SKIP,0,,0.27,0.74
4,btc-updown-5m-1781451300,0.685,SKIP,1,,0.69,0.32
4,btc-updown-5m-1781451600,0.315,NO,0,0.4492753623188408,0.32,0.69
4,btc-updown-5m-1781451900,0.415,NO,1,-1.0,0.42,0.59
4,btc-updown-5m-1781452200,0.445,YES,1,1.2222222222222223,0.45,0.56
4,btc-updown-5m-1781452500,0.315,NO,0,0.4492753623188408,0.32,0.69
4,btc-updown-5m-1781452800,0.805,SKIP,1,,0.81,0.2
4,btc-updown-5m-1781453100,0.655,YES,0,-1.0,0.66,0.35
4,btc-updown-5m-1781453400,0.975,SKIP,1,,0.98,0.03
4,btc-updown-5m-1781453700,0.645,YES,0,-1.0,0.65,0.36
4,btc-updown-5m-1781454000,0.685,SKIP,1,,0.69,0.32
4,btc-updown-5m-1781454300,0.405,SKIP,0,,0.41,0.6
4,btc-updown-5m-1781454600,0.695,YES,1,0.4285714285714286,0.7,0.31
4,btc-updown-5m-1781454900,0.485,NO,0,0.9230769230769229,0.49,0.52
4,btc-updown-5m-1781455200,0.405,SKIP,0,,0.41,0.6
4,btc-updown-5m-1781455500,0.17,SKIP,0,,0.18,0.84
4,btc-updown-5m-1781455800,0.52,NO,0,1.0408163265306123,0.53,0.49
4,btc-updown-5m-1781456100,0.625,SKIP,0,,0.63,0.38
4,btc-updown-5m-1781456400,0.665,SKIP,1,,0.67,0.34
4,btc-updown-5m-1781456700,0.085,SKIP,0,,0.09,0.92
4,btc-updown-5m-1781628900,0.535,SKIP,1,,0.54,0.47
4,btc-updown-5m-1781629200,0.635,YES,0,-1.0,0.64,0.37
4,btc-updown-5m-1781629500,0.425,SKIP,1,,0.43,0.58
4,btc-updown-5m-1781629800,0.875,SKIP,1,,0.88,0.13
4,btc-updown-5m-1781630100,0.725,SKIP,1,,0.73,0.28
4,btc-updown-5m-1781630400,0.165,SKIP,1,,0.17,0.84
4,btc-updown-5m-1781630700,0.175,SKIP,0,,0.18,0.83
4,btc-updown-5m-1781631000,0.505,YES,1,0.9607843137254901,0.51,0.5
4,btc-updown-5m-1781631300,0.415,SKIP,0,,0.42,0.59
4,btc-updown-5m-1781631600,0.625,SKIP,1,,0.63,0.38
4,btc-updown-5m-1781631900,0.745,SKIP,1,,0.75,0.26
4,btc-updown-5m-1781632200,0.655,SKIP,1,,0.66,0.35
4,btc-updown-5m-1781632500,0.185,SKIP,1,,0.19,0.82
4,btc-updown-5m-1781632800,0.595,SKIP,1,,0.6,0.41
4,btc-updown-5m-1781633100,0.635,SKIP,0,,0.64,0.37
4,btc-updown-5m-1781633400,0.515,SKIP,1,,0.52,0.49
4,btc-updown-5m-1781633700,0.045,SKIP,0,,0.05,0.96
4,btc-updown-5m-1781634000,0.035,SKIP,0,,0.04,0.97
4,btc-updown-5m-1781634300,0.345,NO,0,0.5151515151515151,0.35,0.66
4,btc-updown-5m-1781634600,0.845,SKIP,1,,0.85,0.16
4,btc-updown-5m-1781634900,0.095,SKIP,0,,0.1,0.91
4,btc-updown-5m-1781635200,0.355,SKIP,1,,0.36,0.65
4,btc-updown-5m-1781635500,0.69,YES,1,0.4285714285714286,0.7,0.32
4,btc-updown-5m-1781635800,0.505,YES,0,-1.0,0.51,0.5
4,btc-updown-5m-1781636100,0.285,SKIP,0,,0.29,0.72
4,btc-updown-5m-1781636400,0.055,SKIP,0,,0.06,0.95
4,btc-updown-5m-1781636700,0.165,SKIP,1,,0.17,0.84
4,btc-updown-5m-1781637000,0.115,SKIP,0,,0.12,0.89
4,btc-updown-5m-1781637300,0.045,SKIP,0,,0.05,0.96
4,btc-updown-5m-1781637600,0.875,SKIP,1,,0.88,0.13
4,btc-updown-5m-1781637900,0.345,SKIP,1,,0.35,0.66
4,btc-updown-5m-1781638200,0.615,YES,0,-1.0,0.62,0.39
4,btc-updown-5m-1781638500,0.285,NO,0,0.38888888888888884,0.29,0.72
4,btc-updown-5m-1781638800,0.435,NO,1,-1.0,0.44,0.57
4,btc-updown-5m-1781639100,0.795,SKIP,1,,0.8,0.21
4,btc-updown-5m-1781639400,0.155,SKIP,0,,0.16,0.85
4,btc-updown-5m-1781639700,0.295,SKIP,1,,0.3,0.71
4,btc-updown-5m-1781640000,0.115,SKIP,0,,0.12,0.89
4,btc-updown-5m-1781640300,0.235,SKIP,1,,0.24,0.77
4,btc-updown-5m-1781640600,0.935,SKIP,1,,0.94,0.07
4,btc-updown-5m-1781640900,0.435,SKIP,1,,0.44,0.57
4,btc-updown-5m-1781641200,0.855,SKIP,0,,0.86,0.15
4,btc-updown-5m-1781641500,0.275,SKIP,0,,0.28,0.73
4,btc-updown-5m-1781641800,0.655,YES,1,0.5151515151515151,0.66,0.35
4,btc-updown-5m-1781642100,0.775,YES,1,0.28205128205128194,0.78,0.23
4,btc-updown-5m-1781642400,0.455,NO,1,-1.0,0.46,0.55
4,btc-updown-5m-1781642700,0.555,SKIP,0,,0.56,0.45
4,btc-updown-5m-1781643000,0.765,SKIP,1,,0.77,0.24
4,btc-updown-5m-1781643300,0.435,SKIP,1,,0.44,0.57
4,btc-updown-5m-1781643600,0.36,NO,0,0.5384615384615383,0.37,0.65
4,btc-updown-5m-1781643900,0.715,SKIP,1,,0.72,0.29
4,btc-updown-5m-1781644200,0.115,SKIP,0,,0.12,0.89
4,btc-updown-5m-1781644500,0.245,NO,0,0.3157894736842106,0.25,0.76
4,btc-updown-5m-1781644800,0.305,SKIP,0,,0.31,0.7
4,btc-updown-5m-1781645100,0.165,SKIP,0,,0.17,0.84
4,btc-updown-5m-1781645400,0.835,SKIP,1,,0.84,0.17
4,btc-updown-5m-1781645700,0.07,SKIP,0,,0.08,0.94
4,btc-updown-5m-1781646000,0.875,SKIP,1,,0.88,0.13
4,btc-updown-5m-1781646300,0.645,SKIP,1,,0.65,0.36
4,btc-updown-5m-1781646600,0.555,NO,1,-1.0,0.56,0.45
4,btc-updown-5m-1781646900,0.615,YES,0,-1.0,0.62,0.39
4,btc-updown-5m-1781647200,0.075,SKIP,0,,0.08,0.93
4,btc-updown-5m-1781647500,0.635,SKIP,1,,0.64,0.37
4,btc-updown-5m-1781647800,0.965,SKIP,1,,0.97,0.04
4,btc-updown-5m-1781648100,0.465,NO,1,-1.0,0.47,0.54
4,btc-updown-5m-1781648400,0.025,SKIP,0,,0.03,0.98
4,btc-updown-5m-1781648700,0.475,NO,1,-1.0,0.48,0.53
4,btc-updown-5m-1781649000,0.485,SKIP,0,,0.49,0.52
4,btc-updown-5m-1781649300,0.625,SKIP,1,,0.63,0.38
4,btc-updown-5m-1781649600,0.535,NO,0,1.127659574468085,0.54,0.47
4,btc-updown-5m-1781649900,0.185,SKIP,0,,0.19,0.82
4,btc-updown-5m-1781650200,0.615,YES,1,0.6129032258064517,0.62,0.39
4,btc-updown-5m-1781650500,0.805,SKIP,1,,0.81,0.2
4,btc-updown-5m-1781650800,0.765,YES,1,0.2987012987012987,0.77,0.24
4,btc-updown-5m-1781651100,0.135,SKIP,0,,0.14,0.87
4,btc-updown-5m-1781651400,0.125,SKIP,0,,0.13,0.88
4,btc-updown-5m-1781651700,0.29,NO,0,0.38888888888888884,0.3,0.72
4,btc-updown-5m-1781652000,0.445,NO,0,0.7857142857142856,0.45,0.56
4,btc-updown-5m-1781652300,0.925,SKIP,1,,0.93,0.08
4,btc-updown-5m-1781652600,0.505,SKIP,1,,0.51,0.5
4,btc-updown-5m-1781652900,0.31,SKIP,0,,0.33,0.71
4,btc-updown-5m-1781653200,0.225,SKIP,0,,0.23,0.78
4,btc-updown-5m-1781653500,0.385,NO,0,0.6129032258064517,0.39,0.62
4,btc-updown-5m-1781653800,0.675,SKIP,1,,0.68,0.33
4,btc-updown-5m-1781654100,0.115,SKIP,1,,0.12,0.89
4,btc-updown-5m-1781654400,0.875,SKIP,1,,0.88,0.13
4,btc-updown-5m-1781654700,0.735,YES,1,0.3513513513513513,0.74,0.27
4,btc-updown-5m-1781655000,0.865,SKIP,1,,0.87,0.14
4,btc-updown-5m-1781655300,0.555,NO,1,-1.0,0.56,0.45
4,btc-updown-5m-1781655600,0.1,SKIP,0,,0.11,0.91
4,btc-updown-5m-1781655900,0.555,YES,1,0.7857142857142856,0.56,0.45
4,btc-updown-5m-1781656200,0.885,SKIP,1,,0.89,0.12
4,btc-updown-5m-1781656500,0.425,SKIP,0,,0.43,0.58
4,btc-updown-5m-1781656800,0.545,NO,1,-1.0,0.55,0.46
4,btc-updown-5m-1781657100,0.445,YES,1,1.2222222222222223,0.45,0.56
4,btc-updown-5m-1781657400,0.025,SKIP,0,,0.03,0.98
4,btc-updown-5m-1781657700,0.935,SKIP,1,,0.94,0.07
4,btc-updown-5m-1781658000,0.805,SKIP,1,,0.81,0.2
4,btc-updown-5m-1781658300,0.285,SKIP,0,,0.29,0.72
4,btc-updown-5m-1781658600,0.285,NO,1,-1.0,0.29,0.72
4,btc-updown-5m-1781659200,0.415,YES,0,-1.0,0.42,0.59
4,btc-updown-5m-1781659500,0.505,YES,1,0.9607843137254901,0.51,0.5
4,btc-updown-5m-1781659800,0.355,NO,1,-1.0,0.36,0.65
4,btc-updown-5m-1781660100,0.655,YES,1,0.5151515151515151,0.66,0.35
4,btc-updown-5m-1781660400,0.965,SKIP,1,,0.97,0.04
4,btc-updown-5m-1781660700,0.815,SKIP,1,,0.82,0.19
4,btc-updown-5m-1781661000,0.155,SKIP,0,,0.16,0.85
4,btc-updown-5m-1781661300,0.765,SKIP,1,,0.77,0.24
4,btc-updown-5m-1781661600,0.225,SKIP,0,,0.23,0.78
4,btc-updown-5m-1781661900,0.195,SKIP,0,,0.2,0.81
4,btc-updown-5m-1781662200,0.675,SKIP,1,,0.68,0.33
4,btc-updown-5m-1781662500,0.515,SKIP,0,,0.52,0.49
4,btc-updown-5m-1781662800,0.785,YES,1,0.26582278481012644,0.79,0.22
4,btc-updown-5m-1781663100,0.135,SKIP,1,,0.14,0.87
4,btc-updown-5m-1781663400,0.115,SKIP,0,,0.12,0.89
4,btc-updown-5m-1781663700,0.365,NO,0,0.5625,0.37,0.64
4,btc-updown-5m-1781664000,0.905,SKIP,1,,0.91,0.1
4,btc-updown-5m-1781664300,0.755,SKIP,1,,0.76,0.25
4,btc-updown-5m-1781664600,0.345,SKIP,0,,0.35,0.66
4,btc-updown-5m-1781664900,0.835,SKIP,1,,0.84,0.17
4,btc-updown-5m-1781665200,0.075,SKIP,0,,0.08,0.93
4,btc-updown-5m-1781665500,0.385,NO,0,0.6129032258064517,0.39,0.62
4,btc-updown-5m-1781665800,0.435,NO,0,0.7543859649122808,0.44,0.57
4,btc-updown-5m-1781666100,0.045,SKIP,0,,0.05,0.96
4,btc-updown-5m-1781666400,0.555,NO,0,1.2222222222222223,0.56,0.45
4,btc-updown-5m-1781666700,0.885,SKIP,1,,0.89,0.12
4,btc-updown-5m-1781667000,0.905,SKIP,1,,0.91,0.1
4,btc-updown-5m-1781667300,0.255,SKIP,0,,0.26,0.75
4,btc-updown-5m-1781667600,0.585,SKIP,0,,0.59,0.42
4,btc-updown-5m-1781667900,0.235,SKIP,0,,0.24,0.77
4,btc-updown-5m-1781668200,0.895,SKIP,1,,0.9,0.11
4,btc-updown-5m-1781668500,0.255,SKIP,1,,0.26,0.75
4,btc-updown-5m-1781668800,0.215,SKIP,1,,0.22,0.79
4,btc-updown-5m-1781669100,0.705,SKIP,1,,0.71,0.3
4,btc-updown-5m-1781669400,0.885,SKIP,0,,0.89,0.12
4,btc-updown-5m-1781669700,0.595,YES,0,-1.0,0.6,0.41
4,btc-updown-5m-1781670000,0.705,YES,1,0.40845070422535223,0.71,0.3
4,btc-updown-5m-1781670300,0.345,NO,1,-1.0,0.35,0.66
4,btc-updown-5m-1781670600,0.255,SKIP,0,,0.26,0.75
4,btc-updown-5m-1781670900,0.525,YES,1,0.8867924528301885,0.53,0.48
4,btc-updown-5m-1781671200,0.515,NO,1,-1.0,0.52,0.49
4,btc-updown-5m-1781671500,0.925,SKIP,1,,0.93,0.08
4,btc-updown-5m-1781671800,0.095,SKIP,0,,0.1,0.91
4,btc-updown-5m-1781672100,0.295,SKIP,0,,0.3,0.71
4,btc-updown-5m-1781672400,0.415,NO,1,-1.0,0.42,0.59
4,btc-updown-5m-1781672700,0.115,SKIP,0,,0.12,0.89
4,btc-updown-5m-1781673000,0.405,NO,1,-1.0,0.41,0.6
4,btc-updown-5m-1781673300,0.145,SKIP,0,,0.15,0.86
4,btc-updown-5m-1781673600,0.495,NO,1,-1.0,0.5,0.51
4,btc-updown-5m-1781673900,0.875,SKIP,1,,0.88,0.13
4,btc-updown-5m-1781674200,0.56,NO,1,-1.0,0.57,0.45
4,btc-updown-5m-1781674500,0.205,SKIP,1,,0.21,0.8
4,btc-updown-5m-1781674800,0.795,SKIP,1,,0.8,0.21
4,btc-updown-5m-1781675100,0.565,NO,0,1.272727272727273,0.57,0.44
4,btc-updown-5m-1781675400,0.095,SKIP,0,,0.1,0.91
4,btc-updown-5m-1781675700,0.655,YES,1,0.5151515151515151,0.66,0.35
4,btc-updown-5m-1781676000,0.325,SKIP,1,,0.33,0.68
4,btc-updown-5m-1781676300,0.475,NO,1,-1.0,0.48,0.53
4,btc-updown-5m-1781676600,0.285,SKIP,1,,0.29,0.72
4,btc-updown-5m-1781676900,0.275,SKIP,1,,0.28,0.73
4,btc-updown-5m-1781677200,0.275,SKIP,0,,0.28,0.73
4,btc-updown-5m-1781677500,0.065,SKIP,0,,0.07,0.94
4,btc-updown-5m-1781677800,0.405,SKIP,1,,0.41,0.6
4,btc-updown-5m-1781678100,0.275,SKIP,0,,0.28,0.73
4,btc-updown-5m-1781678400,0.065,SKIP,0,,0.07,0.94
4,btc-updown-5m-1781678700,0.435,SKIP,1,,0.44,0.57
4,btc-updown-5m-1781679000,0.355,NO,0,0.5384615384615383,0.36,0.65
4,btc-updown-5m-1781679300,0.285,SKIP,0,,0.29,0.72
4,btc-updown-5m-1781679600,0.435,SKIP,0,,0.44,0.57
4,btc-updown-5m-1781679900,0.505,SKIP,1,,0.51,0.5
4,btc-updown-5m-1781680200,0.855,SKIP,1,,0.86,0.15
4,btc-updown-5m-1781680500,0.595,NO,0,1.4390243902439024,0.6,0.41
4,btc-updown-5m-1781680800,0.075,SKIP,0,,0.08,0.93
4,btc-updown-5m-1781681100,0.835,SKIP,1,,0.84,0.17
4,btc-updown-5m-1781681400,0.535,SKIP,0,,0.54,0.47
4,btc-updown-5m-1781681700,0.535,NO,0,1.127659574468085,0.54,0.47
4,btc-updown-5m-1781682000,0.805,SKIP,1,,0.81,0.2
4,btc-updown-5m-1781682300,0.505,YES,0,-1.0,0.51,0.5
4,btc-updown-5m-1781682600,0.565,NO,0,1.272727272727273,0.57,0.44
4,btc-updown-5m-1781682900,0.975,SKIP,1,,0.98,0.03
4,btc-updown-5m-1781683200,0.475,NO,0,0.8867924528301885,0.48,0.53
4,btc-updown-5m-1781683500,0.485,NO,0,0.9230769230769229,0.49,0.52
4,btc-updown-5m-1781683800,0.265,SKIP,0,,0.28,0.75
4,btc-updown-5m-1781684100,0.355,SKIP,0,,0.36,0.65
4,btc-updown-5m-1781684400,0.535,SKIP,1,,0.54,0.47
4,btc-updown-5m-1781684700,0.825,SKIP,0,,0.83,0.18
4,btc-updown-5m-1781685000,0.035,SKIP,0,,0.04,0.97
4,btc-updown-5m-1781685300,0.18,SKIP,0,,0.19,0.83
4,btc-updown-5m-1781685600,0.845,SKIP,0,,0.85,0.16
4,btc-updown-5m-1781685900,0.655,SKIP,0,,0.66,0.35
4,btc-updown-5m-1781686200,0.255,NO,1,-1.0,0.26,0.75
4,btc-updown-5m-1781686500,0.935,SKIP,1,,0.94,0.07
4,btc-updown-5m-1781686800,0.745,SKIP,1,,0.75,0.26
4,btc-updown-5m-1781687100,0.155,SKIP,0,,0.16,0.85
4,btc-updown-5m-1781687400,0.865,SKIP,1,,0.87,0.14
4,btc-updown-5m-1781687700,0.215,SKIP,1,,0.22,0.79
4,btc-updown-5m-1781688000,0.105,SKIP,0,,0.11,0.9
4,btc-updown-5m-1781688300,0.865,SKIP,1,,0.87,0.14
4,btc-updown-5m-1781688600,0.505,SKIP,0,,0.51,0.5
4,btc-updown-5m-1781688900,0.385,SKIP,0,,0.39,0.62
4,btc-updown-5m-1781689200,0.405,YES,0,-1.0,0.41,0.6
4,btc-updown-5m-1781689500,0.885,SKIP,1,,0.89,0.12
4,btc-updown-5m-1781689800,0.125,SKIP,0,,0.13,0.88
4,btc-updown-5m-1781690100,0.445,SKIP,1,,0.45,0.56
4,btc-updown-5m-1781690400,0.945,SKIP,0,,0.95,0.06
4,btc-updown-5m-1781690700,0.725,YES,1,0.36986301369863006,0.73,0.28
4,btc-updown-5m-1781691000,0.835,SKIP,1,,0.84,0.17
4,btc-updown-5m-1781691300,0.765,YES,0,-1.0,0.77,0.24
4,btc-updown-5m-1781691600,0.935,SKIP,1,,0.94,0.07
4,btc-updown-5m-1781691900,0.285,SKIP,1,,0.29,0.72
4,btc-updown-5m-1781692200,0.725,YES,1,0.36986301369863006,0.73,0.28
4,btc-updown-5m-1781692500,0.23,NO,0,0.28205128205128194,0.24,0.78
4,btc-updown-5m-1781692800,0.645,YES,1,0.5384615384615383,0.65,0.36
4,btc-updown-5m-1781693100,0.445,SKIP,0,,0.45,0.56
4,btc-updown-5m-1781693400,0.295,SKIP,0,,0.3,0.71
4,btc-updown-5m-1781693700,0.175,SKIP,0,,0.18,0.83
4,btc-updown-5m-1781694000,0.315,SKIP,0,,0.32,0.69
4,btc-updown-5m-1781694300,0.415,SKIP,0,,0.44,0.61
4,btc-updown-5m-1781694600,0.565,SKIP,0,,0.57,0.44
4,btc-updown-5m-1781694900,0.585,YES,1,0.6949152542372883,0.59,0.42
4,btc-updown-5m-1781695200,0.915,SKIP,1,,0.92,0.09
4,btc-updown-5m-1781695500,0.825,SKIP,1,,0.83,0.18
4,btc-updown-5m-1781695800,0.545,YES,1,0.8181818181818181,0.55,0.46
4,btc-updown-5m-1781696100,0.465,SKIP,1,,0.47,0.54
4,btc-updown-5m-1781696400,0.785,SKIP,1,,0.79,0.22
4,btc-updown-5m-1781696700,0.915,SKIP,1,,0.92,0.09
4,btc-updown-5m-1781697000,0.61,YES,1,0.5384615384615383,0.65,0.43
4,btc-updown-5m-1781697300,0.465,SKIP,0,,0.47,0.54
4,btc-updown-5m-1781697600,0.385,NO,1,-1.0,0.39,0.62
4,btc-updown-5m-1781697900,0.745,YES,1,0.33333333333333326,0.75,0.26
4,btc-updown-5m-1781698200,0.335,SKIP,0,,0.34,0.67
4,btc-updown-5m-1781698500,0.405,NO,0,0.6666666666666667,0.41,0.6
4,btc-updown-5m-1781698800,0.055,SKIP,0,,0.06,0.95
4,btc-updown-5m-1781699100,0.575,YES,0,-1.0,0.58,0.43
4,btc-updown-5m-1781699400,0.755,YES,1,0.2987012987012987,0.77,0.26
4,btc-updown-5m-1781699700,0.835,SKIP,1,,0.84,0.17
4,btc-updown-5m-1781700000,0.475,SKIP,1,,0.5,0.55
4,btc-updown-5m-1781700300,0.825,SKIP,1,,0.83,0.18
4,btc-updown-5m-1781700600,0.325,SKIP,0,,0.33,0.68
4,btc-updown-5m-1781700900,0.85,SKIP,1,,0.87,0.17
4,btc-updown-5m-1781701200,0.53,NO,0,1.0833333333333335,0.54,0.48
4,btc-updown-5m-1781701500,0.775,YES,0,-1.0,0.78,0.23
4,btc-updown-5m-1781701800,0.735,YES,1,0.3513513513513513,0.74,0.27
4,btc-updown-5m-1781702100,0.135,SKIP,0,,0.14,0.87
4,btc-updown-5m-1781702400,0.305,SKIP,0,,0.31,0.7
4,btc-updown-5m-1781702700,0.395,YES,1,1.5,0.4,0.61
4,btc-updown-5m-1781703000,0.595,NO,1,-1.0,0.6,0.41
4,btc-updown-5m-1781703300,0.83,SKIP,1,,0.84,0.18
4,btc-updown-5m-1781703600,0.855,SKIP,1,,0.86,0.15
4,btc-updown-5m-1781703900,0.82,SKIP,1,,0.83,0.19
4,btc-updown-5m-1781704200,0.545,YES,1,0.8181818181818181,0.55,0.46
4,btc-updown-5m-1781704500,0.255,SKIP,0,,0.26,0.75
4,btc-updown-5m-1781704800,0.235,NO,0,0.2987012987012987,0.24,0.77
4,btc-updown-5m-1781705100,0.515,NO,1,-1.0,0.52,0.49
4,btc-updown-5m-1781705400,0.825,SKIP,1,,0.83,0.18
4,btc-updown-5m-1781705700,0.765,YES,0,-1.0,0.77,0.24
4,btc-updown-5m-1781706000,0.205,SKIP,0,,0.21,0.8
4,btc-updown-5m-1781706300,0.155,SKIP,0,,0.16,0.85
4,btc-updown-5m-1781706600,0.205,SKIP,0,,0.21,0.8
4,btc-updown-5m-1781706900,0.285,SKIP,0,,0.29,0.72
4,btc-updown-5m-1781707200,0.245,SKIP,1,,0.25,0.76
4,btc-updown-5m-1781707500,0.765,YES,0,-1.0,0.78,0.25
4,btc-updown-5m-1781707800,0.585,YES,1,0.6949152542372883,0.59,0.42
4,btc-updown-5m-1781708100,0.165,SKIP,0,,0.17,0.84
4,btc-updown-5m-1781708400,0.695,YES,1,0.4285714285714286,0.7,0.31
4,btc-updown-5m-1781708700,0.345,NO,0,0.5151515151515151,0.35,0.66
4,btc-updown-5m-1781709000,0.875,SKIP,1,,0.88,0.13
4,btc-updown-5m-1781709300,0.765,YES,0,-1.0,0.77,0.24
4,btc-updown-5m-1781709600,0.745,SKIP,1,,0.75,0.26
4,btc-updown-5m-1781709900,0.545,SKIP,0,,0.55,0.46
4,btc-updown-5m-1781710200,0.35,NO,1,-1.0,0.37,0.67
4,btc-updown-5m-1781710500,0.585,YES,1,0.6949152542372883,0.59,0.42
4,btc-updown-5m-1781710800,0.575,SKIP,1,,0.58,0.43
4,btc-updown-5m-1781711100,0.605,SKIP,1,,0.61,0.4
4,btc-updown-5m-1781711400,0.685,YES,0,-1.0,0.69,0.32
4,btc-updown-5m-1781711700,0.665,SKIP,1,,0.67,0.34
4,btc-updown-5m-1781712000,0.735,SKIP,1,,0.74,0.27
4,btc-updown-5m-1781712300,0.365,SKIP,0,,0.37,0.64
4,btc-updown-5m-1781712600,0.165,SKIP,1,,0.17,0.84
4,btc-updown-5m-1781712900,0.845,SKIP,1,,0.85,0.16
4,btc-updown-5m-1781713200,0.41,NO,1,-1.0,0.43,0.61
4,btc-updown-5m-1781713500,0.925,SKIP,1,,0.93,0.08
4,btc-updown-5m-1781713800,0.055,SKIP,0,,0.06,0.95
4,btc-updown-5m-1781714100,0.325,SKIP,1,,0.33,0.68
4,btc-updown-5m-1781714400,0.245,NO,0,0.3157894736842106,0.25,0.76
4,btc-updown-5m-1781714700,0.615,YES,0,-1.0,0.62,0.39
4,btc-updown-5m-1781715000,0.375,SKIP,0,,0.38,0.63
4,btc-updown-5m-1781715300,0.395,SKIP,0,,0.4,0.61
4,btc-updown-5m-1781715600,0.485,SKIP,1,,0.49,0.52
4,btc-updown-5m-1781715900,0.865,SKIP,1,,0.87,0.14
4,btc-updown-5m-1781716200,0.755,SKIP,0,,0.76,0.25
4,btc-updown-5m-1781716500,0.705,SKIP,1,,0.71,0.3
4,btc-updown-5m-1781716800,0.375,NO,1,-1.0,0.38,0.63
4,btc-updown-5m-1781717100,0.675,SKIP,1,,0.68,0.33
4,btc-updown-5m-1781717400,0.265,SKIP,0,,0.28,0.75
4,btc-updown-5m-1781717700,0.245,SKIP,0,,0.25,0.76
4,btc-updown-5m-1781718000,0.245,SKIP,0,,0.25,0.76
4,btc-updown-5m-1781718300,0.535,YES,0,-1.0,0.54,0.47
4,btc-updown-5m-1781718600,0.915,SKIP,1,,0.92,0.09
4,btc-updown-5m-1781718900,0.215,SKIP,0,,0.22,0.79
4,btc-updown-5m-1781719200,0.025,SKIP,0,,0.03,0.98
4,btc-updown-5m-1781719500,0.385,SKIP,1,,0.39,0.62
4,btc-updown-5m-1781719800,0.335,SKIP,0,,0.34,0.67
4,btc-updown-5m-1781720100,0.795,SKIP,1,,0.8,0.21
4,btc-updown-5m-1781720400,0.715,YES,0,-1.0,0.72,0.29
4,btc-updown-5m-1781720700,0.535,NO,1,-1.0,0.54,0.47
4,btc-updown-5m-1781721000,0.935,SKIP,0,,0.94,0.07
4,btc-updown-5m-1781721300,0.905,SKIP,1,,0.91,0.1
4,btc-updown-5m-1781721600,0.745,YES,1,0.33333333333333326,0.75,0.26
4,btc-updown-5m-1781721900,0.165,SKIP,0,,0.17,0.84
4,btc-updown-5m-1781722200,0.595,SKIP,0,,0.6,0.41
4,btc-updown-5m-1781722500,0.045,SKIP,0,,0.05,0.96
4,btc-updown-5m-1781722800,0.745,YES,0,-1.0,0.75,0.26
4,btc-updown-5m-1781723100,0.295,SKIP,0,,0.3,0.71
4,btc-updown-5m-1781723400,0.265,SKIP,1,,0.27,0.74
4,btc-updown-5m-1781723700,0.055,SKIP,0,,0.06,0.95
4,btc-updown-5m-1781724000,0.785,SKIP,0,,0.79,0.22
4,btc-updown-5m-1781724300,0.915,SKIP,0,,0.92,0.09
4,btc-updown-5m-1781724600,0.695,YES,0,-1.0,0.7,0.31
4,btc-updown-5m-1781724900,0.86,SKIP,0,,0.87,0.15
4,btc-updown-5m-1781725200,0.325,SKIP,0,,0.33,0.68
4,btc-updown-5m-1781725500,0.655,SKIP,0,,0.66,0.35
4,btc-updown-5m-1781725800,0.435,NO,1,-1.0,0.44,0.57
4,btc-updown-5m-1781726100,0.655,SKIP,1,,0.66,0.35
4,btc-updown-5m-1781726400,0.515,NO,1,-1.0,0.54,0.51
4,btc-updown-5m-1781728200,0.775,YES,1,0.28205128205128194,0.78,0.23
4,btc-updown-5m-1781728800,0.395,SKIP,0,,0.4,0.61
4,btc-updown-5m-1781729100,0.805,SKIP,1,,0.81,0.2
4,btc-updown-5m-1781729400,0.425,SKIP,0,,0.43,0.58
4,btc-updown-5m-1781729700,0.605,YES,1,0.639344262295082,0.61,0.4
4,btc-updown-5m-1781730000,0.265,SKIP,0,,0.27,0.74
4,btc-updown-5m-1781730300,0.515,SKIP,1,,0.52,0.49
4,btc-updown-5m-1781730600,0.475,NO,0,0.8867924528301885,0.48,0.53
4,btc-updown-5m-1781730900,0.375,SKIP,1,,0.38,0.63
4,btc-updown-5m-1781731200,0.345,SKIP,1,,0.35,0.66
4,btc-updown-5m-1781731500,0.245,SKIP,0,,0.25,0.76
4,btc-updown-5m-1781731800,0.715,SKIP,1,,0.72,0.29
4,btc-updown-5m-1781732100,0.795,SKIP,1,,0.8,0.21
4,btc-updown-5m-1781732400,0.065,SKIP,0,,0.07,0.94
4,btc-updown-5m-1781732700,0.685,SKIP,1,,0.69,0.32
4,btc-updown-5m-1781733000,0.775,SKIP,1,,0.78,0.23
4,btc-updown-5m-1781733300,0.145,SKIP,0,,0.15,0.86
4,btc-updown-5m-1781733600,0.115,SKIP,0,,0.12,0.89
4,btc-updown-5m-1781733900,0.915,SKIP,1,,0.92,0.09
4,btc-updown-5m-1781734200,0.4,NO,0,0.6129032258064517,0.42,0.62
4,btc-updown-5m-1781734500,0.785,SKIP,1,,0.79,0.22
4,btc-updown-5m-1781734800,0.835,SKIP,1,,0.84,0.17
4,btc-updown-5m-1781735100,0.855,SKIP,1,,0.86,0.15
4,btc-updown-5m-1781735400,0.475,NO,1,-1.0,0.48,0.53
4,btc-updown-5m-1781735700,0.205,SKIP,0,,0.21,0.8
4,btc-updown-5m-1781736000,0.82,SKIP,0,,0.83,0.19
4,btc-updown-5m-1781736300,0.895,SKIP,1,,0.9,0.11
4,btc-updown-5m-1781736600,0.665,SKIP,1,,0.67,0.34
4,btc-updown-5m-1781736900,0.195,SKIP,0,,0.2,0.81
4,btc-updown-5m-1781737200,0.935,SKIP,1,,0.94,0.07
4,btc-updown-5m-1781737500,0.025,SKIP,0,,0.03,0.98
4,btc-updown-5m-1781737800,0.355,NO,0,0.5384615384615383,0.36,0.65
4,btc-updown-5m-1781738100,0.945,SKIP,1,,0.95,0.06
4,btc-updown-5m-1781738400,0.495,NO,1,-1.0,0.5,0.51
4,btc-updown-5m-1781738700,0.775,SKIP,1,,0.78,0.23
4,btc-updown-5m-1781739000,0.38,SKIP,0,,0.42,0.66
4,btc-updown-5m-1781739300,0.19,SKIP,1,,0.2,0.82
4,btc-updown-5m-1781739600,0.095,SKIP,0,,0.1,0.91
4,btc-updown-5m-1781739900,0.565,NO,1,-1.0,0.57,0.44
4,btc-updown-5m-1781740200,0.675,YES,1,0.47058823529411753,0.68,0.33
4,btc-updown-5m-1781740500,0.085,SKIP,0,,0.09,0.92
4,btc-updown-5m-1781740800,0.855,SKIP,1,,0.86,0.15
4,btc-updown-5m-1781741100,0.515,NO,0,1.0408163265306123,0.52,0.49
4,btc-updown-5m-1781741400,0.715,SKIP,1,,0.72,0.29
4,btc-updown-5m-1781741700,0.485,SKIP,1,,0.49,0.52
4,btc-updown-5m-1781742000,0.395,NO,0,0.639344262295082,0.4,0.61
4,btc-updown-5m-1781742300,0.075,SKIP,0,,0.08,0.93
4,btc-updown-5m-1781742600,0.935,SKIP,1,,0.94,0.07
4,btc-updown-5m-1781742900,0.215,NO,0,0.26582278481012644,0.22,0.79
4,btc-updown-5m-1781743200,0.315,NO,1,-1.0,0.32,0.69
4,btc-updown-5m-1781743500,0.595,SKIP,1,,0.6,0.41
4,btc-updown-5m-1781743800,0.175,SKIP,0,,0.18,0.83
4,btc-updown-5m-1781744100,0.185,SKIP,0,,0.19,0.82
4,btc-updown-5m-1781744400,0.945,SKIP,1,,0.95,0.06
4,btc-updown-5m-1781744700,0.345,SKIP,1,,0.35,0.66
4,btc-updown-5m-1781745000,0.885,SKIP,1,,0.89,0.12
4,btc-updown-5m-1781745300,0.295,SKIP,0,,0.3,0.71
4,btc-updown-5m-1781745600,0.815,SKIP,1,,0.82,0.19
4,btc-updown-5m-1781745900,0.585,YES,1,0.6949152542372883,0.59,0.42
4,btc-updown-5m-1781746200,0.865,SKIP,1,,0.87,0.14
4,btc-updown-5m-1781746500,0.095,SKIP,0,,0.1,0.91
4,btc-updown-5m-1781746800,0.545,YES,0,-1.0,0.55,0.46
4,btc-updown-5m-1781747100,0.065,SKIP,0,,0.07,0.94
4,btc-updown-5m-1781747400,0.155,SKIP,0,,0.16,0.85
4,btc-updown-5m-1781747700,0.895,SKIP,1,,0.9,0.11
4,btc-updown-5m-1781748000,0.815,SKIP,1,,0.82,0.19
4,btc-updown-5m-1781748300,0.735,YES,0,-1.0,0.74,0.27
4,btc-updown-5m-1781748600,0.145,SKIP,0,,0.15,0.86
4,btc-updown-5m-1781748900,0.075,SKIP,0,,0.08,0.93
4,btc-updown-5m-1781749200,0.965,SKIP,1,,0.97,0.04
4,btc-updown-5m-1781749500,0.885,SKIP,0,,0.89,0.12
4,btc-updown-5m-1781749800,0.745,YES,0,-1.0,0.75,0.26
4,btc-updown-5m-1781750100,0.665,YES,1,0.4925373134328357,0.67,0.34
4,btc-updown-5m-1781750400,0.575,SKIP,1,,0.58,0.43
4,btc-updown-5m-1781750700,0.115,SKIP,0,,0.12,0.89
4,btc-updown-5m-1781751000,0.605,SKIP,0,,0.61,0.4
4,btc-updown-5m-1781751300,0.555,NO,0,1.2222222222222223,0.56,0.45
