timestamp_utc,ticker,title,event_ticker,close_time,status,yes_bid,yes_ask,no_bid,no_ask,yes_mid,last_price,volume,open_interest,best_yes_bid_qty,best_no_bid_qty,yes_levels_json,no_levels_json
2026-05-16T02:45:11.252Z,KXBTC15M-26MAY152300-00,BTC price up in next 15 mins?,KXBTC15M-26MAY152300,2026-05-16T03:00:00Z,active,0.38,0.39,0.61,0.62,0.385,0.39,1484.41,1484.41,177.0,137.0,"[[""0.2700"",""101.74""],[""0.2800"",""151.71""],[""0.2900"",""1.68""],[""0.3000"",""204.66""],[""0.3100"",""1.64""],[""0.3200"",""1.62""],[""0.3300"",""82.00""],[""0.3400"",""1.00""],[""0.3500"",""633.80""],[""0.3600"",""177.00""]]","[[""0.4800"",""1.41""],[""0.4900"",""400.40""],[""0.5000"",""152.40""],[""0.5100"",""20.39""],[""0.5200"",""0.38""],[""0.5300"",""0.37""],[""0.5500"",""79.00""],[""0.5700"",""150.00""],[""0.5800"",""419.92""],[""0.5900"",""137.00""]]"
2026-05-16T02:45:21.308Z,KXBTC15M-26MAY152300-00,BTC price up in next 15 mins?,KXBTC15M-26MAY152300,2026-05-16T03:00:00Z,active,0.38,0.39,0.61,0.62,0.385,0.39,1484.41,1484.41,85.72,2707.52,"[[""0.2600"",""242.76""],[""0.2700"",""201.74""],[""0.2800"",""253.00""],[""0.2900"",""263.00""],[""0.3000"",""156.00""],[""0.3100"",""1201.02""],[""0.3200"",""1135.00""],[""0.3300"",""549.00""],[""0.3400"",""49.70""],[""0.3500"",""85.72""]]","[[""0.5500"",""179.36""],[""0.5600"",""110.35""],[""0.5700"",""100.35""],[""0.5800"",""574.34""],[""0.5900"",""110.00""],[""0.6000"",""16.15""],[""0.6100"",""495.00""],[""0.6200"",""181.00""],[""0.6300"",""110.00""],[""0.6400"",""2707.52""]]"
2026-05-16T02:45:31.266Z,KXBTC15M-26MAY152300-00,BTC price up in next 15 mins?,KXBTC15M-26MAY152300,2026-05-16T03:00:00Z,active,0.38,0.39,0.61,0.62,0.385,0.39,1484.41,1484.41,142.99,2028.64,"[[""0.2900"",""111.68""],[""0.3000"",""1681.00""],[""0.3100"",""915.70""],[""0.3200"",""137.00""],[""0.3300"",""502.00""],[""0.3400"",""1225.02""],[""0.3500"",""1606.00""],[""0.3600"",""145.00""],[""0.3700"",""110.00""],[""0.3800"",""142.99""]]","[[""0.5200"",""502.38""],[""0.5300"",""112.76""],[""0.5400"",""100.37""],[""0.5500"",""1535.36""],[""0.5600"",""910.35""],[""0.5700"",""251.00""],[""0.5800"",""761.75""],[""0.5900"",""100.00""],[""0.6000"",""1677.00""],[""0.6100"",""2028.64""]]"
2026-05-16T02:45:41.438Z,KXBTC15M-26MAY152300-00,BTC price up in next 15 mins?,KXBTC15M-26MAY152300,2026-05-16T03:00:00Z,active,0.37,0.38,0.62,0.63,0.375,0.38,24536.95,21510.65,3003.85,172.41,"[[""0.3000"",""181.66""],[""0.3100"",""101.64""],[""0.3200"",""138.62""],[""0.3300"",""341.70""],[""0.3400"",""1375.00""],[""0.3500"",""157.00""],[""0.3600"",""514.00""],[""0.3700"",""200.00""],[""0.3800"",""1125.00""],[""0.3900"",""3003.85""]]","[[""0.5100"",""2170.39""],[""0.5200"",""105.38""],[""0.5300"",""112.76""],[""0.5400"",""251.00""],[""0.5500"",""1660.54""],[""0.5600"",""1510.00""],[""0.5700"",""680.00""],[""0.5800"",""430.85""],[""0.5900"",""100.00""],[""0.6000"",""172.41""]]"
2026-05-16T02:45:50.895Z,KXBTC15M-26MAY152300-00,BTC price up in next 15 mins?,KXBTC15M-26MAY152300,2026-05-16T03:00:00Z,active,0.37,0.38,0.62,0.63,0.375,0.38,24536.95,21510.65,2912.85,636.52,"[[""0.3200"",""127.32""],[""0.3300"",""602.60""],[""0.3400"",""127.00""],[""0.3500"",""1506.00""],[""0.3600"",""914.00""],[""0.3700"",""252.00""],[""0.3800"",""100.00""],[""0.3900"",""1841.00""],[""0.4000"",""221.00""],[""0.4100"",""2912.85""]]","[[""0.4900"",""100.40""],[""0.5000"",""1717.90""],[""0.5100"",""921.39""],[""0.5200"",""483.28""],[""0.5300"",""2213.03""],[""0.5400"",""180.00""],[""0.5500"",""425.00""],[""0.5600"",""231.00""],[""0.5700"",""190.00""],[""0.5800"",""636.52""]]"
2026-05-16T02:46:01.369Z,KXBTC15M-26MAY152300-00,BTC price up in next 15 mins?,KXBTC15M-26MAY152300,2026-05-16T03:00:00Z,active,0.37,0.38,0.62,0.63,0.375,0.38,24536.95,21510.65,351.66,1748.56,"[[""0.3300"",""502.60""],[""0.3400"",""200.58""],[""0.3500"",""1409.57""],[""0.3600"",""914.00""],[""0.3700"",""1200.02""],[""0.3800"",""381.00""],[""0.3900"",""2441.93""],[""0.4000"",""2519.00""],[""0.4100"",""119.00""],[""0.4200"",""351.66""]]","[[""0.4800"",""2160.00""],[""0.4900"",""100.00""],[""0.5000"",""115.00""],[""0.5100"",""111.00""],[""0.5200"",""175.00""],[""0.5300"",""100.00""],[""0.5400"",""100.00""],[""0.5500"",""460.00""],[""0.5600"",""1700.00""],[""0.5700"",""1748.56""]]"
2026-05-16T02:46:11.274Z,KXBTC15M-26MAY152300-00,BTC price up in next 15 mins?,KXBTC15M-26MAY152300,2026-05-16T03:00:00Z,active,0.42,0.43,0.57,0.58,0.425,0.42,41175.65,36223.30,1137.33,532.58,"[[""0.3300"",""505.60""],[""0.3400"",""200.58""],[""0.3500"",""1409.57""],[""0.3600"",""914.00""],[""0.3700"",""100.00""],[""0.3800"",""381.00""],[""0.3900"",""2541.02""],[""0.4000"",""3015.93""],[""0.4100"",""581.00""],[""0.4200"",""1137.33""]]","[[""0.4800"",""1206.41""],[""0.4900"",""391.40""],[""0.5000"",""2165.40""],[""0.5100"",""111.00""],[""0.5200"",""175.00""],[""0.5300"",""100.00""],[""0.5400"",""2200.00""],[""0.5500"",""741.00""],[""0.5600"",""317.00""],[""0.5700"",""532.58""]]"
2026-05-16T02:46:21.352Z,KXBTC15M-26MAY152300-00,BTC price up in next 15 mins?,KXBTC15M-26MAY152300,2026-05-16T03:00:00Z,active,0.42,0.43,0.57,0.58,0.425,0.42,41175.65,36223.30,2207.21,209.67,"[[""0.3700"",""102.54""],[""0.3800"",""302.52""],[""0.3900"",""1440.51""],[""0.4000"",""2167.00""],[""0.4100"",""529.00""],[""0.4200"",""500.00""],[""0.4300"",""1350.00""],[""0.4400"",""266.00""],[""0.4500"",""1100.23""],[""0.4600"",""2207.21""]]","[[""0.4400"",""72.72""],[""0.4500"",""111.44""],[""0.4600"",""100.43""],[""0.4700"",""450.00""],[""0.4800"",""1996.00""],[""0.4900"",""1506.00""],[""0.5000"",""100.00""],[""0.5100"",""1130.00""],[""0.5200"",""175.00""],[""0.5300"",""209.67""]]"
2026-05-16T02:46:31.314Z,KXBTC15M-26MAY152300-00,BTC price up in next 15 mins?,KXBTC15M-26MAY152300,2026-05-16T03:00:00Z,active,0.42,0.43,0.57,0.58,0.425,0.42,41175.65,36223.30,1509.74,902.64,"[[""0.4000"",""2421.50""],[""0.4100"",""124.48""],[""0.4200"",""499.47""],[""0.4300"",""1355.00""],[""0.4400"",""185.00""],[""0.4500"",""2200.23""],[""0.4600"",""180.00""],[""0.4700"",""101.00""],[""0.4800"",""15.00""],[""0.4900"",""1509.74""]]","[[""0.4100"",""254.48""],[""0.4200"",""1733.47""],[""0.4300"",""1581.46""],[""0.4400"",""72.27""],[""0.4500"",""111.00""],[""0.4600"",""100.00""],[""0.4700"",""100.00""],[""0.4800"",""470.00""],[""0.4900"",""2985.00""],[""0.5000"",""902.64""]]"
2026-05-16T02:46:41.332Z,KXBTC15M-26MAY152300-00,BTC price up in next 15 mins?,KXBTC15M-26MAY152300,2026-05-16T03:00:00Z,active,0.49,0.5,0.5,0.51,0.495,0.5,56476.84,44832.27,340.26,792.19,"[[""0.4500"",""100.00""],[""0.4600"",""252.00""],[""0.4700"",""2254.00""],[""0.4800"",""910.00""],[""0.4900"",""100.00""],[""0.5000"",""141.00""],[""0.5100"",""2822.17""],[""0.5200"",""190.00""],[""0.5300"",""100.00""],[""0.5400"",""340.26""]]","[[""0.3600"",""294.55""],[""0.3700"",""239.54""],[""0.3800"",""1492.52""],[""0.3900"",""232.51""],[""0.4000"",""1418.50""],[""0.4100"",""404.48""],[""0.4200"",""115.00""],[""0.4300"",""2941.00""],[""0.4400"",""700.00""],[""0.4500"",""792.19""]]"
2026-05-16T02:46:51.164Z,KXBTC15M-26MAY152300-00,BTC price up in next 15 mins?,KXBTC15M-26MAY152300,2026-05-16T03:00:00Z,active,0.49,0.5,0.5,0.51,0.495,0.5,56476.84,44832.27,100.0,435.29,"[[""0.4000"",""1963.00""],[""0.4100"",""111.00""],[""0.4200"",""499.00""],[""0.4300"",""175.00""],[""0.4400"",""112.00""],[""0.4500"",""104.00""],[""0.4600"",""253.00""],[""0.4700"",""2605.37""],[""0.4800"",""224.00""],[""0.4900"",""100.00""]]","[[""0.4100"",""410.00""],[""0.4200"",""109.00""],[""0.4300"",""202.00""],[""0.4400"",""109.00""],[""0.4500"",""100.00""],[""0.4600"",""39.55""],[""0.4700"",""1195.00""],[""0.4800"",""100.00""],[""0.4900"",""1126.00""],[""0.5000"",""435.29""]]"
2026-05-16T02:47:00.818Z,KXBTC15M-26MAY152300-00,BTC price up in next 15 mins?,KXBTC15M-26MAY152300,2026-05-16T03:00:00Z,active,0.49,0.5,0.5,0.51,0.495,0.5,56476.84,44832.27,2073.31,74.9,"[[""0.4000"",""1963.50""],[""0.4100"",""111.48""],[""0.4200"",""528.47""],[""0.4300"",""175.00""],[""0.4400"",""626.70""],[""0.4500"",""1355.00""],[""0.4600"",""1053.00""],[""0.4700"",""585.00""],[""0.4800"",""1150.40""],[""0.4900"",""2073.31""]]","[[""0.4100"",""803.48""],[""0.4200"",""109.47""],[""0.4300"",""402.46""],[""0.4400"",""306.00""],[""0.4500"",""100.00""],[""0.4600"",""39.55""],[""0.4700"",""1219.00""],[""0.4800"",""1080.00""],[""0.4900"",""117.00""],[""0.5000"",""74.90""]]"
2026-05-16T02:47:11.264Z,KXBTC15M-26MAY152300-00,BTC price up in next 15 mins?,KXBTC15M-26MAY152300,2026-05-16T03:00:00Z,active,0.49,0.5,0.5,0.51,0.495,0.5,69858.54,47032.51,906.41,516.87,"[[""0.4000"",""1963.50""],[""0.4100"",""116.48""],[""0.4200"",""523.47""],[""0.4300"",""175.00""],[""0.4400"",""126.70""],[""0.4500"",""1855.00""],[""0.4600"",""253.00""],[""0.4700"",""504.00""],[""0.4800"",""2210.40""],[""0.4900"",""906.41""]]","[[""0.4100"",""1985.48""],[""0.4200"",""109.47""],[""0.4300"",""402.46""],[""0.4400"",""306.00""],[""0.4500"",""100.00""],[""0.4600"",""39.55""],[""0.4700"",""1399.33""],[""0.4800"",""1090.00""],[""0.4900"",""12.00""],[""0.5000"",""516.87""]]"
2026-05-16T02:47:21.762Z,KXBTC15M-26MAY152300-00,BTC price up in next 15 mins?,KXBTC15M-26MAY152300,2026-05-16T03:00:00Z,active,0.49,0.5,0.5,0.51,0.495,0.5,69858.54,47032.51,9.0,879.0,"[[""0.3600"",""114.55""],[""0.3700"",""500.54""],[""0.3800"",""791.52""],[""0.3900"",""438.51""],[""0.4000"",""1963.50""],[""0.4100"",""107.48""],[""0.4200"",""533.47""],[""0.4300"",""19.70""],[""0.4400"",""12.00""],[""0.4500"",""9.00""]]","[[""0.4500"",""106.00""],[""0.4600"",""44.55""],[""0.4700"",""100.00""],[""0.4800"",""100.00""],[""0.4900"",""100.00""],[""0.5000"",""110.00""],[""0.5100"",""100.00""],[""0.5200"",""100.00""],[""0.5300"",""100.00""],[""0.5400"",""879.00""]]"
2026-05-16T02:47:31.009Z,KXBTC15M-26MAY152300-00,BTC price up in next 15 mins?,KXBTC15M-26MAY152300,2026-05-16T03:00:00Z,active,0.49,0.5,0.5,0.51,0.495,0.5,69858.54,47032.51,340.91,600.0,"[[""0.3400"",""625.00""],[""0.3500"",""1172.98""],[""0.3600"",""1366.55""],[""0.3700"",""102.00""],[""0.3800"",""452.00""],[""0.3900"",""843.00""],[""0.4000"",""1963.00""],[""0.4100"",""2211.00""],[""0.4200"",""1374.70""],[""0.4300"",""340.91""]]","[[""0.4700"",""1350.00""],[""0.4800"",""100.00""],[""0.4900"",""250.00""],[""0.5000"",""130.00""],[""0.5100"",""100.00""],[""0.5200"",""100.00""],[""0.5300"",""306.00""],[""0.5400"",""2793.59""],[""0.5500"",""453.00""],[""0.5600"",""600.00""]]"
2026-05-16T02:47:41.248Z,KXBTC15M-26MAY152300-00,BTC price up in next 15 mins?,KXBTC15M-26MAY152300,2026-05-16T03:00:00Z,active,0.44,0.45,0.55,0.56,0.445,0.45,83077.79,55381.23,753.81,191.0,"[[""0.3500"",""1181.98""],[""0.3600"",""113.55""],[""0.3700"",""752.54""],[""0.3800"",""377.00""],[""0.3900"",""1690.00""],[""0.4000"",""2363.00""],[""0.4100"",""180.00""],[""0.4200"",""731.92""],[""0.4300"",""2214.70""],[""0.4400"",""753.81""]]","[[""0.4500"",""156.44""],[""0.4600"",""2369.98""],[""0.4700"",""900.42""],[""0.4800"",""100.41""],[""0.4900"",""100.00""],[""0.5000"",""280.00""],[""0.5100"",""305.00""],[""0.5200"",""1780.25""],[""0.5300"",""1128.00""],[""0.5400"",""191.00""]]"
2026-05-16T02:47:51.350Z,KXBTC15M-26MAY152300-00,BTC price up in next 15 mins?,KXBTC15M-26MAY152300,2026-05-16T03:00:00Z,active,0.44,0.45,0.55,0.56,0.445,0.45,83077.79,55381.23,1948.38,579.79,"[[""0.3700"",""100.54""],[""0.3800"",""300.52""],[""0.3900"",""453.51""],[""0.4000"",""3215.00""],[""0.4100"",""600.00""],[""0.4200"",""881.92""],[""0.4300"",""102.00""],[""0.4400"",""605.70""],[""0.4500"",""1100.00""],[""0.4600"",""1948.38""]]","[[""0.4400"",""125.45""],[""0.4500"",""1506.44""],[""0.4600"",""839.98""],[""0.4700"",""100.00""],[""0.4800"",""110.00""],[""0.4900"",""1200.25""],[""0.5000"",""1575.03""],[""0.5100"",""1051.00""],[""0.5200"",""108.00""],[""0.5300"",""579.79""]]"
2026-05-16T02:48:01.449Z,KXBTC15M-26MAY152300-00,BTC price up in next 15 mins?,KXBTC15M-26MAY152300,2026-05-16T03:00:00Z,active,0.44,0.45,0.55,0.56,0.445,0.45,83077.79,55381.23,1878.63,43.65,"[[""0.4000"",""1932.50""],[""0.4100"",""190.18""],[""0.4200"",""432.39""],[""0.4300"",""2154.00""],[""0.4400"",""112.00""],[""0.4500"",""102.00""],[""0.4600"",""105.00""],[""0.4700"",""533.00""],[""0.4800"",""1010.00""],[""0.4900"",""1878.63""]]","[[""0.4100"",""279.48""],[""0.4200"",""1359.47""],[""0.4300"",""208.46""],[""0.4400"",""1200.00""],[""0.4500"",""100.00""],[""0.4600"",""1044.55""],[""0.4700"",""621.00""],[""0.4800"",""1031.00""],[""0.4900"",""180.00""],[""0.5000"",""43.65""]]"
2026-05-16T02:48:11.311Z,KXBTC15M-26MAY152300-00,BTC price up in next 15 mins?,KXBTC15M-26MAY152300,2026-05-16T03:00:00Z,active,0.49,0.51,0.49,0.51,0.5,0.51,94212.17,59126.24,3049.46,143.04,"[[""0.4100"",""190.18""],[""0.4200"",""456.39""],[""0.4300"",""1404.46""],[""0.4400"",""914.45""],[""0.4500"",""102.00""],[""0.4600"",""250.00""],[""0.4700"",""102.00""],[""0.4800"",""510.00""],[""0.4900"",""771.79""],[""0.5000"",""3049.46""]]","[[""0.3900"",""1201.51""],[""0.4000"",""347.46""],[""0.4100"",""429.48""],[""0.4200"",""1359.47""],[""0.4300"",""208.00""],[""0.4400"",""100.00""],[""0.4500"",""1200.00""],[""0.4600"",""468.55""],[""0.4700"",""2281.00""],[""0.4800"",""143.04""]]"
2026-05-16T02:48:21.264Z,KXBTC15M-26MAY152300-00,BTC price up in next 15 mins?,KXBTC15M-26MAY152300,2026-05-16T03:00:00Z,active,0.49,0.51,0.49,0.51,0.5,0.51,94212.17,59126.24,273.05,8.25,"[[""0.4100"",""197.48""],[""0.4200"",""472.09""],[""0.4300"",""1400.46""],[""0.4400"",""110.00""],[""0.4500"",""252.00""],[""0.4600"",""100.00""],[""0.4700"",""105.00""],[""0.4800"",""3512.00""],[""0.4900"",""183.09""],[""0.5000"",""273.05""]]","[[""0.4000"",""347.46""],[""0.4100"",""1579.48""],[""0.4200"",""259.47""],[""0.4300"",""210.00""],[""0.4400"",""100.00""],[""0.4500"",""100.00""],[""0.4600"",""1568.55""],[""0.4700"",""1880.00""],[""0.4800"",""610.00""],[""0.4900"",""8.25""]]"
2026-05-16T02:48:31.175Z,KXBTC15M-26MAY152300-00,BTC price up in next 15 mins?,KXBTC15M-26MAY152300,2026-05-16T03:00:00Z,active,0.49,0.51,0.49,0.51,0.5,0.51,94212.17,59126.24,360.0,110.0,"[[""0.4100"",""129.48""],[""0.4200"",""532.39""],[""0.4300"",""165.16""],[""0.4400"",""110.45""],[""0.4500"",""1500.44""],[""0.4600"",""900.00""],[""0.4700"",""100.00""],[""0.4800"",""612.00""],[""0.4900"",""3081.26""],[""0.5000"",""360.00""]]","[[""0.3900"",""242.51""],[""0.4000"",""1603.46""],[""0.4100"",""329.00""],[""0.4200"",""659.00""],[""0.4300"",""209.00""],[""0.4400"",""100.00""],[""0.4500"",""100.00""],[""0.4600"",""2610.19""],[""0.4700"",""572.51""],[""0.4800"",""110.00""]]"
2026-05-16T02:48:40.892Z,KXBTC15M-26MAY152300-00,BTC price up in next 15 mins?,KXBTC15M-26MAY152300,2026-05-16T03:00:00Z,active,0.52,0.55,0.45,0.48,0.535,0.52,107944.23,66384.89,1639.6,988.27,"[[""0.4300"",""1400.46""],[""0.4400"",""125.15""],[""0.4500"",""104.44""],[""0.4600"",""100.43""],[""0.4700"",""252.42""],[""0.4800"",""112.00""],[""0.4900"",""124.00""],[""0.5000"",""581.00""],[""0.5100"",""1100.26""],[""0.5200"",""1639.60""]]","[[""0.3600"",""259.55""],[""0.3700"",""677.30""],[""0.3800"",""242.52""],[""0.3900"",""1492.51""],[""0.4000"",""497.46""],[""0.4100"",""337.00""],[""0.4200"",""109.00""],[""0.4300"",""1307.00""],[""0.4400"",""2400.19""],[""0.4500"",""988.27""]]"
2026-05-16T02:48:51.347Z,KXBTC15M-26MAY152300-00,BTC price up in next 15 mins?,KXBTC15M-26MAY152300,2026-05-16T03:00:00Z,active,0.52,0.55,0.45,0.48,0.535,0.52,107944.23,66384.89,268.79,2910.67,"[[""0.3400"",""125.58""],[""0.3500"",""1472.98""],[""0.3600"",""121.55""],[""0.3700"",""681.00""],[""0.3800"",""1964.70""],[""0.3900"",""2390.00""],[""0.4000"",""2034.00""],[""0.4100"",""216.00""],[""0.4200"",""632.92""],[""0.4300"",""268.79""]]","[[""0.4700"",""2850.42""],[""0.4800"",""674.41""],[""0.4900"",""310.40""],[""0.5000"",""100.00""],[""0.5100"",""100.00""],[""0.5200"",""102.00""],[""0.5300"",""113.00""],[""0.5400"",""292.00""],[""0.5500"",""181.00""],[""0.5600"",""2910.67""]]"
2026-05-16T02:49:01.384Z,KXBTC15M-26MAY152300-00,BTC price up in next 15 mins?,KXBTC15M-26MAY152300,2026-05-16T03:00:00Z,active,0.52,0.55,0.45,0.48,0.535,0.52,107944.23,66384.89,203.0,566.53,"[[""0.3600"",""121.55""],[""0.3700"",""104.00""],[""0.3800"",""305.00""],[""0.3900"",""363.00""],[""0.4000"",""2480.70""],[""0.4100"",""118.00""],[""0.4200"",""2753.21""],[""0.4300"",""144.30""],[""0.4400"",""120.00""],[""0.4500"",""203.00""]]","[[""0.4500"",""136.44""],[""0.4600"",""321.12""],[""0.4700"",""104.42""],[""0.4800"",""274.41""],[""0.4900"",""112.40""],[""0.5000"",""102.00""],[""0.5100"",""100.00""],[""0.5200"",""211.00""],[""0.5300"",""2611.07""],[""0.5400"",""566.53""]]"
2026-05-16T02:49:11.406Z,KXBTC15M-26MAY152300-00,BTC price up in next 15 mins?,KXBTC15M-26MAY152300,2026-05-16T03:00:00Z,active,0.46,0.47,0.53,0.54,0.46499999999999997,0.46,117061.31,67905.19,265.0,358.9,"[[""0.3600"",""121.55""],[""0.3700"",""104.54""],[""0.3800"",""300.52""],[""0.3900"",""1388.00""],[""0.4000"",""1981.70""],[""0.4100"",""308.00""],[""0.4200"",""1234.21""],[""0.4300"",""1069.30""],[""0.4400"",""902.53""],[""0.4500"",""265.00""]]","[[""0.4500"",""126.44""],[""0.4600"",""1721.12""],[""0.4700"",""904.42""],[""0.4800"",""134.00""],[""0.4900"",""115.00""],[""0.5000"",""102.00""],[""0.5100"",""1600.58""],[""0.5200"",""1706.49""],[""0.5300"",""821.00""],[""0.5400"",""358.90""]]"
2026-05-16T02:49:21.262Z,KXBTC15M-26MAY152300-00,BTC price up in next 15 mins?,KXBTC15M-26MAY152300,2026-05-16T03:00:00Z,active,0.46,0.47,0.53,0.54,0.46499999999999997,0.46,117061.31,67905.19,1303.49,936.91,"[[""0.3300"",""115.60""],[""0.3400"",""125.58""],[""0.3500"",""2722.98""],[""0.3600"",""935.70""],[""0.3700"",""754.00""],[""0.3800"",""700.00""],[""0.3900"",""1319.53""],[""0.4000"",""1969.00""],[""0.4100"",""708.00""],[""0.4200"",""1303.49""]]","[[""0.4800"",""110.41""],[""0.4900"",""110.40""],[""0.5000"",""1500.40""],[""0.5100"",""175.00""],[""0.5200"",""104.00""],[""0.5300"",""112.00""],[""0.5400"",""1100.00""],[""0.5500"",""102.67""],[""0.5600"",""1988.47""],[""0.5700"",""936.91""]]"
2026-05-16T02:49:31.311Z,KXBTC15M-26MAY152300-00,BTC price up in next 15 mins?,KXBTC15M-26MAY152300,2026-05-16T03:00:00Z,active,0.46,0.47,0.53,0.54,0.46499999999999997,0.46,117061.31,67905.19,568.29,624.44,"[[""0.3400"",""125.58""],[""0.3500"",""451.57""],[""0.3600"",""1386.25""],[""0.3700"",""829.00""],[""0.3800"",""700.00""],[""0.3900"",""162.00""],[""0.4000"",""3045.53""],[""0.4100"",""1148.49""],[""0.4200"",""596.00""],[""0.4300"",""568.29""]]","[[""0.4700"",""1354.42""],[""0.4800"",""110.41""],[""0.4900"",""110.40""],[""0.5000"",""274.00""],[""0.5100"",""117.00""],[""0.5200"",""104.00""],[""0.5300"",""193.00""],[""0.5400"",""1607.00""],[""0.5500"",""2102.67""],[""0.5600"",""624.44""]]"
2026-05-16T02:49:41.319Z,KXBTC15M-26MAY152300-00,BTC price up in next 15 mins?,KXBTC15M-26MAY152300,2026-05-16T03:00:00Z,active,0.43,0.44,0.56,0.57,0.435,0.43,124875.15,70603.33,809.52,536.29,"[[""0.3300"",""110.60""],[""0.3400"",""125.58""],[""0.3500"",""446.57""],[""0.3600"",""1885.70""],[""0.3700"",""256.00""],[""0.3800"",""307.00""],[""0.3900"",""162.00""],[""0.4000"",""4571.02""],[""0.4100"",""168.00""],[""0.4200"",""809.52""]]","[[""0.4800"",""110.41""],[""0.4900"",""110.40""],[""0.5000"",""274.40""],[""0.5100"",""192.00""],[""0.5200"",""104.00""],[""0.5300"",""110.00""],[""0.5400"",""393.00""],[""0.5500"",""2282.67""],[""0.5600"",""1350.00""],[""0.5700"",""536.29""]]"
2026-05-16T02:49:50.961Z,KXBTC15M-26MAY152300-00,BTC price up in next 15 mins?,KXBTC15M-26MAY152300,2026-05-16T03:00:00Z,active,0.43,0.44,0.56,0.57,0.435,0.43,124875.15,70603.33,379.37,613.68,"[[""0.3300"",""110.60""],[""0.3400"",""125.58""],[""0.3500"",""446.57""],[""0.3600"",""135.70""],[""0.3700"",""2006.00""],[""0.3800"",""357.00""],[""0.3900"",""162.00""],[""0.4000"",""4938.02""],[""0.4100"",""158.00""],[""0.4200"",""379.37""]]","[[""0.4800"",""110.41""],[""0.4900"",""110.40""],[""0.5000"",""274.40""],[""0.5100"",""117.00""],[""0.5200"",""104.00""],[""0.5300"",""191.00""],[""0.5400"",""912.00""],[""0.5500"",""495.67""],[""0.5600"",""2204.00""],[""0.5700"",""613.68""]]"
2026-05-16T02:50:01.420Z,KXBTC15M-26MAY152300-00,BTC price up in next 15 mins?,KXBTC15M-26MAY152300,2026-05-16T03:00:00Z,active,0.43,0.44,0.56,0.57,0.435,0.43,124875.15,70603.33,166.0,232.03,"[[""0.3300"",""114.60""],[""0.3400"",""125.58""],[""0.3500"",""446.57""],[""0.3600"",""1610.70""],[""0.3700"",""1402.00""],[""0.3800"",""355.00""],[""0.3900"",""164.00""],[""0.4000"",""4936.02""],[""0.4100"",""156.00""],[""0.4200"",""166.00""]]","[[""0.4800"",""110.41""],[""0.4900"",""110.40""],[""0.5000"",""124.40""],[""0.5100"",""284.62""],[""0.5200"",""104.00""],[""0.5300"",""110.00""],[""0.5400"",""393.00""],[""0.5500"",""913.67""],[""0.5600"",""2402.00""],[""0.5700"",""232.03""]]"
2026-05-16T02:50:11.353Z,KXBTC15M-26MAY152300-00,BTC price up in next 15 mins?,KXBTC15M-26MAY152300,2026-05-16T03:00:00Z,active,0.41,0.42,0.58,0.59,0.415,0.42,129130.82,73619.85,375.0,430.42,"[[""0.3300"",""179.30""],[""0.3400"",""100.58""],[""0.3500"",""521.57""],[""0.3600"",""1521.00""],[""0.3700"",""902.00""],[""0.3800"",""852.00""],[""0.3900"",""1662.53""],[""0.4000"",""3437.49""],[""0.4100"",""91.96""],[""0.4200"",""375.00""]]","[[""0.4800"",""130.41""],[""0.4900"",""110.40""],[""0.5000"",""124.40""],[""0.5100"",""472.00""],[""0.5200"",""304.00""],[""0.5300"",""112.00""],[""0.5400"",""188.00""],[""0.5500"",""103.67""],[""0.5600"",""2712.71""],[""0.5700"",""430.42""]]"
2026-05-16T02:50:21.293Z,KXBTC15M-26MAY152300-00,BTC price up in next 15 mins?,KXBTC15M-26MAY152300,2026-05-16T03:00:00Z,active,0.41,0.42,0.58,0.59,0.415,0.42,129130.82,73619.85,2326.01,22.0,"[[""0.3300"",""129.30""],[""0.3400"",""100.58""],[""0.3500"",""596.57""],[""0.3600"",""1371.00""],[""0.3700"",""604.00""],[""0.3800"",""831.00""],[""0.3900"",""162.00""],[""0.4000"",""2437.00""],[""0.4100"",""91.96""],[""0.4200"",""2326.01""]]","[[""0.4700"",""104.42""],[""0.4800"",""130.41""],[""0.4900"",""110.40""],[""0.5000"",""2224.92""],[""0.5100"",""122.00""],[""0.5200"",""255.00""],[""0.5300"",""100.00""],[""0.5400"",""9.00""],[""0.5500"",""84.67""],[""0.5600"",""22.00""]]"
2026-05-16T02:50:31.253Z,KXBTC15M-26MAY152300-00,BTC price up in next 15 mins?,KXBTC15M-26MAY152300,2026-05-16T03:00:00Z,active,0.41,0.42,0.58,0.59,0.415,0.42,129130.82,73619.85,783.0,243.58,"[[""0.4200"",""150.47""],[""0.4300"",""915.46""],[""0.4400"",""110.45""],[""0.4500"",""63.00""],[""0.4600"",""102.00""],[""0.4700"",""252.00""],[""0.4800"",""102.00""],[""0.4900"",""110.00""],[""0.5000"",""3010.76""],[""0.5100"",""783.00""]]","[[""0.3900"",""285.00""],[""0.4000"",""503.96""],[""0.4100"",""1509.00""],[""0.4200"",""509.00""],[""0.4300"",""714.00""],[""0.4400"",""500.00""],[""0.4500"",""2820.52""],[""0.4600"",""22.69""],[""0.4700"",""134.00""],[""0.4800"",""243.58""]]"
2026-05-16T02:50:41.241Z,KXBTC15M-26MAY152300-00,BTC price up in next 15 mins?,KXBTC15M-26MAY152300,2026-05-16T03:00:00Z,active,0.5,0.52,0.48,0.5,0.51,0.52,139477.27,76954.48,1603.0,23.0,"[[""0.4100"",""162.96""],[""0.4200"",""150.00""],[""0.4300"",""111.00""],[""0.4400"",""535.00""],[""0.4500"",""1311.00""],[""0.4600"",""1374.34""],[""0.4700"",""102.00""],[""0.4800"",""241.00""],[""0.4900"",""2198.00""],[""0.5000"",""1603.00""]]","[[""0.3900"",""285.00""],[""0.4000"",""1603.96""],[""0.4100"",""404.48""],[""0.4200"",""111.47""],[""0.4300"",""1202.00""],[""0.4400"",""124.00""],[""0.4500"",""406.00""],[""0.4600"",""3220.95""],[""0.4700"",""290.00""],[""0.4800"",""23.00""]]"
2026-05-16T02:50:51.358Z,KXBTC15M-26MAY152300-00,BTC price up in next 15 mins?,KXBTC15M-26MAY152300,2026-05-16T03:00:00Z,active,0.5,0.52,0.48,0.5,0.51,0.52,139477.27,76954.48,603.0,1500.21,"[[""0.4000"",""1958.50""],[""0.4100"",""1413.44""],[""0.4200"",""150.47""],[""0.4300"",""901.46""],[""0.4400"",""1635.77""],[""0.4500"",""1218.00""],[""0.4600"",""1724.34""],[""0.4700"",""500.00""],[""0.4800"",""659.00""],[""0.4900"",""603.00""]]","[[""0.4100"",""254.48""],[""0.4200"",""251.47""],[""0.4300"",""2054.46""],[""0.4400"",""924.00""],[""0.4500"",""160.00""],[""0.4600"",""20.69""],[""0.4700"",""466.37""],[""0.4800"",""581.00""],[""0.4900"",""1240.31""],[""0.5000"",""1500.21""]]"
2026-05-16T02:51:01.143Z,KXBTC15M-26MAY152300-00,BTC price up in next 15 mins?,KXBTC15M-26MAY152300,2026-05-16T03:00:00Z,active,0.5,0.52,0.48,0.5,0.51,0.52,139477.27,76954.48,901.0,2590.71,"[[""0.4000"",""1958.50""],[""0.4100"",""1413.44""],[""0.4200"",""150.47""],[""0.4300"",""101.00""],[""0.4400"",""535.00""],[""0.4500"",""2661.77""],[""0.4600"",""1874.34""],[""0.4700"",""110.00""],[""0.4800"",""790.67""],[""0.4900"",""901.00""]]","[[""0.4100"",""404.48""],[""0.4200"",""1401.47""],[""0.4300"",""202.46""],[""0.4400"",""124.00""],[""0.4500"",""160.00""],[""0.4600"",""22.69""],[""0.4700"",""744.37""],[""0.4800"",""321.00""],[""0.4900"",""290.00""],[""0.5000"",""2590.71""]]"
2026-05-16T02:51:11.279Z,KXBTC15M-26MAY152300-00,BTC price up in next 15 mins?,KXBTC15M-26MAY152300,2026-05-16T03:00:00Z,active,0.52,0.53,0.47,0.48,0.525,0.53,145131.98,78828.53,2460.07,380.0,"[[""0.4400"",""735.45""],[""0.4500"",""1811.44""],[""0.4600"",""1299.77""],[""0.4700"",""104.00""],[""0.4800"",""303.67""],[""0.4900"",""300.92""],[""0.5000"",""109.00""],[""0.5100"",""361.00""],[""0.5200"",""778.61""],[""0.5300"",""2460.07""]]","[[""0.3700"",""303.30""],[""0.3800"",""250.52""],[""0.3900"",""779.51""],[""0.4000"",""1601.96""],[""0.4100"",""2354.71""],[""0.4200"",""168.00""],[""0.4300"",""614.00""],[""0.4400"",""124.00""],[""0.4500"",""454.00""],[""0.4600"",""380.00""]]"
2026-05-16T02:51:21.362Z,KXBTC15M-26MAY152300-00,BTC price up in next 15 mins?,KXBTC15M-26MAY152300,2026-05-16T03:00:00Z,active,0.52,0.53,0.47,0.48,0.525,0.53,145131.98,78828.53,83.34,59.45,"[[""0.4300"",""101.46""],[""0.4400"",""735.45""],[""0.4500"",""561.44""],[""0.4600"",""1224.77""],[""0.4700"",""1350.42""],[""0.4800"",""2748.48""],[""0.4900"",""102.00""],[""0.5000"",""266.00""],[""0.5100"",""1014.00""],[""0.5200"",""83.34""]]","[[""0.3700"",""459.30""],[""0.3800"",""250.52""],[""0.3900"",""1529.51""],[""0.4000"",""352.46""],[""0.4100"",""254.00""],[""0.4200"",""151.00""],[""0.4300"",""202.00""],[""0.4400"",""396.36""],[""0.4500"",""2780.71""],[""0.4600"",""59.45""]]"
2026-05-16T02:51:31.230Z,KXBTC15M-26MAY152300-00,BTC price up in next 15 mins?,KXBTC15M-26MAY152300,2026-05-16T03:00:00Z,active,0.52,0.53,0.47,0.48,0.525,0.53,145131.98,78828.53,256.0,33.26,"[[""0.4300"",""101.46""],[""0.4400"",""735.45""],[""0.4500"",""1811.44""],[""0.4600"",""1224.34""],[""0.4700"",""100.00""],[""0.4800"",""650.48""],[""0.4900"",""102.00""],[""0.5000"",""1435.00""],[""0.5100"",""1822.21""],[""0.5200"",""256.00""]]","[[""0.3800"",""250.52""],[""0.3900"",""279.51""],[""0.4000"",""1652.46""],[""0.4100"",""254.00""],[""0.4200"",""153.00""],[""0.4300"",""204.00""],[""0.4400"",""117.36""],[""0.4500"",""3120.96""],[""0.4600"",""1360.24""],[""0.4700"",""33.26""]]"
2026-05-16T02:51:41.236Z,KXBTC15M-26MAY152300-00,BTC price up in next 15 mins?,KXBTC15M-26MAY152300,2026-05-16T03:00:00Z,active,0.39,0.4,0.6,0.61,0.395,0.39,163126.80,81366.47,2718.49,987.03,"[[""0.2900"",""114.68""],[""0.3000"",""423.46""],[""0.3100"",""500.64""],[""0.3200"",""2185.00""],[""0.3300"",""100.00""],[""0.3400"",""105.00""],[""0.3500"",""683.50""],[""0.3600"",""102.00""],[""0.3700"",""120.00""],[""0.3800"",""2718.49""]]","[[""0.5200"",""100.38""],[""0.5300"",""1510.00""],[""0.5400"",""910.00""],[""0.5500"",""1100.07""],[""0.5600"",""102.00""],[""0.5700"",""1612.89""],[""0.5800"",""797.00""],[""0.5900"",""110.00""],[""0.6000"",""280.00""],[""0.6100"",""987.03""]]"
2026-05-16T02:51:51.357Z,KXBTC15M-26MAY152300-00,BTC price up in next 15 mins?,KXBTC15M-26MAY152300,2026-05-16T03:00:00Z,active,0.39,0.4,0.6,0.61,0.395,0.39,163126.80,81366.47,1704.0,1018.55,"[[""0.2900"",""114.68""],[""0.3000"",""333.76""],[""0.3100"",""100.64""],[""0.3200"",""1460.00""],[""0.3300"",""250.00""],[""0.3400"",""221.70""],[""0.3500"",""509.00""],[""0.3600"",""676.00""],[""0.3700"",""1198.49""],[""0.3800"",""1704.00""]]","[[""0.5100"",""100.39""],[""0.5200"",""100.38""],[""0.5300"",""134.37""],[""0.5400"",""250.37""],[""0.5500"",""100.00""],[""0.5600"",""2200.75""],[""0.5700"",""122.00""],[""0.5800"",""109.00""],[""0.5900"",""710.00""],[""0.6000"",""1018.55""]]"
2026-05-16T02:52:01.114Z,KXBTC15M-26MAY152300-00,BTC price up in next 15 mins?,KXBTC15M-26MAY152300,2026-05-16T03:00:00Z,active,0.39,0.4,0.6,0.61,0.395,0.39,163126.80,81366.47,290.0,872.07,"[[""0.2900"",""114.68""],[""0.3000"",""834.76""],[""0.3100"",""1425.64""],[""0.3200"",""285.00""],[""0.3300"",""102.00""],[""0.3400"",""1222.64""],[""0.3500"",""1159.00""],[""0.3600"",""893.00""],[""0.3700"",""188.32""],[""0.3800"",""290.00""]]","[[""0.5200"",""104.38""],[""0.5300"",""134.37""],[""0.5400"",""100.37""],[""0.5500"",""250.36""],[""0.5600"",""100.00""],[""0.5700"",""150.22""],[""0.5800"",""107.00""],[""0.5900"",""114.00""],[""0.6000"",""1560.84""],[""0.6100"",""872.07""]]"
2026-05-16T02:52:11.316Z,KXBTC15M-26MAY152300-00,BTC price up in next 15 mins?,KXBTC15M-26MAY152300,2026-05-16T03:00:00Z,active,0.43,0.44,0.56,0.57,0.435,0.43,174743.26,85129.35,1131.38,1231.31,"[[""0.3400"",""175.58""],[""0.3500"",""159.57""],[""0.3600"",""771.55""],[""0.3700"",""90.32""],[""0.3800"",""491.00""],[""0.3900"",""106.00""],[""0.4000"",""135.00""],[""0.4100"",""761.00""],[""0.4200"",""1117.00""],[""0.4300"",""1131.38""]]","[[""0.4700"",""100.42""],[""0.4800"",""116.41""],[""0.4900"",""100.40""],[""0.5000"",""664.00""],[""0.5100"",""1500.00""],[""0.5200"",""1204.77""],[""0.5300"",""120.00""],[""0.5400"",""1500.00""],[""0.5500"",""613.00""],[""0.5600"",""1231.31""]]"
2026-05-16T02:52:21.372Z,KXBTC15M-26MAY152300-00,BTC price up in next 15 mins?,KXBTC15M-26MAY152300,2026-05-16T03:00:00Z,active,0.43,0.44,0.56,0.57,0.435,0.43,174743.26,85129.35,1812.63,524.0,"[[""0.3200"",""111.62""],[""0.3300"",""124.60""],[""0.3400"",""105.58""],[""0.3500"",""1909.00""],[""0.3600"",""348.00""],[""0.3700"",""143.32""],[""0.3800"",""489.00""],[""0.3900"",""117.00""],[""0.4000"",""1245.00""],[""0.4100"",""1812.63""]]","[[""0.4900"",""100.40""],[""0.5000"",""2011.40""],[""0.5100"",""250.39""],[""0.5200"",""104.00""],[""0.5300"",""110.00""],[""0.5400"",""1600.77""],[""0.5500"",""1511.00""],[""0.5600"",""771.00""],[""0.5700"",""112.00""],[""0.5800"",""524.00""]]"
2026-05-16T02:52:31.326Z,KXBTC15M-26MAY152300-00,BTC price up in next 15 mins?,KXBTC15M-26MAY152300,2026-05-16T03:00:00Z,active,0.43,0.44,0.56,0.57,0.435,0.43,174743.26,85129.35,2717.19,492.52,"[[""0.3100"",""115.34""],[""0.3200"",""217.62""],[""0.3300"",""124.60""],[""0.3400"",""105.00""],[""0.3500"",""1909.00""],[""0.3600"",""273.00""],[""0.3700"",""62.32""],[""0.3800"",""489.00""],[""0.3900"",""183.00""],[""0.4000"",""2717.19""]]","[[""0.5000"",""1457.40""],[""0.5100"",""250.39""],[""0.5200"",""100.38""],[""0.5300"",""134.00""],[""0.5400"",""500.00""],[""0.5500"",""1631.77""],[""0.5600"",""1710.00""],[""0.5700"",""290.00""],[""0.5800"",""5.00""],[""0.5900"",""492.52""]]"
2026-05-16T02:52:41.338Z,KXBTC15M-26MAY152300-00,BTC price up in next 15 mins?,KXBTC15M-26MAY152300,2026-05-16T03:00:00Z,active,0.4,0.41,0.59,0.6,0.405,0.41,181411.64,87608.64,206.69,783.37,"[[""0.3200"",""217.62""],[""0.3300"",""1374.60""],[""0.3400"",""175.00""],[""0.3500"",""1610.00""],[""0.3600"",""125.00""],[""0.3700"",""63.32""],[""0.3800"",""1599.90""],[""0.3900"",""1507.00""],[""0.4000"",""171.28""],[""0.4100"",""206.69""]]","[[""0.4900"",""100.40""],[""0.5000"",""207.40""],[""0.5100"",""1360.39""],[""0.5200"",""1050.00""],[""0.5300"",""134.00""],[""0.5400"",""100.00""],[""0.5500"",""506.00""],[""0.5600"",""583.00""],[""0.5700"",""2891.77""],[""0.5800"",""783.37""]]"
