contract_id,file,t_seconds,timestamp_utc,close_time,remaining_seconds,yes_mid,selected_side,selected_label,selected_mid,selected_ask,selected_ask_qty,entry_spot,entry_target,entry_delta,spot_agrees,actual_label,actual_side,success,fee,net_pnl,final_price,final_target
KXBTC15M-26JUN011945-45,cli_predictor_polymarket_KXBTC15M-26JUN011945-45.csv,600,2026-06-01T23:34:58.731Z,2026-06-01T23:45:00+00:00,601.269,0.785,YES,1,0.785,0.79,1003.05,71206.21,71167.9,38.310000000012224,True,1,YES,True,0.011613,0.19838699999999995,71439.26,71167.9
KXBTC15M-26JUN011945-45,cli_predictor_polymarket_KXBTC15M-26JUN011945-45.csv,630,2026-06-01T23:34:31.848Z,2026-06-01T23:45:00+00:00,628.152,0.765,YES,1,0.765,0.77,1896.18,71196.82,71167.9,28.920000000012806,True,1,YES,True,0.012397,0.217603,71439.26,71167.9
KXBTC15M-26JUN012000-00,cli_predictor_polymarket_KXBTC15M-26JUN012000-00.csv,600,2026-06-01T23:50:00.897Z,2026-06-02T00:00:00+00:00,599.103,0.615,YES,1,0.615,0.62,193.88,71462.34,71426.05,36.2899999999936,True,0,NO,False,0.016492,-0.636492,71341.19,71426.05
KXBTC15M-26JUN012015-15,cli_predictor_polymarket_KXBTC15M-26JUN012015-15.csv,600,2026-06-02T00:04:58.090Z,2026-06-02T00:15:00+00:00,601.91,0.175,NO,0,0.825,0.83,5382.02,71275.44,71334.79,-59.34999999999127,True,0,NO,True,0.009877000000000004,0.16012300000000004,71164.24,71334.79
KXBTC15M-26JUN012015-15,cli_predictor_polymarket_KXBTC15M-26JUN012015-15.csv,630,2026-06-02T00:04:30.829Z,2026-06-02T00:15:00+00:00,629.171,0.245,NO,0,0.755,0.76,1965.34,71290.1,71334.79,-44.689999999987776,True,0,NO,True,0.012768,0.227232,71164.24,71334.79
KXBTC15M-26JUN012030-30,cli_predictor_polymarket_KXBTC15M-26JUN012030-30.csv,600,2026-06-02T00:20:01.723Z,2026-06-02T00:30:00+00:00,598.277,0.305,NO,0,0.6950000000000001,0.7,173.61,71124.0,71172.07,-48.070000000006985,True,0,NO,True,0.014700000000000003,0.28530000000000005,71107.05,71172.07
KXBTC15M-26JUN012030-30,cli_predictor_polymarket_KXBTC15M-26JUN012030-30.csv,630,2026-06-02T00:19:28.571Z,2026-06-02T00:30:00+00:00,631.429,0.345,NO,0,0.655,0.66,2866.01,71124.35,71172.07,-47.720000000001164,True,0,NO,True,0.015708,0.32429199999999997,71107.05,71172.07
KXBTC15M-26JUN012045-45,cli_predictor_polymarket_KXBTC15M-26JUN012045-45.csv,600,2026-06-02T00:34:57.606Z,2026-06-02T00:45:00+00:00,602.394,0.665,YES,1,0.665,0.67,1234.02,71124.75,71109.28,15.470000000001164,True,0,NO,False,0.015477,-0.685477,71028.41,71109.28
KXBTC15M-26JUN012045-45,cli_predictor_polymarket_KXBTC15M-26JUN012045-45.csv,630,2026-06-02T00:34:31.872Z,2026-06-02T00:45:00+00:00,628.128,0.585,YES,1,0.585,0.59,327.58,71124.75,71109.28,15.470000000001164,True,0,NO,False,0.016933000000000004,-0.606933,71028.41,71109.28
KXBTC15M-26JUN012100-00,cli_predictor_polymarket_KXBTC15M-26JUN012100-00.csv,600,2026-06-02T00:49:59.534Z,2026-06-02T01:00:00+00:00,600.466,0.625,YES,1,0.625,0.63,787.0,71086.45,71072.33,14.119999999995343,True,1,YES,True,0.016317,0.35368299999999997,71189.99,71072.33
KXBTC15M-26JUN012100-00,cli_predictor_polymarket_KXBTC15M-26JUN012100-00.csv,630,2026-06-02T00:49:32.327Z,2026-06-02T01:00:00+00:00,627.673,0.645,YES,1,0.645,0.65,968.14,71094.97,71072.33,22.639999999999418,True,1,YES,True,0.015925,0.33407499999999996,71189.99,71072.33
KXBTC15M-26JUN012115-15,cli_predictor_polymarket_KXBTC15M-26JUN012115-15.csv,600,2026-06-02T01:04:59.534Z,2026-06-02T01:15:00+00:00,600.466,0.4649999999999999,NO,0,0.5350000000000001,0.54,289.0,71242.32,71183.19,59.13000000000466,False,1,YES,False,0.017388,-0.557388,71268.4,71183.19
KXBTC15M-26JUN012115-15,cli_predictor_polymarket_KXBTC15M-26JUN012115-15.csv,630,2026-06-02T01:04:30.416Z,2026-06-02T01:15:00+00:00,629.584,0.535,YES,1,0.535,0.54,4229.38,71256.39,71183.19,73.19999999999709,True,1,YES,True,0.017388,0.44261199999999995,71268.4,71183.19
KXBTC15M-26JUN012130-30,cli_predictor_polymarket_KXBTC15M-26JUN012130-30.csv,600,2026-06-02T01:19:57.145Z,2026-06-02T01:30:00+00:00,602.855,0.265,NO,0,0.735,0.74,72.08,71227.59,71272.39,-44.80000000000291,True,0,NO,True,0.013468000000000003,0.246532,71184.6,71272.39
KXBTC15M-26JUN012130-30,cli_predictor_polymarket_KXBTC15M-26JUN012130-30.csv,630,2026-06-02T01:19:28.806Z,2026-06-02T01:30:00+00:00,631.194,0.285,NO,0,0.7150000000000001,0.72,1594.8,71240.03,71272.39,-32.36000000000058,True,0,NO,True,0.014112000000000001,0.265888,71184.6,71272.39
KXBTC15M-26JUN012145-45,cli_predictor_polymarket_KXBTC15M-26JUN012145-45.csv,600,2026-06-02T01:34:59.699Z,2026-06-02T01:45:00+00:00,600.301,0.0395,NO,0,0.9605,0.961,209.9,70962.81,71164.13,-201.32000000000698,True,0,NO,True,0.002623530000000003,0.03637647000000003,70869.93,71164.13
KXBTC15M-26JUN012145-45,cli_predictor_polymarket_KXBTC15M-26JUN012145-45.csv,630,2026-06-02T01:34:30.899Z,2026-06-02T01:45:00+00:00,629.101,0.0595,NO,0,0.9405,0.941,4508.09,70931.65,71164.13,-232.48000000001048,True,0,NO,True,0.0038863300000000034,0.05511367000000005,70869.93,71164.13
KXBTC15M-26JUN012200-00,cli_predictor_polymarket_KXBTC15M-26JUN012200-00.csv,600,2026-06-02T01:50:02.822Z,2026-06-02T02:00:00+00:00,597.178,0.275,NO,0,0.725,0.73,2284.03,70770.74,70876.67,-105.92999999999302,True,0,NO,True,0.013797000000000002,0.256203,70534.57,70876.67
KXBTC15M-26JUN012200-00,cli_predictor_polymarket_KXBTC15M-26JUN012200-00.csv,630,2026-06-02T01:49:28.734Z,2026-06-02T02:00:00+00:00,631.266,0.295,NO,0,0.7050000000000001,0.71,454.0,70701.79,70876.67,-174.88000000000466,True,0,NO,True,0.014413000000000002,0.275587,70534.57,70876.67
KXBTC15M-26JUN012215-15,cli_predictor_polymarket_KXBTC15M-26JUN012215-15.csv,600,2026-06-02T02:04:57.374Z,2026-06-02T02:15:00+00:00,602.626,0.1149999999999999,NO,0,0.8850000000000001,0.89,6754.76,70511.42,70632.13,-120.7100000000064,True,0,NO,True,0.006853,0.10314699999999999,70119.8,70632.13
KXBTC15M-26JUN012215-15,cli_predictor_polymarket_KXBTC15M-26JUN012215-15.csv,630,2026-06-02T02:04:32.247Z,2026-06-02T02:15:00+00:00,627.753,0.135,NO,0,0.865,0.87,21.41,70571.74,70632.13,-60.38999999999942,True,0,NO,True,0.007917,0.122083,70119.8,70632.13
KXBTC15M-26JUN012230-30,cli_predictor_polymarket_KXBTC15M-26JUN012230-30.csv,600,2026-06-02T02:19:58.406Z,2026-06-02T02:30:00+00:00,601.594,0.375,NO,0,0.625,0.63,3661.14,70149.03,70199.19,-50.16000000000349,True,1,YES,False,0.016317,-0.646317,70735.17,70199.19
KXBTC15M-26JUN012230-30,cli_predictor_polymarket_KXBTC15M-26JUN012230-30.csv,630,2026-06-02T02:19:30.103Z,2026-06-02T02:30:00+00:00,629.897,0.18,NO,0,0.8200000000000001,0.83,148.21,70149.03,70199.19,-50.16000000000349,True,1,YES,False,0.009877000000000004,-0.839877,70735.17,70199.19
KXBTC15M-26JUN012245-45,cli_predictor_polymarket_KXBTC15M-26JUN012245-45.csv,600,2026-06-02T02:35:02.106Z,2026-06-02T02:45:00+00:00,597.894,0.475,NO,0,0.525,0.53,226.8,70687.0,70690.19,-3.1900000000023283,True,0,NO,True,0.017437,0.452563,70507.11,70690.19
KXBTC15M-26JUN012245-45,cli_predictor_polymarket_KXBTC15M-26JUN012245-45.csv,630,2026-06-02T02:34:28.339Z,2026-06-02T02:45:00+00:00,631.661,0.445,NO,0,0.5549999999999999,0.56,903.75,70694.45,70690.19,4.259999999994761,False,0,NO,True,0.017248,0.42275199999999996,70507.11,70690.19
KXBTC15M-26JUN012300-00,cli_predictor_polymarket_KXBTC15M-26JUN012300-00.csv,600,2026-06-02T02:50:01.293Z,2026-06-02T03:00:00+00:00,598.707,0.695,YES,1,0.695,0.7,50.0,70599.04,70504.4,94.63999999999942,True,1,YES,True,0.014700000000000003,0.28530000000000005,70665.4,70504.4
KXBTC15M-26JUN012300-00,cli_predictor_polymarket_KXBTC15M-26JUN012300-00.csv,630,2026-06-02T02:49:31.847Z,2026-06-02T03:00:00+00:00,628.153,0.715,YES,1,0.715,0.72,1354.58,70631.55,70504.4,127.15000000000873,True,1,YES,True,0.014112000000000001,0.265888,70665.4,70504.4
KXBTC15M-26JUN012315-15,cli_predictor_polymarket_KXBTC15M-26JUN012315-15.csv,600,2026-06-02T03:05:00.087Z,2026-06-02T03:15:00+00:00,599.913,0.9035,YES,1,0.9035,0.904,137.51,70772.95,70694.9,78.05000000000291,True,1,YES,True,0.006074879999999999,0.08992511999999997,70814.5,70694.9
KXBTC15M-26JUN012315-15,cli_predictor_polymarket_KXBTC15M-26JUN012315-15.csv,630,2026-06-02T03:04:30.571Z,2026-06-02T03:15:00+00:00,629.429,0.825,YES,1,0.825,0.83,2547.07,70772.95,70694.9,78.05000000000291,True,1,YES,True,0.009877000000000004,0.16012300000000004,70814.5,70694.9
KXBTC15M-26JUN012330-30,cli_predictor_polymarket_KXBTC15M-26JUN012330-30.csv,600,2026-06-02T03:20:00.423Z,2026-06-02T03:30:00+00:00,599.577,0.515,YES,1,0.515,0.52,268.6,70883.84,70812.6,71.23999999999069,True,1,YES,True,0.017472,0.462528,70867.94,70812.6
KXBTC15M-26JUN012330-30,cli_predictor_polymarket_KXBTC15M-26JUN012330-30.csv,630,2026-06-02T03:19:27.773Z,2026-06-02T03:30:00+00:00,632.227,0.545,YES,1,0.545,0.55,1513.13,70877.95,70812.6,65.34999999999127,True,1,YES,True,0.017325,0.432675,70867.94,70812.6
KXBTC15M-26JUN012345-45,cli_predictor_polymarket_KXBTC15M-26JUN012345-45.csv,600,2026-06-02T03:34:57.853Z,2026-06-02T03:45:00+00:00,602.147,0.355,NO,0,0.645,0.65,1026.91,70856.24,70867.39,-11.14999999999418,True,0,NO,True,0.015925,0.33407499999999996,70845.35,70867.39
KXBTC15M-26JUN012345-45,cli_predictor_polymarket_KXBTC15M-26JUN012345-45.csv,630,2026-06-02T03:34:27.687Z,2026-06-02T03:45:00+00:00,632.313,0.435,NO,0,0.565,0.57,1523.03,70864.6,70867.39,-2.789999999993597,True,0,NO,True,0.017157000000000002,0.41284300000000007,70845.35,70867.39
KXBTC15M-26JUN020000-00,cli_predictor_polymarket_KXBTC15M-26JUN020000-00.csv,600,2026-06-02T03:50:01.709Z,2026-06-02T04:00:00+00:00,598.291,0.365,NO,0,0.635,0.64,339.06,70844.86,70884.43,-39.56999999999243,True,0,NO,True,0.016128000000000003,0.34387199999999996,70844.84,70884.43
KXBTC15M-26JUN020000-00,cli_predictor_polymarket_KXBTC15M-26JUN020000-00.csv,630,2026-06-02T03:49:27.860Z,2026-06-02T04:00:00+00:00,632.14,0.375,NO,0,0.625,0.63,1392.85,70843.8,70884.43,-40.629999999990105,True,0,NO,True,0.016317,0.35368299999999997,70844.84,70884.43
KXBTC15M-26JUN020015-15,cli_predictor_polymarket_KXBTC15M-26JUN020015-15.csv,600,2026-06-02T04:04:59.446Z,2026-06-02T04:15:00+00:00,600.554,0.485,NO,0,0.515,0.52,929.91,70851.3,70855.57,-4.2700000000040745,True,0,NO,True,0.017472,0.462528,70635.15,70855.57
KXBTC15M-26JUN020015-15,cli_predictor_polymarket_KXBTC15M-26JUN020015-15.csv,630,2026-06-02T04:04:28.263Z,2026-06-02T04:15:00+00:00,631.737,0.4649999999999999,NO,0,0.5350000000000001,0.54,57.94,70850.83,70855.57,-4.740000000005239,True,0,NO,True,0.017388,0.44261199999999995,70635.15,70855.57
KXBTC15M-26JUN020030-30,cli_predictor_polymarket_KXBTC15M-26JUN020030-30.csv,600,2026-06-02T04:20:00.663Z,2026-06-02T04:30:00+00:00,599.337,0.805,YES,1,0.805,0.81,49.0,70767.04,70686.1,80.93999999998778,True,1,YES,True,0.010772999999999998,0.17922699999999994,70864.08,70686.1
KXBTC15M-26JUN020030-30,cli_predictor_polymarket_KXBTC15M-26JUN020030-30.csv,630,2026-06-02T04:19:28.975Z,2026-06-02T04:30:00+00:00,631.025,0.745,YES,1,0.745,0.75,4373.18,70707.31,70686.1,21.20999999999185,True,1,YES,True,0.013125000000000001,0.236875,70864.08,70686.1
KXBTC15M-26JUN020045-45,cli_predictor_polymarket_KXBTC15M-26JUN020045-45.csv,600,2026-06-02T04:34:58.490Z,2026-06-02T04:45:00+00:00,601.51,0.555,YES,1,0.555,0.56,94.85,70898.54,70888.42,10.119999999995343,True,1,YES,True,0.017248,0.42275199999999996,70913.14,70888.42
KXBTC15M-26JUN020045-45,cli_predictor_polymarket_KXBTC15M-26JUN020045-45.csv,630,2026-06-02T04:34:26.975Z,2026-06-02T04:45:00+00:00,633.025,0.535,YES,1,0.535,0.54,1160.38,70858.57,70888.42,-29.84999999999127,False,1,YES,True,0.017388,0.44261199999999995,70913.14,70888.42
KXBTC15M-26JUN020100-00,cli_predictor_polymarket_KXBTC15M-26JUN020100-00.csv,600,2026-06-02T04:50:00.130Z,2026-06-02T05:00:00+00:00,599.87,0.0975,NO,0,0.9025,0.903,425.85,70833.14,70911.65,-78.50999999999476,True,0,NO,True,0.006131369999999999,0.09086862999999998,70701.31,70911.65
KXBTC15M-26JUN020100-00,cli_predictor_polymarket_KXBTC15M-26JUN020100-00.csv,630,2026-06-02T04:49:28.011Z,2026-06-02T05:00:00+00:00,631.989,0.16,NO,0,0.84,0.85,1846.75,70839.64,70911.65,-72.00999999999476,True,0,NO,True,0.008925000000000002,0.141075,70701.31,70911.65
KXBTC15M-26JUN020115-15,cli_predictor_polymarket_KXBTC15M-26JUN020115-15.csv,600,2026-06-02T05:05:00.258Z,2026-06-02T05:15:00+00:00,599.742,0.071,NO,0,0.929,0.931,168.29,70612.72,70701.22,-88.5,True,1,YES,False,0.004496729999999997,-0.93549673,70701.98,70701.22
KXBTC15M-26JUN020115-15,cli_predictor_polymarket_KXBTC15M-26JUN020115-15.csv,630,2026-06-02T05:04:30.734Z,2026-06-02T05:15:00+00:00,629.266,0.145,NO,0,0.855,0.86,588.0,70627.23,70701.22,-73.99000000000524,True,1,YES,False,0.008428000000000001,-0.868428,70701.98,70701.22
KXBTC15M-26JUN020130-30,cli_predictor_polymarket_KXBTC15M-26JUN020130-30.csv,630,2026-06-02T05:19:28.817Z,2026-06-02T05:30:00+00:00,631.183,0.245,NO,0,0.755,0.76,49.39,70657.46,70711.0,-53.5399999999936,True,0,NO,True,0.012768,0.227232,70476.42,70711.0
KXBTC15M-26JUN020145-45,cli_predictor_polymarket_KXBTC15M-26JUN020145-45.csv,600,2026-06-02T05:34:59.286Z,2026-06-02T05:45:00+00:00,600.714,0.665,YES,1,0.665,0.67,110.99,70576.96,70501.32,75.63999999999942,True,0,NO,False,0.015477,-0.685477,70406.75,70501.32
KXBTC15M-26JUN020145-45,cli_predictor_polymarket_KXBTC15M-26JUN020145-45.csv,630,2026-06-02T05:34:27.133Z,2026-06-02T05:45:00+00:00,632.867,0.735,YES,1,0.735,0.74,139.39,70591.46,70501.32,90.13999999999942,True,0,NO,False,0.013468000000000003,-0.753468,70406.75,70501.32
KXBTC15M-26JUN020200-00,cli_predictor_polymarket_KXBTC15M-26JUN020200-00.csv,600,2026-06-02T05:50:00.290Z,2026-06-02T06:00:00+00:00,599.71,0.295,NO,0,0.7050000000000001,0.71,2860.8,70325.72,70405.22,-79.5,True,0,NO,True,0.014413000000000002,0.275587,70204.8,70405.22
KXBTC15M-26JUN020200-00,cli_predictor_polymarket_KXBTC15M-26JUN020200-00.csv,630,2026-06-02T05:49:27.057Z,2026-06-02T06:00:00+00:00,632.943,0.295,NO,0,0.7050000000000001,0.71,28.0,70332.94,70405.22,-72.27999999999884,True,0,NO,True,0.014413000000000002,0.275587,70204.8,70405.22
KXBTC15M-26JUN020215-15,cli_predictor_polymarket_KXBTC15M-26JUN020215-15.csv,600,2026-06-02T06:05:01.624Z,2026-06-02T06:15:00+00:00,598.376,0.755,YES,1,0.755,0.76,308.13,70270.39,70184.96,85.42999999999302,True,1,YES,True,0.012768,0.227232,70211.98,70184.96
KXBTC15M-26JUN020215-15,cli_predictor_polymarket_KXBTC15M-26JUN020215-15.csv,630,2026-06-02T06:04:30.728Z,2026-06-02T06:15:00+00:00,629.272,0.775,YES,1,0.775,0.78,5.0,70275.06,70184.96,90.09999999999127,True,1,YES,True,0.012012,0.20798799999999998,70211.98,70184.96
KXBTC15M-26JUN020230-30,cli_predictor_polymarket_KXBTC15M-26JUN020230-30.csv,600,2026-06-02T06:19:56.978Z,2026-06-02T06:30:00+00:00,603.022,0.415,NO,0,0.585,0.59,141.38,70213.35,70209.62,3.7300000000104774,False,1,YES,False,0.016933000000000004,-0.606933,70272.28,70209.62
KXBTC15M-26JUN020230-30,cli_predictor_polymarket_KXBTC15M-26JUN020230-30.csv,630,2026-06-02T06:19:29.447Z,2026-06-02T06:30:00+00:00,630.553,0.535,YES,1,0.535,0.54,972.47,70259.81,70209.62,50.19000000000233,True,1,YES,True,0.017388,0.44261199999999995,70272.28,70209.62
KXBTC15M-26JUN020245-45,cli_predictor_polymarket_KXBTC15M-26JUN020245-45.csv,600,2026-06-02T06:34:59.226Z,2026-06-02T06:45:00+00:00,600.774,0.455,NO,0,0.5449999999999999,0.55,2631.16,70223.88,70270.05,-46.169999999998254,True,0,NO,True,0.017325,0.432675,70223.55,70270.05
KXBTC15M-26JUN020245-45,cli_predictor_polymarket_KXBTC15M-26JUN020245-45.csv,630,2026-06-02T06:34:30.332Z,2026-06-02T06:45:00+00:00,629.668,0.39,NO,0,0.61,0.62,1102.21,70222.13,70270.05,-47.919999999998254,True,0,NO,True,0.016492,0.363508,70223.55,70270.05
KXBTC15M-26JUN020300-00,cli_predictor_polymarket_KXBTC15M-26JUN020300-00.csv,600,2026-06-02T06:49:57.696Z,2026-06-02T07:00:00+00:00,602.304,0.325,NO,0,0.675,0.68,1593.09,70039.81,70182.11,-142.3000000000029,True,0,NO,True,0.015232,0.30476799999999993,70005.83,70182.11
KXBTC15M-26JUN020300-00,cli_predictor_polymarket_KXBTC15M-26JUN020300-00.csv,630,2026-06-02T06:49:30.330Z,2026-06-02T07:00:00+00:00,629.67,0.225,NO,0,0.775,0.78,736.58,70051.56,70182.11,-130.5500000000029,True,0,NO,True,0.012012,0.20798799999999998,70005.83,70182.11
KXBTC15M-26JUN020315-15,cli_predictor_polymarket_KXBTC15M-26JUN020315-15.csv,600,2026-06-02T07:05:01.212Z,2026-06-02T07:15:00+00:00,598.788,0.102,NO,0,0.898,0.906,50.0,69821.13,70008.12,-186.9899999999907,True,0,NO,True,0.005961479999999999,0.08803851999999997,69929.66,70008.12
KXBTC15M-26JUN020315-15,cli_predictor_polymarket_KXBTC15M-26JUN020315-15.csv,630,2026-06-02T07:04:28.025Z,2026-06-02T07:15:00+00:00,631.975,0.105,NO,0,0.895,0.9,69.68,69723.18,70008.12,-284.9400000000023,True,0,NO,True,0.0063,0.09369999999999998,69929.66,70008.12
KXBTC15M-26JUN020330-30,cli_predictor_polymarket_KXBTC15M-26JUN020330-30.csv,600,2026-06-02T07:19:58.096Z,2026-06-02T07:30:00+00:00,601.904,0.805,YES,1,0.805,0.81,49.05,70142.05,69963.67,178.38000000000466,True,0,NO,False,0.010772999999999998,-0.8207730000000001,69835.65,69963.67
KXBTC15M-26JUN020330-30,cli_predictor_polymarket_KXBTC15M-26JUN020330-30.csv,630,2026-06-02T07:19:31.366Z,2026-06-02T07:30:00+00:00,628.634,0.825,YES,1,0.825,0.83,381.11,70136.96,69963.67,173.29000000000815,True,0,NO,False,0.009877000000000004,-0.839877,69835.65,69963.67
KXBTC15M-26JUN020345-45,cli_predictor_polymarket_KXBTC15M-26JUN020345-45.csv,600,2026-06-02T07:34:58.975Z,2026-06-02T07:45:00+00:00,601.025,0.875,YES,1,0.875,0.88,112.0,70015.23,69805.01,210.22000000000116,True,1,YES,True,0.007392000000000001,0.112608,70132.94,69805.01
KXBTC15M-26JUN020345-45,cli_predictor_polymarket_KXBTC15M-26JUN020345-45.csv,630,2026-06-02T07:34:27.940Z,2026-06-02T07:45:00+00:00,632.06,0.875,YES,1,0.875,0.88,1362.42,69989.37,69805.01,184.36000000000058,True,1,YES,True,0.007392000000000001,0.112608,70132.94,69805.01
KXBTC15M-26JUN020400-00,cli_predictor_polymarket_KXBTC15M-26JUN020400-00.csv,600,2026-06-02T07:49:57.858Z,2026-06-02T08:00:00+00:00,602.142,0.225,NO,0,0.775,0.78,52.0,70050.91,70114.9,-63.98999999999069,True,0,NO,True,0.012012,0.20798799999999998,70021.85,70114.9
KXBTC15M-26JUN020400-00,cli_predictor_polymarket_KXBTC15M-26JUN020400-00.csv,630,2026-06-02T07:49:31.301Z,2026-06-02T08:00:00+00:00,628.699,0.325,NO,0,0.675,0.68,190.25,69997.77,70114.9,-117.1299999999901,True,0,NO,True,0.015232,0.30476799999999993,70021.85,70114.9
KXBTC15M-26JUN020415-15,cli_predictor_polymarket_KXBTC15M-26JUN020415-15.csv,600,2026-06-02T08:04:59.692Z,2026-06-02T08:15:00+00:00,600.308,0.205,NO,0,0.795,0.8,771.74,69988.32,70026.42,-38.09999999999127,True,0,NO,True,0.0112,0.18879999999999997,69937.71,70026.42
KXBTC15M-26JUN020415-15,cli_predictor_polymarket_KXBTC15M-26JUN020415-15.csv,630,2026-06-02T08:04:31.209Z,2026-06-02T08:15:00+00:00,628.791,0.255,NO,0,0.745,0.75,270.26,69988.32,70026.42,-38.09999999999127,True,0,NO,True,0.013125000000000001,0.236875,69937.71,70026.42
KXBTC15M-26JUN020430-30,cli_predictor_polymarket_KXBTC15M-26JUN020430-30.csv,600,2026-06-02T08:19:57.927Z,2026-06-02T08:30:00+00:00,602.073,0.165,NO,0,0.835,0.84,205.0,69844.46,69963.61,-119.14999999999418,True,0,NO,True,0.009408000000000003,0.15059200000000003,69922.33,69963.61
KXBTC15M-26JUN020430-30,cli_predictor_polymarket_KXBTC15M-26JUN020430-30.csv,630,2026-06-02T08:19:30.328Z,2026-06-02T08:30:00+00:00,629.672,0.235,NO,0,0.765,0.77,3.0,69842.09,69963.61,-121.52000000000407,True,0,NO,True,0.012397,0.217603,69922.33,69963.61
KXBTC15M-26JUN020445-45,cli_predictor_polymarket_KXBTC15M-26JUN020445-45.csv,600,2026-06-02T08:34:58.661Z,2026-06-02T08:45:00+00:00,601.339,0.535,YES,1,0.535,0.54,1322.83,69946.75,69902.58,44.169999999998254,True,0,NO,False,0.017388,-0.557388,69804.52,69902.58
KXBTC15M-26JUN020445-45,cli_predictor_polymarket_KXBTC15M-26JUN020445-45.csv,630,2026-06-02T08:34:28.181Z,2026-06-02T08:45:00+00:00,631.819,0.625,YES,1,0.625,0.63,310.84,69946.75,69902.58,44.169999999998254,True,0,NO,False,0.016317,-0.646317,69804.52,69902.58
KXBTC15M-26JUN020500-00,cli_predictor_polymarket_KXBTC15M-26JUN020500-00.csv,600,2026-06-02T08:49:58.656Z,2026-06-02T09:00:00+00:00,601.344,0.185,NO,0,0.815,0.82,5.0,69714.48,69794.32,-79.84000000001106,True,0,NO,True,0.010332000000000003,0.16966800000000004,69734.2,69794.32
KXBTC15M-26JUN020500-00,cli_predictor_polymarket_KXBTC15M-26JUN020500-00.csv,630,2026-06-02T08:49:31.130Z,2026-06-02T09:00:00+00:00,628.87,0.235,NO,0,0.765,0.77,4.4,69755.29,69794.32,-39.03000000001339,True,0,NO,True,0.012397,0.217603,69734.2,69794.32
KXBTC15M-26JUN020515-15,cli_predictor_polymarket_KXBTC15M-26JUN020515-15.csv,600,2026-06-02T09:04:57.933Z,2026-06-02T09:15:00+00:00,602.067,0.0775,NO,0,0.9225,0.924,24015.69,69563.1,,,,0,NO,True,0.004915679999999999,0.07108431999999995,69461.05,69712.58
KXBTC15M-26JUN020515-15,cli_predictor_polymarket_KXBTC15M-26JUN020515-15.csv,630,2026-06-02T09:04:27.693Z,2026-06-02T09:15:00+00:00,632.307,0.125,NO,0,0.875,0.88,3990.15,69552.74,,,,0,NO,True,0.007392000000000001,0.112608,69461.05,69712.58
KXBTC15M-26JUN020530-30,cli_predictor_polymarket_KXBTC15M-26JUN020530-30.csv,600,2026-06-02T09:20:01.141Z,2026-06-02T09:30:00+00:00,598.859,0.625,YES,1,0.625,0.63,566.38,69455.17,69468.15,-12.979999999995925,False,0,NO,False,0.016317,-0.646317,69328.53,69468.15
KXBTC15M-26JUN020530-30,cli_predictor_polymarket_KXBTC15M-26JUN020530-30.csv,630,2026-06-02T09:19:28.496Z,2026-06-02T09:30:00+00:00,631.504,0.675,YES,1,0.675,0.68,71.47,69451.14,69468.15,-17.00999999999476,False,0,NO,False,0.015232,-0.6952320000000001,69328.53,69468.15
KXBTC15M-26JUN020545-45,cli_predictor_polymarket_KXBTC15M-26JUN020545-45.csv,600,2026-06-02T09:34:58.572Z,2026-06-02T09:45:00+00:00,601.428,0.875,YES,1,0.875,0.88,5094.04,69413.94,69283.23,130.7100000000064,True,1,YES,True,0.007392000000000001,0.112608,69423.63,69283.23
KXBTC15M-26JUN020545-45,cli_predictor_polymarket_KXBTC15M-26JUN020545-45.csv,630,2026-06-02T09:34:31.686Z,2026-06-02T09:45:00+00:00,628.314,0.775,YES,1,0.775,0.78,1095.78,69360.11,69283.23,76.88000000000466,True,1,YES,True,0.012012,0.20798799999999998,69423.63,69283.23
KXBTC15M-26JUN020600-00,cli_predictor_polymarket_KXBTC15M-26JUN020600-00.csv,600,2026-06-02T09:49:57.216Z,2026-06-02T10:00:00+00:00,602.784,0.485,NO,0,0.515,0.52,1321.23,69333.36,69414.78,-81.41999999999825,True,0,NO,True,0.017472,0.462528,69309.37,69414.78
KXBTC15M-26JUN020600-00,cli_predictor_polymarket_KXBTC15M-26JUN020600-00.csv,630,2026-06-02T09:49:30.502Z,2026-06-02T10:00:00+00:00,629.498,0.545,YES,1,0.545,0.55,125.91,69328.85,69414.78,-85.92999999999302,False,0,NO,False,0.017325,-0.5673250000000001,69309.37,69414.78
KXBTC15M-26JUN020615-15,cli_predictor_polymarket_KXBTC15M-26JUN020615-15.csv,600,2026-06-02T10:05:02.757Z,2026-06-02T10:15:00+00:00,597.243,0.795,YES,1,0.795,0.8,61.0,69359.1,69321.26,37.84000000001106,True,1,YES,True,0.0112,0.18879999999999997,69583.15,69321.26
KXBTC15M-26JUN020615-15,cli_predictor_polymarket_KXBTC15M-26JUN020615-15.csv,630,2026-06-02T10:04:26.891Z,2026-06-02T10:15:00+00:00,633.109,0.585,YES,1,0.585,0.59,33.0,69350.31,69321.26,29.05000000000291,True,1,YES,True,0.016933000000000004,0.39306700000000006,69583.15,69321.26
KXBTC15M-26JUN020630-30,cli_predictor_polymarket_KXBTC15M-26JUN020630-30.csv,600,2026-06-02T10:20:02.210Z,2026-06-02T10:30:00+00:00,597.79,0.665,YES,1,0.665,0.67,2522.61,69573.58,69572.35,1.2299999999959255,True,0,NO,False,0.015477,-0.685477,69512.02,69572.35
KXBTC15M-26JUN020630-30,cli_predictor_polymarket_KXBTC15M-26JUN020630-30.csv,630,2026-06-02T10:19:31.223Z,2026-06-02T10:30:00+00:00,628.777,0.605,YES,1,0.605,0.61,515.0,69573.48,69572.35,1.1299999999901047,True,0,NO,False,0.016653,-0.626653,69512.02,69572.35
KXBTC15M-26JUN020645-45,cli_predictor_polymarket_KXBTC15M-26JUN020645-45.csv,600,2026-06-02T10:35:00.351Z,2026-06-02T10:45:00+00:00,599.649,0.12,NO,0,0.88,0.89,650.54,69486.96,69539.97,-53.00999999999476,True,0,NO,True,0.006853,0.10314699999999999,69373.84,69539.97
KXBTC15M-26JUN020645-45,cli_predictor_polymarket_KXBTC15M-26JUN020645-45.csv,630,2026-06-02T10:34:27.614Z,2026-06-02T10:45:00+00:00,632.386,0.22,NO,0,0.78,0.79,233.0,69552.37,69539.97,12.39999999999418,False,0,NO,True,0.011613,0.19838699999999995,69373.84,69539.97
KXBTC15M-26JUN020700-00,cli_predictor_polymarket_KXBTC15M-26JUN020700-00.csv,600,2026-06-02T10:50:00.896Z,2026-06-02T11:00:00+00:00,599.104,0.515,YES,1,0.515,0.52,199.0,69423.56,69382.11,41.44999999999709,True,1,YES,True,0.017472,0.462528,69562.4,69382.11
KXBTC15M-26JUN020700-00,cli_predictor_polymarket_KXBTC15M-26JUN020700-00.csv,630,2026-06-02T10:49:29.927Z,2026-06-02T11:00:00+00:00,630.073,0.4649999999999999,NO,0,0.5350000000000001,0.54,401.13,69415.21,69382.11,33.10000000000582,False,1,YES,False,0.017388,-0.557388,69562.4,69382.11
KXBTC15M-26JUN020715-15,cli_predictor_polymarket_KXBTC15M-26JUN020715-15.csv,600,2026-06-02T11:04:59.286Z,2026-06-02T11:15:00+00:00,600.714,0.18,NO,0,0.8200000000000001,0.83,2530.39,69515.2,69570.46,-55.26000000000931,True,0,NO,True,0.009877000000000004,0.16012300000000004,69413.57,69570.46
KXBTC15M-26JUN020715-15,cli_predictor_polymarket_KXBTC15M-26JUN020715-15.csv,630,2026-06-02T11:04:29.774Z,2026-06-02T11:15:00+00:00,630.226,0.225,NO,0,0.775,0.78,1170.0,69515.2,69570.46,-55.26000000000931,True,0,NO,True,0.012012,0.20798799999999998,69413.57,69570.46
KXBTC15M-26JUN020730-30,cli_predictor_polymarket_KXBTC15M-26JUN020730-30.csv,600,2026-06-02T11:19:57.532Z,2026-06-02T11:30:00+00:00,602.468,0.125,NO,0,0.875,0.88,5347.85,69400.14,69454.51,-54.36999999999534,True,0,NO,True,0.007392000000000001,0.112608,69390.86,69454.51
KXBTC15M-26JUN020730-30,cli_predictor_polymarket_KXBTC15M-26JUN020730-30.csv,630,2026-06-02T11:19:30.499Z,2026-06-02T11:30:00+00:00,629.501,0.125,NO,0,0.875,0.88,2260.45,69348.94,69454.51,-105.56999999999243,True,0,NO,True,0.007392000000000001,0.112608,69390.86,69454.51
KXBTC15M-26JUN020745-45,cli_predictor_polymarket_KXBTC15M-26JUN020745-45.csv,600,2026-06-02T11:35:00.729Z,2026-06-02T11:45:00+00:00,599.271,0.255,NO,0,0.745,0.75,2855.82,69327.01,69387.43,-60.419999999998254,True,0,NO,True,0.013125000000000001,0.236875,69382.74,69387.43
KXBTC15M-26JUN020745-45,cli_predictor_polymarket_KXBTC15M-26JUN020745-45.csv,630,2026-06-02T11:34:27.618Z,2026-06-02T11:45:00+00:00,632.382,0.235,NO,0,0.765,0.77,45.65,69363.75,69387.43,-23.679999999993015,True,0,NO,True,0.012397,0.217603,69382.74,69387.43
KXBTC15M-26JUN020800-00,cli_predictor_polymarket_KXBTC15M-26JUN020800-00.csv,600,2026-06-02T11:50:00.886Z,2026-06-02T12:00:00+00:00,599.114,0.725,YES,1,0.725,0.73,5.0,69452.73,69396.09,56.63999999999942,True,1,YES,True,0.013797000000000002,0.256203,69421.21,69396.09
KXBTC15M-26JUN020800-00,cli_predictor_polymarket_KXBTC15M-26JUN020800-00.csv,630,2026-06-02T11:49:28.420Z,2026-06-02T12:00:00+00:00,631.58,0.785,YES,1,0.785,0.79,1632.05,69437.56,69396.09,41.470000000001164,True,1,YES,True,0.011613,0.19838699999999995,69421.21,69396.09
KXBTC15M-26JUN020815-15,cli_predictor_polymarket_KXBTC15M-26JUN020815-15.csv,600,2026-06-02T12:04:58.976Z,2026-06-02T12:15:00+00:00,601.024,0.555,YES,1,0.555,0.56,1260.43,69400.36,69398.38,1.9799999999959255,True,0,NO,False,0.017248,-0.5772480000000001,69284.26,69398.38
KXBTC15M-26JUN020815-15,cli_predictor_polymarket_KXBTC15M-26JUN020815-15.csv,630,2026-06-02T12:04:28.327Z,2026-06-02T12:15:00+00:00,631.673,0.695,YES,1,0.695,0.7,443.79,69386.56,69398.38,-11.820000000006985,False,0,NO,False,0.014700000000000003,-0.7147,69284.26,69398.38
KXBTC15M-26JUN020830-30,cli_predictor_polymarket_KXBTC15M-26JUN020830-30.csv,600,2026-06-02T12:20:01.860Z,2026-06-02T12:30:00+00:00,598.14,0.185,NO,0,0.815,0.82,323.33,69154.25,69258.49,-104.24000000000524,True,0,NO,True,0.010332000000000003,0.16966800000000004,69201.98,69258.49
KXBTC15M-26JUN020830-30,cli_predictor_polymarket_KXBTC15M-26JUN020830-30.csv,630,2026-06-02T12:19:31.366Z,2026-06-02T12:30:00+00:00,628.634,0.235,NO,0,0.765,0.77,488.23,69169.75,69258.49,-88.74000000000524,True,0,NO,True,0.012397,0.217603,69201.98,69258.49
KXBTC15M-26JUN020845-45,cli_predictor_polymarket_KXBTC15M-26JUN020845-45.csv,600,2026-06-02T12:34:57.368Z,2026-06-02T12:45:00+00:00,602.632,0.205,NO,0,0.795,0.8,2656.41,69085.42,69189.08,-103.66000000000349,True,0,NO,True,0.0112,0.18879999999999997,69123.68,69189.08
KXBTC15M-26JUN020845-45,cli_predictor_polymarket_KXBTC15M-26JUN020845-45.csv,630,2026-06-02T12:34:31.855Z,2026-06-02T12:45:00+00:00,628.145,0.235,NO,0,0.765,0.77,2846.55,69127.25,69189.08,-61.830000000001746,True,0,NO,True,0.012397,0.217603,69123.68,69189.08
KXBTC15M-26JUN020900-00,cli_predictor_polymarket_KXBTC15M-26JUN020900-00.csv,600,2026-06-02T12:49:57.625Z,2026-06-02T13:00:00+00:00,602.375,0.285,NO,0,0.7150000000000001,0.72,320.82,69046.09,69129.56,-83.47000000000116,True,0,NO,True,0.014112000000000001,0.265888,68988.7,69129.56
KXBTC15M-26JUN020900-00,cli_predictor_polymarket_KXBTC15M-26JUN020900-00.csv,630,2026-06-02T12:49:30.091Z,2026-06-02T13:00:00+00:00,629.909,0.305,NO,0,0.6950000000000001,0.7,2785.29,69061.67,69129.56,-67.88999999999942,True,0,NO,True,0.014700000000000003,0.28530000000000005,68988.7,69129.56
KXBTC15M-26JUN020915-15,cli_predictor_polymarket_KXBTC15M-26JUN020915-15.csv,600,2026-06-02T13:05:02.126Z,2026-06-02T13:15:00+00:00,597.874,0.635,YES,1,0.635,0.64,400.0,69063.68,68975.68,88.0,True,0,NO,False,0.016128000000000003,-0.656128,68847.47,68975.68
KXBTC15M-26JUN020915-15,cli_predictor_polymarket_KXBTC15M-26JUN020915-15.csv,630,2026-06-02T13:04:32.407Z,2026-06-02T13:15:00+00:00,627.593,0.685,YES,1,0.685,0.69,866.24,69073.11,68975.68,97.43000000000757,True,0,NO,False,0.014973000000000004,-0.704973,68847.47,68975.68
KXBTC15M-26JUN020930-30,cli_predictor_polymarket_KXBTC15M-26JUN020930-30.csv,600,2026-06-02T13:19:58.493Z,2026-06-02T13:30:00+00:00,601.507,0.675,YES,1,0.675,0.68,283.52,68952.06,68855.95,96.11000000000058,True,1,YES,True,0.015232,0.30476799999999993,68913.23,68855.95
KXBTC15M-26JUN020930-30,cli_predictor_polymarket_KXBTC15M-26JUN020930-30.csv,630,2026-06-02T13:19:27.526Z,2026-06-02T13:30:00+00:00,632.474,0.725,YES,1,0.725,0.73,364.28,68952.06,68855.95,96.11000000000058,True,1,YES,True,0.013797000000000002,0.256203,68913.23,68855.95
KXBTC15M-26JUN020945-45,cli_predictor_polymarket_KXBTC15M-26JUN020945-45.csv,600,2026-06-02T13:34:58.421Z,2026-06-02T13:45:00+00:00,601.579,0.305,NO,0,0.6950000000000001,0.7,30.89,68850.18,68923.35,-73.1700000000128,True,0,NO,True,0.014700000000000003,0.28530000000000005,68790.61,68923.35
KXBTC15M-26JUN020945-45,cli_predictor_polymarket_KXBTC15M-26JUN020945-45.csv,630,2026-06-02T13:34:29.215Z,2026-06-02T13:45:00+00:00,630.785,0.275,NO,0,0.725,0.73,3550.38,68965.62,68923.35,42.26999999998952,False,0,NO,True,0.013797000000000002,0.256203,68790.61,68923.35
KXBTC15M-26JUN021000-00,cli_predictor_polymarket_KXBTC15M-26JUN021000-00.csv,600,2026-06-02T13:49:58.014Z,2026-06-02T14:00:00+00:00,601.986,0.505,YES,1,0.505,0.51,648.87,68760.45,68786.72,-26.270000000004075,False,0,NO,False,0.017493,-0.527493,68679.25,68786.72
KXBTC15M-26JUN021000-00,cli_predictor_polymarket_KXBTC15M-26JUN021000-00.csv,630,2026-06-02T13:49:31.935Z,2026-06-02T14:00:00+00:00,628.065,0.445,NO,0,0.5549999999999999,0.56,512.47,68767.75,68786.72,-18.970000000001164,True,0,NO,True,0.017248,0.42275199999999996,68679.25,68786.72
KXBTC15M-26JUN021015-15,cli_predictor_polymarket_KXBTC15M-26JUN021015-15.csv,600,2026-06-02T14:04:57.295Z,2026-06-02T14:15:00+00:00,602.705,0.165,NO,0,0.835,0.84,2491.17,68535.49,68680.28,-144.7899999999936,True,0,NO,True,0.009408000000000003,0.15059200000000003,68471.35,68680.28
KXBTC15M-26JUN021015-15,cli_predictor_polymarket_KXBTC15M-26JUN021015-15.csv,630,2026-06-02T14:04:28.980Z,2026-06-02T14:15:00+00:00,631.02,0.175,NO,0,0.825,0.83,3417.24,68541.59,68680.28,-138.69000000000233,True,0,NO,True,0.009877000000000004,0.16012300000000004,68471.35,68680.28
KXBTC15M-26JUN021030-30,cli_predictor_polymarket_KXBTC15M-26JUN021030-30.csv,600,2026-06-02T14:20:00.971Z,2026-06-02T14:30:00+00:00,599.029,0.075,NO,0,0.925,0.927,146.35,68274.31,68508.39,-234.08000000000175,True,0,NO,True,0.0047369699999999975,0.06826302999999996,67758.25,68508.39
KXBTC15M-26JUN021030-30,cli_predictor_polymarket_KXBTC15M-26JUN021030-30.csv,630,2026-06-02T14:19:32.335Z,2026-06-02T14:30:00+00:00,627.665,0.0965,NO,0,0.9035,0.904,37.0,68280.9,68508.39,-227.49000000000524,True,0,NO,True,0.006074879999999999,0.08992511999999997,67758.25,68508.39
KXBTC15M-26JUN021045-45,cli_predictor_polymarket_KXBTC15M-26JUN021045-45.csv,600,2026-06-02T14:35:01.128Z,2026-06-02T14:45:00+00:00,598.872,0.765,YES,1,0.765,0.77,814.34,67991.66,67790.3,201.36000000000058,True,0,NO,False,0.012397,-0.782397,67778.72,67790.3
KXBTC15M-26JUN021045-45,cli_predictor_polymarket_KXBTC15M-26JUN021045-45.csv,630,2026-06-02T14:34:32.492Z,2026-06-02T14:45:00+00:00,627.508,0.8200000000000001,YES,1,0.8200000000000001,0.83,150.94,68000.26,67790.3,209.95999999999185,True,0,NO,False,0.009877000000000004,-0.839877,67778.72,67790.3
KXBTC15M-26JUN021100-00,cli_predictor_polymarket_KXBTC15M-26JUN021100-00.csv,600,2026-06-02T14:50:01.141Z,2026-06-02T15:00:00+00:00,598.859,0.895,YES,1,0.895,0.9,50.0,68117.18,67861.82,255.35999999998603,True,1,YES,True,0.0063,0.09369999999999998,67912.31,67861.82
KXBTC15M-26JUN021100-00,cli_predictor_polymarket_KXBTC15M-26JUN021100-00.csv,630,2026-06-02T14:49:28.334Z,2026-06-02T15:00:00+00:00,631.666,0.885,YES,1,0.885,0.89,824.81,68128.45,67861.82,266.6299999999901,True,1,YES,True,0.006853,0.10314699999999999,67912.31,67861.82
KXBTC15M-26JUN021115-15,cli_predictor_polymarket_KXBTC15M-26JUN021115-15.csv,600,2026-06-02T15:04:57.944Z,2026-06-02T15:15:00+00:00,602.056,0.325,NO,0,0.675,0.68,195.0,67725.4,67876.14,-150.74000000000524,True,0,NO,True,0.015232,0.30476799999999993,67706.38,67876.14
KXBTC15M-26JUN021115-15,cli_predictor_polymarket_KXBTC15M-26JUN021115-15.csv,630,2026-06-02T15:04:29.295Z,2026-06-02T15:15:00+00:00,630.705,0.405,NO,0,0.595,0.6,962.0,67792.0,67876.14,-84.13999999999942,True,0,NO,True,0.016800000000000002,0.38320000000000004,67706.38,67876.14
KXBTC15M-26JUN021130-30,cli_predictor_polymarket_KXBTC15M-26JUN021130-30.csv,600,2026-06-02T15:20:00.967Z,2026-06-02T15:30:00+00:00,599.033,0.235,NO,0,0.765,0.77,12.77,67606.83,67711.8,-104.97000000000116,True,0,NO,True,0.012397,0.217603,67416.99,67711.8
KXBTC15M-26JUN021130-30,cli_predictor_polymarket_KXBTC15M-26JUN021130-30.csv,630,2026-06-02T15:19:27.054Z,2026-06-02T15:30:00+00:00,632.946,0.225,NO,0,0.775,0.78,230.0,67602.74,67711.8,-109.05999999999767,True,0,NO,True,0.012012,0.20798799999999998,67416.99,67711.8
KXBTC15M-26JUN021145-45,cli_predictor_polymarket_KXBTC15M-26JUN021145-45.csv,600,2026-06-02T15:34:59.375Z,2026-06-02T15:45:00+00:00,600.625,0.195,NO,0,0.8049999999999999,0.81,61.71,67380.65,67372.35,8.299999999988358,False,0,NO,True,0.010772999999999998,0.17922699999999994,67225.08,67372.35
KXBTC15M-26JUN021145-45,cli_predictor_polymarket_KXBTC15M-26JUN021145-45.csv,630,2026-06-02T15:34:30.575Z,2026-06-02T15:45:00+00:00,629.425,0.245,NO,0,0.755,0.76,7203.89,67380.65,67372.35,8.299999999988358,False,0,NO,True,0.012768,0.227232,67225.08,67372.35
KXBTC15M-26JUN021200-00,cli_predictor_polymarket_KXBTC15M-26JUN021200-00.csv,600,2026-06-02T15:49:57.928Z,2026-06-02T16:00:00+00:00,602.072,0.265,NO,0,0.735,0.74,3708.49,67223.25,67176.06,47.19000000000233,False,1,YES,False,0.013468000000000003,-0.753468,67190.62,67176.06
KXBTC15M-26JUN021200-00,cli_predictor_polymarket_KXBTC15M-26JUN021200-00.csv,630,2026-06-02T15:49:28.578Z,2026-06-02T16:00:00+00:00,631.422,0.375,NO,0,0.625,0.63,97.77,67212.65,67176.06,36.58999999999651,False,1,YES,False,0.016317,-0.646317,67190.62,67176.06
KXBTC15M-26JUN021215-15,cli_predictor_polymarket_KXBTC15M-26JUN021215-15.csv,600,2026-06-02T16:04:59.217Z,2026-06-02T16:15:00+00:00,600.783,0.775,YES,1,0.775,0.78,98.0,67238.33,67192.48,45.85000000000582,True,1,YES,True,0.012012,0.20798799999999998,67769.36,67192.48
KXBTC15M-26JUN021215-15,cli_predictor_polymarket_KXBTC15M-26JUN021215-15.csv,630,2026-06-02T16:04:32.418Z,2026-06-02T16:15:00+00:00,627.582,0.705,YES,1,0.705,0.71,249.72,67269.2,67192.48,76.72000000000116,True,1,YES,True,0.014413000000000002,0.275587,67769.36,67192.48
KXBTC15M-26JUN021230-30,cli_predictor_polymarket_KXBTC15M-26JUN021230-30.csv,600,2026-06-02T16:20:01.395Z,2026-06-02T16:30:00+00:00,598.605,0.795,YES,1,0.795,0.8,3915.76,67853.88,67817.93,35.95000000001164,True,0,NO,False,0.0112,-0.8112,67753.93,67817.93
KXBTC15M-26JUN021230-30,cli_predictor_polymarket_KXBTC15M-26JUN021230-30.csv,630,2026-06-02T16:19:28.259Z,2026-06-02T16:30:00+00:00,631.741,0.755,YES,1,0.755,0.76,283.33,67943.77,67817.93,125.84000000001106,True,0,NO,False,0.012768,-0.772768,67753.93,67817.93
KXBTC15M-26JUN021245-45,cli_predictor_polymarket_KXBTC15M-26JUN021245-45.csv,600,2026-06-02T16:35:01.792Z,2026-06-02T16:45:00+00:00,598.208,0.385,NO,0,0.615,0.62,139.84,67705.92,67717.23,-11.309999999997672,True,0,NO,True,0.016492,0.363508,67514.07,67717.23
KXBTC15M-26JUN021245-45,cli_predictor_polymarket_KXBTC15M-26JUN021245-45.csv,630,2026-06-02T16:34:29.373Z,2026-06-02T16:45:00+00:00,630.627,0.385,NO,0,0.615,0.62,268.25,67675.9,67717.23,-41.330000000001746,True,0,NO,True,0.016492,0.363508,67514.07,67717.23
KXBTC15M-26JUN021300-00,cli_predictor_polymarket_KXBTC15M-26JUN021300-00.csv,600,2026-06-02T16:49:58.575Z,2026-06-02T17:00:00+00:00,601.425,0.815,YES,1,0.815,0.82,885.87,67647.43,67527.45,119.97999999999593,True,0,NO,False,0.010332000000000003,-0.830332,67360.63,67527.45
KXBTC15M-26JUN021300-00,cli_predictor_polymarket_KXBTC15M-26JUN021300-00.csv,630,2026-06-02T16:49:30.753Z,2026-06-02T17:00:00+00:00,629.247,0.815,YES,1,0.815,0.82,1451.17,67604.03,67527.45,76.58000000000175,True,0,NO,False,0.010332000000000003,-0.830332,67360.63,67527.45
KXBTC15M-26JUN021315-15,cli_predictor_polymarket_KXBTC15M-26JUN021315-15.csv,600,2026-06-02T17:04:57.768Z,2026-06-02T17:15:00+00:00,602.232,0.715,YES,1,0.715,0.72,128.0,67399.74,67317.28,82.4600000000064,True,1,YES,True,0.014112000000000001,0.265888,67372.42,67317.28
KXBTC15M-26JUN021315-15,cli_predictor_polymarket_KXBTC15M-26JUN021315-15.csv,630,2026-06-02T17:04:29.139Z,2026-06-02T17:15:00+00:00,630.861,0.795,YES,1,0.795,0.8,3604.79,67445.5,67317.28,128.22000000000116,True,1,YES,True,0.0112,0.18879999999999997,67372.42,67317.28
KXBTC15M-26JUN021330-30,cli_predictor_polymarket_KXBTC15M-26JUN021330-30.csv,600,2026-06-02T17:20:00.036Z,2026-06-02T17:30:00+00:00,599.964,0.725,YES,1,0.725,0.73,31.32,67413.67,67380.06,33.61000000000058,True,1,YES,True,0.013797000000000002,0.256203,67662.87,67380.06
KXBTC15M-26JUN021330-30,cli_predictor_polymarket_KXBTC15M-26JUN021330-30.csv,630,2026-06-02T17:19:28.408Z,2026-06-02T17:30:00+00:00,631.592,0.62,YES,1,0.62,0.63,3815.38,67419.37,67380.06,39.30999999999767,True,1,YES,True,0.016317,0.35368299999999997,67662.87,67380.06
KXBTC15M-26JUN021345-45,cli_predictor_polymarket_KXBTC15M-26JUN021345-45.csv,600,2026-06-02T17:34:58.654Z,2026-06-02T17:45:00+00:00,601.346,0.235,NO,0,0.765,0.77,768.67,67514.45,67622.08,-107.63000000000466,True,0,NO,True,0.012397,0.217603,67390.16,67622.08
KXBTC15M-26JUN021345-45,cli_predictor_polymarket_KXBTC15M-26JUN021345-45.csv,630,2026-06-02T17:34:31.215Z,2026-06-02T17:45:00+00:00,628.785,0.195,NO,0,0.8049999999999999,0.81,4299.96,67527.85,67622.08,-94.22999999999593,True,0,NO,True,0.010772999999999998,0.17922699999999994,67390.16,67622.08
KXBTC15M-26JUN021400-00,cli_predictor_polymarket_KXBTC15M-26JUN021400-00.csv,600,2026-06-02T17:49:57.608Z,2026-06-02T18:00:00+00:00,602.392,0.375,NO,0,0.625,0.63,430.77,67329.48,67387.22,-57.74000000000524,True,0,NO,True,0.016317,0.35368299999999997,67380.01,67387.22
KXBTC15M-26JUN021400-00,cli_predictor_polymarket_KXBTC15M-26JUN021400-00.csv,630,2026-06-02T17:49:28.502Z,2026-06-02T18:00:00+00:00,631.498,0.335,NO,0,0.665,0.67,510.58,67352.81,67387.22,-34.41000000000349,True,0,NO,True,0.015477,0.31452299999999994,67380.01,67387.22
KXBTC15M-26JUN021415-15,cli_predictor_polymarket_KXBTC15M-26JUN021415-15.csv,600,2026-06-02T18:04:59.369Z,2026-06-02T18:15:00+00:00,600.631,0.625,YES,1,0.625,0.63,1362.87,67406.03,67390.43,15.60000000000582,True,1,YES,True,0.016317,0.35368299999999997,67493.43,67390.43
KXBTC15M-26JUN021415-15,cli_predictor_polymarket_KXBTC15M-26JUN021415-15.csv,630,2026-06-02T18:04:31.612Z,2026-06-02T18:15:00+00:00,628.388,0.585,YES,1,0.585,0.59,938.05,67461.78,67390.43,71.35000000000582,True,1,YES,True,0.016933000000000004,0.39306700000000006,67493.43,67390.43
KXBTC15M-26JUN021430-30,cli_predictor_polymarket_KXBTC15M-26JUN021430-30.csv,600,2026-06-02T18:20:01.054Z,2026-06-02T18:30:00+00:00,598.946,0.275,NO,0,0.725,0.73,734.62,67427.37,67505.29,-77.91999999999825,True,0,NO,True,0.013797000000000002,0.256203,67323.89,67505.29
KXBTC15M-26JUN021430-30,cli_predictor_polymarket_KXBTC15M-26JUN021430-30.csv,630,2026-06-02T18:19:28.335Z,2026-06-02T18:30:00+00:00,631.665,0.295,NO,0,0.7050000000000001,0.71,3733.69,67508.47,67505.29,3.180000000007567,False,0,NO,True,0.014413000000000002,0.275587,67323.89,67505.29
KXBTC15M-26JUN021445-45,cli_predictor_polymarket_KXBTC15M-26JUN021445-45.csv,630,2026-06-02T18:34:29.047Z,2026-06-02T18:45:00+00:00,630.953,0.395,NO,0,0.605,0.61,479.65,67206.21,67244.09,-37.879999999990105,True,0,NO,True,0.016653,0.373347,67189.63,67244.09
KXBTC15M-26JUN021500-00,cli_predictor_polymarket_KXBTC15M-26JUN021500-00.csv,600,2026-06-02T18:49:57.536Z,2026-06-02T19:00:00+00:00,602.464,0.545,YES,1,0.545,0.55,3739.18,67181.71,67175.84,5.870000000009895,True,1,YES,True,0.017325,0.432675,67235.88,67175.84
KXBTC15M-26JUN021500-00,cli_predictor_polymarket_KXBTC15M-26JUN021500-00.csv,630,2026-06-02T18:49:30.966Z,2026-06-02T19:00:00+00:00,629.034,0.525,YES,1,0.525,0.53,35.0,67181.88,67175.84,6.040000000008149,True,1,YES,True,0.017437,0.452563,67235.88,67175.84
KXBTC15M-26JUN021515-15,cli_predictor_polymarket_KXBTC15M-26JUN021515-15.csv,630,2026-06-02T19:04:32.742Z,2026-06-02T19:15:00+00:00,627.258,0.355,NO,0,0.645,0.65,1484.84,67201.07,67243.58,-42.50999999999476,True,0,NO,True,0.015925,0.33407499999999996,67242.55,67243.58
KXBTC15M-26JUN021530-30,cli_predictor_polymarket_KXBTC15M-26JUN021530-30.csv,600,2026-06-02T19:20:00.264Z,2026-06-02T19:30:00+00:00,599.736,0.125,NO,0,0.875,0.88,221.0,67098.35,67236.57,-138.22000000000116,True,0,NO,True,0.007392000000000001,0.112608,66946.45,67236.57
KXBTC15M-26JUN021530-30,cli_predictor_polymarket_KXBTC15M-26JUN021530-30.csv,630,2026-06-02T19:19:27.549Z,2026-06-02T19:30:00+00:00,632.451,0.135,NO,0,0.865,0.87,3521.4,67111.36,67236.57,-125.2100000000064,True,0,NO,True,0.007917,0.122083,66946.45,67236.57
KXBTC15M-26JUN021545-45,cli_predictor_polymarket_KXBTC15M-26JUN021545-45.csv,600,2026-06-02T19:34:59.375Z,2026-06-02T19:45:00+00:00,600.625,0.0605,NO,0,0.9395,0.94,8.23,66634.91,66898.14,-263.2299999999959,True,0,NO,True,0.003948000000000004,0.056052000000000046,66833.17,66898.14
KXBTC15M-26JUN021545-45,cli_predictor_polymarket_KXBTC15M-26JUN021545-45.csv,630,2026-06-02T19:34:27.535Z,2026-06-02T19:45:00+00:00,632.465,0.0815,NO,0,0.9185,0.92,74.0,66634.01,66898.14,-264.13000000000466,True,0,NO,True,0.005151999999999999,0.07484799999999996,66833.17,66898.14
KXBTC15M-26JUN021600-00,cli_predictor_polymarket_KXBTC15M-26JUN021600-00.csv,600,2026-06-02T19:50:00.026Z,2026-06-02T20:00:00+00:00,599.974,0.885,YES,1,0.885,0.89,455.41,67008.16,66835.26,172.90000000000873,True,1,YES,True,0.006853,0.10314699999999999,67126.26,66835.26
KXBTC15M-26JUN021600-00,cli_predictor_polymarket_KXBTC15M-26JUN021600-00.csv,630,2026-06-02T19:49:32.568Z,2026-06-02T20:00:00+00:00,627.432,0.815,YES,1,0.815,0.82,3866.65,66997.28,66835.26,162.02000000000407,True,1,YES,True,0.010332000000000003,0.16966800000000004,67126.26,66835.26
KXBTC15M-26JUN021615-15,cli_predictor_polymarket_KXBTC15M-26JUN021615-15.csv,600,2026-06-02T20:05:00.907Z,2026-06-02T20:15:00+00:00,599.093,0.525,YES,1,0.525,0.53,51.47,67036.88,67180.88,-144.0,False,1,YES,True,0.017437,0.452563,67269.72,67180.88
KXBTC15M-26JUN021615-15,cli_predictor_polymarket_KXBTC15M-26JUN021615-15.csv,630,2026-06-02T20:04:28.338Z,2026-06-02T20:15:00+00:00,631.662,0.475,NO,0,0.525,0.53,933.2,67024.24,67180.88,-156.63999999999942,True,1,YES,False,0.017437,-0.5474370000000001,67269.72,67180.88
KXBTC15M-26JUN021630-30,cli_predictor_polymarket_KXBTC15M-26JUN021630-30.csv,600,2026-06-02T20:20:02.348Z,2026-06-02T20:30:00+00:00,597.652,0.0895,NO,0,0.9105,0.911,50.0,67093.49,67267.84,-174.34999999999127,True,0,NO,True,0.005675529999999999,0.08332446999999997,66820.08,67267.84
KXBTC15M-26JUN021630-30,cli_predictor_polymarket_KXBTC15M-26JUN021630-30.csv,630,2026-06-02T20:19:27.941Z,2026-06-02T20:30:00+00:00,632.059,0.0865,NO,0,0.9135,0.915,40.0,67020.66,67267.84,-247.17999999999302,True,0,NO,True,0.005444249999999999,0.07955574999999997,66820.08,67267.84
KXBTC15M-26JUN021645-45,cli_predictor_polymarket_KXBTC15M-26JUN021645-45.csv,600,2026-06-02T20:34:57.138Z,2026-06-02T20:45:00+00:00,602.862,0.9155,YES,1,0.9155,0.916,241.09,67172.21,66855.14,317.070000000007,True,1,YES,True,0.005386079999999999,0.07861391999999996,67168.09,66855.14
KXBTC15M-26JUN021645-45,cli_predictor_polymarket_KXBTC15M-26JUN021645-45.csv,630,2026-06-02T20:34:30.728Z,2026-06-02T20:45:00+00:00,629.272,0.9415,YES,1,0.9415,0.943,200.0,67182.56,66855.14,327.41999999999825,True,1,YES,True,0.0037625700000000033,0.053237430000000044,67168.09,66855.14
KXBTC15M-26JUN021700-00,cli_predictor_polymarket_KXBTC15M-26JUN021700-00.csv,600,2026-06-02T20:49:58.967Z,2026-06-02T21:00:00+00:00,601.033,0.9095,YES,1,0.9095,0.91,67.14,67377.69,67181.16,196.52999999999884,True,1,YES,True,0.0057329999999999985,0.08426699999999997,67493.51,67181.16
KXBTC15M-26JUN021700-00,cli_predictor_polymarket_KXBTC15M-26JUN021700-00.csv,630,2026-06-02T20:49:29.138Z,2026-06-02T21:00:00+00:00,630.862,0.916,YES,1,0.916,0.919,1317.27,67260.67,67181.16,79.50999999999476,True,1,YES,True,0.0052107299999999985,0.07578926999999996,67493.51,67181.16
KXBTC15M-26JUN021715-15,cli_predictor_polymarket_KXBTC15M-26JUN021715-15.csv,600,2026-06-02T21:05:00.415Z,2026-06-02T21:15:00+00:00,599.585,0.425,NO,0,0.575,0.58,1376.8,67535.84,67498.77,37.06999999999243,False,0,NO,True,0.017052000000000005,0.40294800000000003,67322.82,67498.77
KXBTC15M-26JUN021715-15,cli_predictor_polymarket_KXBTC15M-26JUN021715-15.csv,630,2026-06-02T21:04:27.933Z,2026-06-02T21:15:00+00:00,632.067,0.385,NO,0,0.615,0.62,19.0,67570.26,67498.77,71.48999999999069,False,0,NO,True,0.016492,0.363508,67322.82,67498.77
KXBTC15M-26JUN021730-30,cli_predictor_polymarket_KXBTC15M-26JUN021730-30.csv,600,2026-06-02T21:19:58.414Z,2026-06-02T21:30:00+00:00,601.586,0.9265,YES,1,0.9265,0.927,78.45,67560.77,67362.78,197.99000000000524,True,1,YES,True,0.0047369699999999975,0.06826302999999996,67732.54,67362.78
KXBTC15M-26JUN021730-30,cli_predictor_polymarket_KXBTC15M-26JUN021730-30.csv,630,2026-06-02T21:19:28.008Z,2026-06-02T21:30:00+00:00,631.992,0.9205,YES,1,0.9205,0.921,942.86,67574.41,67362.78,211.63000000000466,True,1,YES,True,0.005093129999999999,0.07390686999999996,67732.54,67362.78
KXBTC15M-26JUN021745-45,cli_predictor_polymarket_KXBTC15M-26JUN021745-45.csv,600,2026-06-02T21:34:57.772Z,2026-06-02T21:45:00+00:00,602.228,0.675,YES,1,0.675,0.68,1621.15,67761.33,67751.95,9.380000000004657,True,0,NO,False,0.015232,-0.6952320000000001,67657.79,67751.95
KXBTC15M-26JUN021745-45,cli_predictor_polymarket_KXBTC15M-26JUN021745-45.csv,630,2026-06-02T21:34:27.621Z,2026-06-02T21:45:00+00:00,632.379,0.615,YES,1,0.615,0.62,34.9,67777.63,67751.95,25.680000000007567,True,0,NO,False,0.016492,-0.636492,67657.79,67751.95
KXBTC15M-26JUN021800-00,cli_predictor_polymarket_KXBTC15M-26JUN021800-00.csv,600,2026-06-02T21:50:00.498Z,2026-06-02T22:00:00+00:00,599.502,0.185,NO,0,0.815,0.82,1196.47,67584.42,67637.68,-53.25999999999476,True,0,NO,True,0.010332000000000003,0.16966800000000004,67478.47,67637.68
KXBTC15M-26JUN021800-00,cli_predictor_polymarket_KXBTC15M-26JUN021800-00.csv,630,2026-06-02T21:49:29.699Z,2026-06-02T22:00:00+00:00,630.301,0.255,NO,0,0.745,0.75,885.25,67594.54,67637.68,-43.13999999999942,True,0,NO,True,0.013125000000000001,0.236875,67478.47,67637.68
KXBTC15M-26JUN021815-15,cli_predictor_polymarket_KXBTC15M-26JUN021815-15.csv,600,2026-06-02T22:05:02.246Z,2026-06-02T22:15:00+00:00,597.754,0.1149999999999999,NO,0,0.8850000000000001,0.89,8733.18,67271.68,67481.21,-209.5300000000134,True,0,NO,True,0.006853,0.10314699999999999,67131.32,67481.21
KXBTC15M-26JUN021815-15,cli_predictor_polymarket_KXBTC15M-26JUN021815-15.csv,630,2026-06-02T22:04:31.691Z,2026-06-02T22:15:00+00:00,628.309,0.0915,NO,0,0.9085,0.909,706.56,67305.88,67481.21,-175.33000000000175,True,0,NO,True,0.005790329999999999,0.08520966999999997,67131.32,67481.21
KXBTC15M-26JUN021830-30,cli_predictor_polymarket_KXBTC15M-26JUN021830-30.csv,600,2026-06-02T22:19:59.613Z,2026-06-02T22:30:00+00:00,600.387,0.155,NO,0,0.845,0.85,306.63,66932.44,67147.1,-214.6600000000035,True,1,YES,False,0.008925000000000002,-0.8589249999999999,67239.63,67147.1
KXBTC15M-26JUN021830-30,cli_predictor_polymarket_KXBTC15M-26JUN021830-30.csv,630,2026-06-02T22:19:32.095Z,2026-06-02T22:30:00+00:00,627.905,0.125,NO,0,0.875,0.88,157.95,67013.85,67147.1,-133.25,True,1,YES,False,0.007392000000000001,-0.887392,67239.63,67147.1
KXBTC15M-26JUN021845-45,cli_predictor_polymarket_KXBTC15M-26JUN021845-45.csv,600,2026-06-02T22:34:59.064Z,2026-06-02T22:45:00+00:00,600.936,0.0515,NO,0,0.9485,0.95,630.01,66998.42,67247.97,-249.5500000000029,True,0,NO,True,0.0033250000000000033,0.04667500000000004,66797.25,67247.97
KXBTC15M-26JUN021845-45,cli_predictor_polymarket_KXBTC15M-26JUN021845-45.csv,630,2026-06-02T22:34:32.334Z,2026-06-02T22:45:00+00:00,627.666,0.0825,NO,0,0.9175,0.92,197.0,67115.05,67247.97,-132.91999999999825,True,0,NO,True,0.005151999999999999,0.07484799999999996,66797.25,67247.97
KXBTC15M-26JUN021900-00,cli_predictor_polymarket_KXBTC15M-26JUN021900-00.csv,600,2026-06-02T22:50:01.303Z,2026-06-02T23:00:00+00:00,598.697,0.14,NO,0,0.86,0.87,2324.0,66590.5,66867.76,-277.25999999999476,True,0,NO,True,0.007917,0.122083,66267.22,66867.76
KXBTC15M-26JUN021900-00,cli_predictor_polymarket_KXBTC15M-26JUN021900-00.csv,630,2026-06-02T22:49:32.486Z,2026-06-02T23:00:00+00:00,627.514,0.084,NO,0,0.916,0.917,642.65,66562.22,66867.76,-305.5399999999936,True,0,NO,True,0.005327769999999998,0.07767222999999997,66267.22,66867.76
KXBTC15M-26JUN021915-15,cli_predictor_polymarket_KXBTC15M-26JUN021915-15.csv,600,2026-06-02T23:04:57.937Z,2026-06-02T23:15:00+00:00,602.063,0.455,NO,0,0.5449999999999999,0.55,697.62,66163.69,66251.23,-87.5399999999936,True,1,YES,False,0.017325,-0.5673250000000001,66593.68,66251.23
KXBTC15M-26JUN021915-15,cli_predictor_polymarket_KXBTC15M-26JUN021915-15.csv,630,2026-06-02T23:04:28.978Z,2026-06-02T23:15:00+00:00,631.022,0.395,NO,0,0.605,0.61,2340.85,66233.14,66251.23,-18.089999999996508,True,1,YES,False,0.016653,-0.626653,66593.68,66251.23
KXBTC15M-26JUN021930-30,cli_predictor_polymarket_KXBTC15M-26JUN021930-30.csv,600,2026-06-02T23:20:01.237Z,2026-06-02T23:30:00+00:00,598.763,0.245,NO,0,0.755,0.76,3392.16,66488.24,66570.71,-82.47000000000116,True,0,NO,True,0.012768,0.227232,66354.21,66570.71
KXBTC15M-26JUN021930-30,cli_predictor_polymarket_KXBTC15M-26JUN021930-30.csv,630,2026-06-02T23:19:30.018Z,2026-06-02T23:30:00+00:00,629.982,0.395,NO,0,0.605,0.61,191.0,66593.28,66570.71,22.569999999992433,False,0,NO,True,0.016653,0.373347,66354.21,66570.71
KXBTC15M-26JUN021945-45,cli_predictor_polymarket_KXBTC15M-26JUN021945-45.csv,600,2026-06-02T23:35:01.293Z,2026-06-02T23:45:00+00:00,598.707,0.735,YES,1,0.735,0.74,356.23,66451.36,66334.73,116.63000000000466,True,1,YES,True,0.013468000000000003,0.246532,66558.34,66334.73
KXBTC15M-26JUN021945-45,cli_predictor_polymarket_KXBTC15M-26JUN021945-45.csv,630,2026-06-02T23:34:29.055Z,2026-06-02T23:45:00+00:00,630.945,0.775,YES,1,0.775,0.78,1119.78,66471.66,66334.73,136.93000000000757,True,1,YES,True,0.012012,0.20798799999999998,66558.34,66334.73
KXBTC15M-26JUN022000-00,cli_predictor_polymarket_KXBTC15M-26JUN022000-00.csv,600,2026-06-02T23:49:58.811Z,2026-06-03T00:00:00+00:00,601.189,0.705,YES,1,0.705,0.71,64.0,66678.95,66596.1,82.84999999999127,True,1,YES,True,0.014413000000000002,0.275587,66732.69,66596.1
KXBTC15M-26JUN022000-00,cli_predictor_polymarket_KXBTC15M-26JUN022000-00.csv,630,2026-06-02T23:49:31.936Z,2026-06-03T00:00:00+00:00,628.064,0.735,YES,1,0.735,0.74,1956.59,66686.24,66596.1,90.13999999999942,True,1,YES,True,0.013468000000000003,0.246532,66732.69,66596.1
KXBTC15M-26JUN022015-15,cli_predictor_polymarket_KXBTC15M-26JUN022015-15.csv,600,2026-06-03T00:05:00.816Z,2026-06-03T00:15:00+00:00,599.184,0.455,NO,0,0.5449999999999999,0.55,182.0,66701.08,66673.06,28.020000000004075,False,1,YES,False,0.017325,-0.5673250000000001,66734.01,66673.06
KXBTC15M-26JUN022015-15,cli_predictor_polymarket_KXBTC15M-26JUN022015-15.csv,630,2026-06-03T00:04:30.976Z,2026-06-03T00:15:00+00:00,629.024,0.525,YES,1,0.525,0.53,1393.97,66701.08,66673.06,28.020000000004075,True,1,YES,True,0.017437,0.452563,66734.01,66673.06
KXBTC15M-26JUN022030-30,cli_predictor_polymarket_KXBTC15M-26JUN022030-30.csv,600,2026-06-03T00:19:58.650Z,2026-06-03T00:30:00+00:00,601.35,0.9095,YES,1,0.9095,0.91,240.28,67008.62,66744.06,264.5599999999977,True,0,NO,False,0.0057329999999999985,-0.915733,66703.72,66744.06
KXBTC15M-26JUN022030-30,cli_predictor_polymarket_KXBTC15M-26JUN022030-30.csv,630,2026-06-03T00:19:29.454Z,2026-06-03T00:30:00+00:00,630.546,0.9065,YES,1,0.9065,0.907,50.0,66981.16,66744.06,237.10000000000582,True,0,NO,False,0.005904569999999999,-0.91290457,66703.72,66744.06
KXBTC15M-26JUN022045-45,cli_predictor_polymarket_KXBTC15M-26JUN022045-45.csv,600,2026-06-03T00:35:01.130Z,2026-06-03T00:45:00+00:00,598.87,0.885,YES,1,0.885,0.89,353.89,66903.04,66697.46,205.5799999999872,True,1,YES,True,0.006853,0.10314699999999999,66976.02,66697.46
KXBTC15M-26JUN022045-45,cli_predictor_polymarket_KXBTC15M-26JUN022045-45.csv,630,2026-06-03T00:34:30.092Z,2026-06-03T00:45:00+00:00,629.908,0.905,YES,1,0.905,0.906,1025.56,66903.04,66697.46,205.5799999999872,True,1,YES,True,0.005961479999999999,0.08803851999999997,66976.02,66697.46
KXBTC15M-26JUN022100-00,cli_predictor_polymarket_KXBTC15M-26JUN022100-00.csv,600,2026-06-03T00:49:58.086Z,2026-06-03T01:00:00+00:00,601.914,0.215,NO,0,0.785,0.79,845.77,66946.8,66982.38,-35.580000000001746,True,0,NO,True,0.011613,0.19838699999999995,66918.92,66982.38
KXBTC15M-26JUN022100-00,cli_predictor_polymarket_KXBTC15M-26JUN022100-00.csv,630,2026-06-03T00:49:31.052Z,2026-06-03T01:00:00+00:00,628.948,0.395,NO,0,0.605,0.61,873.59,66929.94,66982.38,-52.44000000000233,True,0,NO,True,0.016653,0.373347,66918.92,66982.38
KXBTC15M-26JUN022115-15,cli_predictor_polymarket_KXBTC15M-26JUN022115-15.csv,600,2026-06-03T01:05:01.549Z,2026-06-03T01:15:00+00:00,598.451,0.415,NO,0,0.585,0.59,46.0,66845.75,66871.53,-25.779999999998836,True,0,NO,True,0.016933000000000004,0.39306700000000006,66645.78,66871.53
KXBTC15M-26JUN022115-15,cli_predictor_polymarket_KXBTC15M-26JUN022115-15.csv,630,2026-06-03T01:04:30.010Z,2026-06-03T01:15:00+00:00,629.99,0.325,NO,0,0.675,0.68,2457.27,66702.39,66871.53,-169.13999999999942,True,0,NO,True,0.015232,0.30476799999999993,66645.78,66871.53
KXBTC15M-26JUN022130-30,cli_predictor_polymarket_KXBTC15M-26JUN022130-30.csv,600,2026-06-03T01:20:01.804Z,2026-06-03T01:30:00+00:00,598.196,0.685,YES,1,0.685,0.69,443.43,66843.63,66725.1,118.52999999999884,True,1,YES,True,0.014973000000000004,0.29502700000000004,66939.59,66725.1
KXBTC15M-26JUN022130-30,cli_predictor_polymarket_KXBTC15M-26JUN022130-30.csv,630,2026-06-03T01:19:30.104Z,2026-06-03T01:30:00+00:00,629.896,0.795,YES,1,0.795,0.8,2376.0,66847.8,66725.1,122.69999999999709,True,1,YES,True,0.0112,0.18879999999999997,66939.59,66725.1
KXBTC15M-26JUN022145-45,cli_predictor_polymarket_KXBTC15M-26JUN022145-45.csv,600,2026-06-03T01:34:59.766Z,2026-06-03T01:45:00+00:00,600.234,0.135,NO,0,0.865,0.87,97.74,66788.61,66949.43,-160.81999999999243,True,0,NO,True,0.007917,0.122083,66465.07,66949.43
KXBTC15M-26JUN022145-45,cli_predictor_polymarket_KXBTC15M-26JUN022145-45.csv,630,2026-06-03T01:34:27.698Z,2026-06-03T01:45:00+00:00,632.302,0.135,NO,0,0.865,0.87,121.0,66913.16,66949.43,-36.26999999998952,True,0,NO,True,0.007917,0.122083,66465.07,66949.43
KXBTC15M-26JUN022200-00,cli_predictor_polymarket_KXBTC15M-26JUN022200-00.csv,600,2026-06-03T01:49:58.102Z,2026-06-03T02:00:00+00:00,601.898,0.855,YES,1,0.855,0.86,3442.88,66551.8,66418.78,133.02000000000407,True,1,YES,True,0.008428000000000001,0.13157200000000002,66829.52,66418.78
KXBTC15M-26JUN022200-00,cli_predictor_polymarket_KXBTC15M-26JUN022200-00.csv,630,2026-06-03T01:49:28.180Z,2026-06-03T02:00:00+00:00,631.82,0.745,YES,1,0.745,0.75,362.48,66470.16,66418.78,51.38000000000466,True,1,YES,True,0.013125000000000001,0.236875,66829.52,66418.78
KXBTC15M-26JUN022215-15,cli_predictor_polymarket_KXBTC15M-26JUN022215-15.csv,600,2026-06-03T02:05:01.806Z,2026-06-03T02:15:00+00:00,598.194,0.37,NO,0,0.63,0.64,1017.17,66817.18,66846.01,-28.830000000001746,True,0,NO,True,0.016128000000000003,0.34387199999999996,66785.98,66846.01
KXBTC15M-26JUN022215-15,cli_predictor_polymarket_KXBTC15M-26JUN022215-15.csv,630,2026-06-03T02:04:29.783Z,2026-06-03T02:15:00+00:00,630.217,0.435,NO,0,0.565,0.57,4366.4,66655.42,66846.01,-190.5899999999965,True,0,NO,True,0.017157000000000002,0.41284300000000007,66785.98,66846.01
KXBTC15M-26JUN022230-30,cli_predictor_polymarket_KXBTC15M-26JUN022230-30.csv,600,2026-06-03T02:19:58.574Z,2026-06-03T02:30:00+00:00,601.426,0.705,YES,1,0.705,0.71,66.38,66851.77,66765.24,86.52999999999884,True,0,NO,False,0.014413000000000002,-0.724413,66571.9,66765.24
KXBTC15M-26JUN022230-30,cli_predictor_polymarket_KXBTC15M-26JUN022230-30.csv,630,2026-06-03T02:19:29.377Z,2026-06-03T02:30:00+00:00,630.623,0.725,YES,1,0.725,0.73,4726.28,66822.23,66765.24,56.98999999999069,True,0,NO,False,0.013797000000000002,-0.7437969999999999,66571.9,66765.24
KXBTC15M-26JUN022245-45,cli_predictor_polymarket_KXBTC15M-26JUN022245-45.csv,600,2026-06-03T02:34:59.459Z,2026-06-03T02:45:00+00:00,600.541,0.605,YES,1,0.605,0.61,2932.33,66640.8,66585.18,55.620000000009895,True,1,YES,True,0.016653,0.373347,66681.2,66585.18
KXBTC15M-26JUN022245-45,cli_predictor_polymarket_KXBTC15M-26JUN022245-45.csv,630,2026-06-03T02:34:31.715Z,2026-06-03T02:45:00+00:00,628.285,0.665,YES,1,0.665,0.67,173.94,66594.05,66585.18,8.870000000009895,True,1,YES,True,0.015477,0.31452299999999994,66681.2,66585.18
KXBTC15M-26JUN022300-00,cli_predictor_polymarket_KXBTC15M-26JUN022300-00.csv,600,2026-06-03T02:50:02.656Z,2026-06-03T03:00:00+00:00,597.344,0.505,YES,1,0.505,0.51,1572.63,66590.67,66673.09,-82.41999999999825,False,0,NO,False,0.017493,-0.527493,66519.94,66673.09
KXBTC15M-26JUN022300-00,cli_predictor_polymarket_KXBTC15M-26JUN022300-00.csv,630,2026-06-03T02:49:29.220Z,2026-06-03T03:00:00+00:00,630.78,0.425,NO,0,0.575,0.58,1953.47,66651.33,66673.09,-21.75999999999476,True,0,NO,True,0.017052000000000005,0.40294800000000003,66519.94,66673.09
KXBTC15M-26JUN022315-15,cli_predictor_polymarket_KXBTC15M-26JUN022315-15.csv,600,2026-06-03T03:05:00.173Z,2026-06-03T03:15:00+00:00,599.827,0.435,NO,0,0.565,0.58,210.0,66523.51,66545.81,-22.30000000000291,True,0,NO,True,0.017052000000000005,0.40294800000000003,66344.61,66545.81
KXBTC15M-26JUN022315-15,cli_predictor_polymarket_KXBTC15M-26JUN022315-15.csv,630,2026-06-03T03:04:29.290Z,2026-06-03T03:15:00+00:00,630.71,0.4649999999999999,NO,0,0.5350000000000001,0.54,2006.42,66548.48,66545.81,2.6699999999982538,False,0,NO,True,0.017388,0.44261199999999995,66344.61,66545.81
KXBTC15M-26JUN022330-30,cli_predictor_polymarket_KXBTC15M-26JUN022330-30.csv,600,2026-06-03T03:19:58.573Z,2026-06-03T03:30:00+00:00,601.427,0.185,NO,0,0.815,0.82,929.99,66320.92,66400.68,-79.75999999999476,True,0,NO,True,0.010332000000000003,0.16966800000000004,66105.98,66400.68
KXBTC15M-26JUN022330-30,cli_predictor_polymarket_KXBTC15M-26JUN022330-30.csv,630,2026-06-03T03:19:27.772Z,2026-06-03T03:30:00+00:00,632.228,0.265,NO,0,0.735,0.74,100.0,66421.07,66400.68,20.39000000001397,False,0,NO,True,0.013468000000000003,0.246532,66105.98,66400.68
KXBTC15M-26JUN022345-45,cli_predictor_polymarket_KXBTC15M-26JUN022345-45.csv,600,2026-06-03T03:34:57.850Z,2026-06-03T03:45:00+00:00,602.15,0.245,NO,0,0.755,0.76,2202.05,65971.64,66055.21,-83.57000000000698,True,0,NO,True,0.012768,0.227232,65833.2,66055.21
KXBTC15M-26JUN022345-45,cli_predictor_polymarket_KXBTC15M-26JUN022345-45.csv,630,2026-06-03T03:34:29.934Z,2026-06-03T03:45:00+00:00,630.066,0.285,NO,0,0.7150000000000001,0.72,4849.82,65969.04,66055.21,-86.1700000000128,True,0,NO,True,0.014112000000000001,0.265888,65833.2,66055.21
KXBTC15M-26JUN030000-00,cli_predictor_polymarket_KXBTC15M-26JUN030000-00.csv,600,2026-06-03T03:49:57.060Z,2026-06-03T04:00:00+00:00,602.94,0.235,NO,0,0.765,0.77,1424.49,65717.08,65739.15,-22.069999999992433,True,1,YES,False,0.012397,-0.782397,65740.69,65739.15
KXBTC15M-26JUN030000-00,cli_predictor_polymarket_KXBTC15M-26JUN030000-00.csv,630,2026-06-03T03:49:32.578Z,2026-06-03T04:00:00+00:00,627.422,0.365,NO,0,0.635,0.64,2124.16,65701.18,65739.15,-37.970000000001164,True,1,YES,False,0.016128000000000003,-0.656128,65740.69,65739.15
KXBTC15M-26JUN030015-15,cli_predictor_polymarket_KXBTC15M-26JUN030015-15.csv,600,2026-06-03T04:05:01.890Z,2026-06-03T04:15:00+00:00,598.11,0.976,YES,1,0.976,0.977,97.97,66348.39,65770.85,577.5399999999936,True,1,YES,True,0.0015729700000000014,0.02142703000000002,66258.33,65770.85
KXBTC15M-26JUN030015-15,cli_predictor_polymarket_KXBTC15M-26JUN030015-15.csv,630,2026-06-03T04:04:31.380Z,2026-06-03T04:15:00+00:00,628.62,0.961,YES,1,0.961,0.962,59.0,66314.89,65770.85,544.0399999999936,True,1,YES,True,0.0025589200000000027,0.03544108000000003,66258.33,65770.85
KXBTC15M-26JUN030030-30,cli_predictor_polymarket_KXBTC15M-26JUN030030-30.csv,600,2026-06-03T04:19:59.612Z,2026-06-03T04:30:00+00:00,600.388,0.535,YES,1,0.535,0.54,383.73,66297.32,66269.04,28.280000000013388,True,1,YES,True,0.017388,0.44261199999999995,66510.98,66269.04
KXBTC15M-26JUN030045-45,cli_predictor_polymarket_KXBTC15M-26JUN030045-45.csv,600,2026-06-03T04:34:58.251Z,2026-06-03T04:45:00+00:00,601.749,0.185,NO,0,0.815,0.82,169.48,66368.77,66508.58,-139.80999999999767,True,0,NO,True,0.010332000000000003,0.16966800000000004,66322.44,66508.58
KXBTC15M-26JUN030045-45,cli_predictor_polymarket_KXBTC15M-26JUN030045-45.csv,630,2026-06-03T04:34:30.901Z,2026-06-03T04:45:00+00:00,629.099,0.235,NO,0,0.765,0.77,1070.97,66259.36,66508.58,-249.22000000000116,True,0,NO,True,0.012397,0.217603,66322.44,66508.58
KXBTC15M-26JUN030100-00,cli_predictor_polymarket_KXBTC15M-26JUN030100-00.csv,600,2026-06-03T04:50:02.750Z,2026-06-03T05:00:00+00:00,597.25,0.555,YES,1,0.555,0.56,736.29,66392.66,66362.58,30.080000000001746,True,1,YES,True,0.017248,0.42275199999999996,66386.82,66362.58
KXBTC15M-26JUN030100-00,cli_predictor_polymarket_KXBTC15M-26JUN030100-00.csv,630,2026-06-03T04:49:28.819Z,2026-06-03T05:00:00+00:00,631.181,0.575,YES,1,0.575,0.58,521.47,66402.15,66362.58,39.56999999999243,True,1,YES,True,0.017052000000000005,0.40294800000000003,66386.82,66362.58
KXBTC15M-26JUN030115-15,cli_predictor_polymarket_KXBTC15M-26JUN030115-15.csv,600,2026-06-03T05:04:57.931Z,2026-06-03T05:15:00+00:00,602.069,0.9645,YES,1,0.9645,0.965,180.0,66680.87,66382.72,298.1499999999942,True,1,YES,True,0.002364250000000002,0.032635750000000026,67172.05,66382.72
KXBTC15M-26JUN030115-15,cli_predictor_polymarket_KXBTC15M-26JUN030115-15.csv,630,2026-06-03T05:04:30.250Z,2026-06-03T05:15:00+00:00,629.75,0.9665,YES,1,0.9665,0.967,630.96,66597.25,66382.72,214.52999999999884,True,1,YES,True,0.002233770000000002,0.030766230000000026,67172.05,66382.72
KXBTC15M-26JUN030130-30,cli_predictor_polymarket_KXBTC15M-26JUN030130-30.csv,600,2026-06-03T05:20:01.548Z,2026-06-03T05:30:00+00:00,598.452,0.525,YES,1,0.525,0.54,3696.76,67147.13,67078.65,68.48000000001048,True,0,NO,False,0.017388,-0.557388,66999.86,67078.65
KXBTC15M-26JUN030130-30,cli_predictor_polymarket_KXBTC15M-26JUN030130-30.csv,630,2026-06-03T05:19:30.974Z,2026-06-03T05:30:00+00:00,629.026,0.555,YES,1,0.555,0.56,3381.59,67127.88,67078.65,49.23000000001048,True,0,NO,False,0.017248,-0.5772480000000001,66999.86,67078.65
KXBTC15M-26JUN030145-45,cli_predictor_polymarket_KXBTC15M-26JUN030145-45.csv,600,2026-06-03T05:34:59.772Z,2026-06-03T05:45:00+00:00,600.228,0.205,NO,0,0.795,0.8,1855.16,66880.62,66988.91,-108.29000000000815,True,0,NO,True,0.0112,0.18879999999999997,66942.17,66988.91
KXBTC15M-26JUN030145-45,cli_predictor_polymarket_KXBTC15M-26JUN030145-45.csv,630,2026-06-03T05:34:27.700Z,2026-06-03T05:45:00+00:00,632.3,0.145,NO,0,0.855,0.86,2122.39,66809.08,66988.91,-179.83000000000175,True,0,NO,True,0.008428000000000001,0.13157200000000002,66942.17,66988.91
KXBTC15M-26JUN030200-00,cli_predictor_polymarket_KXBTC15M-26JUN030200-00.csv,600,2026-06-03T05:49:59.776Z,2026-06-03T06:00:00+00:00,600.224,0.7,YES,1,0.7,0.71,147.32,66996.07,66948.74,47.330000000001746,True,1,YES,True,0.014413000000000002,0.275587,67265.89,66948.74
KXBTC15M-26JUN030215-15,cli_predictor_polymarket_KXBTC15M-26JUN030215-15.csv,600,2026-06-03T06:05:02.273Z,2026-06-03T06:15:00+00:00,597.727,0.245,NO,0,0.755,0.76,225.54,67190.7,67274.24,-83.54000000000815,True,0,NO,True,0.012768,0.227232,67109.78,67274.24
KXBTC15M-26JUN030215-15,cli_predictor_polymarket_KXBTC15M-26JUN030215-15.csv,630,2026-06-03T06:04:29.846Z,2026-06-03T06:15:00+00:00,630.154,0.185,NO,0,0.815,0.82,2164.22,67168.7,67274.24,-105.54000000000815,True,0,NO,True,0.010332000000000003,0.16966800000000004,67109.78,67274.24
KXBTC15M-26JUN030230-30,cli_predictor_polymarket_KXBTC15M-26JUN030230-30.csv,600,2026-06-03T06:20:01.073Z,2026-06-03T06:30:00+00:00,598.927,0.675,YES,1,0.675,0.68,775.07,67184.72,67073.78,110.94000000000233,True,1,YES,True,0.015232,0.30476799999999993,67216.22,67073.78
KXBTC15M-26JUN030230-30,cli_predictor_polymarket_KXBTC15M-26JUN030230-30.csv,630,2026-06-03T06:19:28.567Z,2026-06-03T06:30:00+00:00,631.433,0.735,YES,1,0.735,0.74,28.61,67165.77,67073.78,91.99000000000524,True,1,YES,True,0.013468000000000003,0.246532,67216.22,67073.78
KXBTC15M-26JUN030245-45,cli_predictor_polymarket_KXBTC15M-26JUN030245-45.csv,600,2026-06-03T06:34:58.576Z,2026-06-03T06:45:00+00:00,601.424,0.913,YES,1,0.913,0.915,48.93,67294.15,67172.25,121.89999999999418,True,1,YES,True,0.005444249999999999,0.07955574999999997,67255.09,67172.25
KXBTC15M-26JUN030245-45,cli_predictor_polymarket_KXBTC15M-26JUN030245-45.csv,630,2026-06-03T06:34:30.179Z,2026-06-03T06:45:00+00:00,629.821,0.875,YES,1,0.875,0.88,316.86,67225.48,67172.25,53.229999999995925,True,1,YES,True,0.007392000000000001,0.112608,67255.09,67172.25
KXBTC15M-26JUN030300-00,cli_predictor_polymarket_KXBTC15M-26JUN030300-00.csv,600,2026-06-03T06:49:59.698Z,2026-06-03T07:00:00+00:00,600.302,0.165,NO,0,0.835,0.84,575.74,67192.72,67247.32,-54.60000000000582,True,0,NO,True,0.009408000000000003,0.15059200000000003,66908.08,67247.32
KXBTC15M-26JUN030300-00,cli_predictor_polymarket_KXBTC15M-26JUN030300-00.csv,630,2026-06-03T06:49:29.617Z,2026-06-03T07:00:00+00:00,630.383,0.305,NO,0,0.6950000000000001,0.7,765.0,67144.16,67247.32,-103.16000000000349,True,0,NO,True,0.014700000000000003,0.28530000000000005,66908.08,67247.32
KXBTC15M-26JUN030315-15,cli_predictor_polymarket_KXBTC15M-26JUN030315-15.csv,600,2026-06-03T07:05:02.176Z,2026-06-03T07:15:00+00:00,597.824,0.485,NO,0,0.515,0.52,3071.08,66898.67,66906.51,-7.8399999999965075,True,1,YES,False,0.017472,-0.5374720000000001,67053.15,66906.51
KXBTC15M-26JUN030315-15,cli_predictor_polymarket_KXBTC15M-26JUN030315-15.csv,630,2026-06-03T07:04:28.416Z,2026-06-03T07:15:00+00:00,631.584,0.375,NO,0,0.625,0.63,90.0,66911.0,66906.51,4.490000000005239,False,1,YES,False,0.016317,-0.646317,67053.15,66906.51
KXBTC15M-26JUN030330-30,cli_predictor_polymarket_KXBTC15M-26JUN030330-30.csv,600,2026-06-03T07:19:59.138Z,2026-06-03T07:30:00+00:00,600.862,0.895,YES,1,0.895,0.9,2846.5,67189.48,67039.4,150.08000000000175,True,1,YES,True,0.0063,0.09369999999999998,67131.27,67039.4
KXBTC15M-26JUN030330-30,cli_predictor_polymarket_KXBTC15M-26JUN030330-30.csv,630,2026-06-03T07:19:28.971Z,2026-06-03T07:30:00+00:00,631.029,0.9015,YES,1,0.9015,0.902,257.95,67228.38,67039.4,188.98000000001048,True,1,YES,True,0.006187719999999999,0.09181227999999998,67131.27,67039.4
KXBTC15M-26JUN030345-45,cli_predictor_polymarket_KXBTC15M-26JUN030345-45.csv,600,2026-06-03T07:35:00.736Z,2026-06-03T07:45:00+00:00,599.264,0.725,YES,1,0.725,0.73,2400.61,67149.96,67123.57,26.389999999999418,True,1,YES,True,0.013797000000000002,0.256203,67150.55,67123.57
KXBTC15M-26JUN030345-45,cli_predictor_polymarket_KXBTC15M-26JUN030345-45.csv,630,2026-06-03T07:34:28.415Z,2026-06-03T07:45:00+00:00,631.585,0.615,YES,1,0.615,0.62,968.91,67149.96,67123.57,26.389999999999418,True,1,YES,True,0.016492,0.363508,67150.55,67123.57
KXBTC15M-26JUN030400-00,cli_predictor_polymarket_KXBTC15M-26JUN030400-00.csv,600,2026-06-03T07:50:00.134Z,2026-06-03T08:00:00+00:00,599.866,0.825,YES,1,0.825,0.83,242.27,67181.39,67117.15,64.24000000000524,True,1,YES,True,0.009877000000000004,0.16012300000000004,67144.11,67117.15
KXBTC15M-26JUN030400-00,cli_predictor_polymarket_KXBTC15M-26JUN030400-00.csv,630,2026-06-03T07:49:28.255Z,2026-06-03T08:00:00+00:00,631.745,0.765,YES,1,0.765,0.77,305.0,67204.64,67117.15,87.49000000000524,True,1,YES,True,0.012397,0.217603,67144.11,67117.15
KXBTC15M-26JUN030415-15,cli_predictor_polymarket_KXBTC15M-26JUN030415-15.csv,600,2026-06-03T08:05:01.768Z,2026-06-03T08:15:00+00:00,598.232,0.515,YES,1,0.515,0.52,201.74,67150.02,67139.87,10.150000000008731,True,0,NO,False,0.017472,-0.5374720000000001,67020.31,67139.87
KXBTC15M-26JUN030415-15,cli_predictor_polymarket_KXBTC15M-26JUN030415-15.csv,630,2026-06-03T08:04:28.417Z,2026-06-03T08:15:00+00:00,631.583,0.515,YES,1,0.515,0.52,2114.6,67147.63,67139.87,7.760000000009313,True,0,NO,False,0.017472,-0.5374720000000001,67020.31,67139.87
KXBTC15M-26JUN030430-30,cli_predictor_polymarket_KXBTC15M-26JUN030430-30.csv,600,2026-06-03T08:19:58.732Z,2026-06-03T08:30:00+00:00,601.268,0.565,YES,1,0.565,0.57,561.43,66966.65,67009.15,-42.5,False,0,NO,False,0.017157000000000002,-0.5871569999999999,66960.46,67009.15
KXBTC15M-26JUN030430-30,cli_predictor_polymarket_KXBTC15M-26JUN030430-30.csv,630,2026-06-03T08:19:28.505Z,2026-06-03T08:30:00+00:00,631.495,0.505,YES,1,0.505,0.51,85.19,66966.65,67009.15,-42.5,False,0,NO,False,0.017493,-0.527493,66960.46,67009.15
KXBTC15M-26JUN030445-45,cli_predictor_polymarket_KXBTC15M-26JUN030445-45.csv,600,2026-06-03T08:34:58.096Z,2026-06-03T08:45:00+00:00,601.904,0.725,YES,1,0.725,0.73,50.0,67118.59,66949.44,169.14999999999418,True,1,YES,True,0.013797000000000002,0.256203,67029.25,66949.44
KXBTC15M-26JUN030445-45,cli_predictor_polymarket_KXBTC15M-26JUN030445-45.csv,630,2026-06-03T08:34:31.851Z,2026-06-03T08:45:00+00:00,628.149,0.735,YES,1,0.735,0.74,1501.05,66997.87,66949.44,48.429999999993015,True,1,YES,True,0.013468000000000003,0.246532,67029.25,66949.44
KXBTC15M-26JUN030500-00,cli_predictor_polymarket_KXBTC15M-26JUN030500-00.csv,600,2026-06-03T08:50:01.376Z,2026-06-03T09:00:00+00:00,598.624,0.575,YES,1,0.575,0.58,775.0,66987.79,67017.61,-29.820000000006985,False,0,NO,False,0.017052000000000005,-0.5970519999999999,66951.85,67017.61
KXBTC15M-26JUN030500-00,cli_predictor_polymarket_KXBTC15M-26JUN030500-00.csv,630,2026-06-03T08:49:28.731Z,2026-06-03T09:00:00+00:00,631.269,0.485,NO,0,0.515,0.52,239.56,66937.09,67017.61,-80.52000000000407,True,0,NO,True,0.017472,0.462528,66951.85,67017.61
KXBTC15M-26JUN030515-15,cli_predictor_polymarket_KXBTC15M-26JUN030515-15.csv,600,2026-06-03T09:04:59.757Z,2026-06-03T09:15:00+00:00,600.243,0.485,NO,0,0.515,0.52,233.0,66905.88,66941.22,-35.33999999999651,True,0,NO,True,0.017472,0.462528,66891.72,66941.22
KXBTC15M-26JUN030515-15,cli_predictor_polymarket_KXBTC15M-26JUN030515-15.csv,630,2026-06-03T09:04:27.301Z,2026-06-03T09:15:00+00:00,632.699,0.375,NO,0,0.625,0.63,1104.94,66882.46,66941.22,-58.75999999999476,True,0,NO,True,0.016317,0.35368299999999997,66891.72,66941.22
KXBTC15M-26JUN030530-30,cli_predictor_polymarket_KXBTC15M-26JUN030530-30.csv,600,2026-06-03T09:20:01.692Z,2026-06-03T09:30:00+00:00,598.308,0.155,NO,0,0.845,0.85,2099.55,66791.98,66892.67,-100.69000000000233,True,0,NO,True,0.008925000000000002,0.141075,66730.04,66892.67
KXBTC15M-26JUN030530-30,cli_predictor_polymarket_KXBTC15M-26JUN030530-30.csv,630,2026-06-03T09:19:28.486Z,2026-06-03T09:30:00+00:00,631.514,0.205,NO,0,0.795,0.8,142.78,66861.45,66892.67,-31.220000000001164,True,0,NO,True,0.0112,0.18879999999999997,66730.04,66892.67
KXBTC15M-26JUN030545-45,cli_predictor_polymarket_KXBTC15M-26JUN030545-45.csv,600,2026-06-03T09:34:58.975Z,2026-06-03T09:45:00+00:00,601.025,0.475,NO,0,0.525,0.53,199.85,66768.43,66752.9,15.529999999998836,False,0,NO,True,0.017437,0.452563,66642.07,66752.9
KXBTC15M-26JUN030545-45,cli_predictor_polymarket_KXBTC15M-26JUN030545-45.csv,630,2026-06-03T09:34:32.662Z,2026-06-03T09:45:00+00:00,627.338,0.505,YES,1,0.505,0.51,308.95,66740.75,66752.9,-12.14999999999418,False,0,NO,False,0.017493,-0.527493,66642.07,66752.9
KXBTC15M-26JUN030600-00,cli_predictor_polymarket_KXBTC15M-26JUN030600-00.csv,600,2026-06-03T09:49:57.207Z,2026-06-03T10:00:00+00:00,602.793,0.928,YES,1,0.928,0.933,220.56,66570.34,66645.26,-74.91999999999825,False,1,YES,True,0.004375769999999997,0.06262422999999995,67088.61,66645.26
KXBTC15M-26JUN030600-00,cli_predictor_polymarket_KXBTC15M-26JUN030600-00.csv,630,2026-06-03T09:49:28.254Z,2026-06-03T10:00:00+00:00,631.746,0.245,NO,0,0.755,0.76,30.0,66640.87,66645.26,-4.389999999999418,True,1,YES,False,0.012768,-0.772768,67088.61,66645.26
KXBTC15M-26JUN030615-15,cli_predictor_polymarket_KXBTC15M-26JUN030615-15.csv,630,2026-06-03T10:04:29.773Z,2026-06-03T10:15:00+00:00,630.227,0.565,YES,1,0.565,0.57,1862.58,67053.58,67012.18,41.40000000000873,True,1,YES,True,0.017157000000000002,0.41284300000000007,67220.08,67012.18
KXBTC15M-26JUN030630-30,cli_predictor_polymarket_KXBTC15M-26JUN030630-30.csv,600,2026-06-03T10:19:57.852Z,2026-06-03T10:30:00+00:00,602.148,0.185,NO,0,0.815,0.82,2728.45,67126.08,67218.99,-92.91000000000349,True,0,NO,True,0.010332000000000003,0.16966800000000004,67216.56,67218.99
KXBTC15M-26JUN030630-30,cli_predictor_polymarket_KXBTC15M-26JUN030630-30.csv,630,2026-06-03T10:19:31.616Z,2026-06-03T10:30:00+00:00,628.384,0.225,NO,0,0.775,0.78,1702.3,67127.81,67218.99,-91.18000000000757,True,0,NO,True,0.012012,0.20798799999999998,67216.56,67218.99
KXBTC15M-26JUN030645-45,cli_predictor_polymarket_KXBTC15M-26JUN030645-45.csv,600,2026-06-03T10:34:59.704Z,2026-06-03T10:45:00+00:00,600.296,0.605,YES,1,0.605,0.61,683.4,67252.13,67208.61,43.520000000004075,True,0,NO,False,0.016653,-0.626653,67151.14,67208.61
KXBTC15M-26JUN030645-45,cli_predictor_polymarket_KXBTC15M-26JUN030645-45.csv,630,2026-06-03T10:34:28.971Z,2026-06-03T10:45:00+00:00,631.029,0.725,YES,1,0.725,0.73,2781.56,67275.45,67208.61,66.83999999999651,True,0,NO,False,0.013797000000000002,-0.7437969999999999,67151.14,67208.61
KXBTC15M-26JUN030700-00,cli_predictor_polymarket_KXBTC15M-26JUN030700-00.csv,600,2026-06-03T10:50:01.386Z,2026-06-03T11:00:00+00:00,598.614,0.375,NO,0,0.625,0.63,2456.26,67136.25,67170.13,-33.88000000000466,True,1,YES,False,0.016317,-0.646317,67200.48,67170.13
KXBTC15M-26JUN030700-00,cli_predictor_polymarket_KXBTC15M-26JUN030700-00.csv,630,2026-06-03T10:49:30.167Z,2026-06-03T11:00:00+00:00,629.833,0.335,NO,0,0.665,0.67,426.29,67116.08,67170.13,-54.05000000000291,True,1,YES,False,0.015477,-0.685477,67200.48,67170.13
KXBTC15M-26JUN030715-15,cli_predictor_polymarket_KXBTC15M-26JUN030715-15.csv,600,2026-06-03T11:05:00.733Z,2026-06-03T11:15:00+00:00,599.267,0.335,NO,0,0.665,0.67,170.0,67256.74,67201.8,54.94000000000233,False,0,NO,True,0.015477,0.31452299999999994,67177.1,67201.8
KXBTC15M-26JUN030715-15,cli_predictor_polymarket_KXBTC15M-26JUN030715-15.csv,630,2026-06-03T11:04:28.808Z,2026-06-03T11:15:00+00:00,631.192,0.375,NO,0,0.625,0.63,933.08,67223.48,67201.8,21.679999999993015,False,0,NO,True,0.016317,0.35368299999999997,67177.1,67201.8
KXBTC15M-26JUN030730-30,cli_predictor_polymarket_KXBTC15M-26JUN030730-30.csv,600,2026-06-03T11:20:00.979Z,2026-06-03T11:30:00+00:00,599.021,0.755,YES,1,0.755,0.76,2370.59,67271.74,67209.8,61.94000000000233,True,1,YES,True,0.012768,0.227232,67262.42,67209.8
KXBTC15M-26JUN030730-30,cli_predictor_polymarket_KXBTC15M-26JUN030730-30.csv,630,2026-06-03T11:19:28.491Z,2026-06-03T11:30:00+00:00,631.509,0.635,YES,1,0.635,0.64,134.0,67247.85,67209.8,38.05000000000291,True,1,YES,True,0.016128000000000003,0.34387199999999996,67262.42,67209.8
KXBTC15M-26JUN030745-45,cli_predictor_polymarket_KXBTC15M-26JUN030745-45.csv,600,2026-06-03T11:34:58.580Z,2026-06-03T11:45:00+00:00,601.42,0.0835,NO,0,0.9165,0.917,147.79,67123.73,67252.13,-128.40000000000873,True,0,NO,True,0.005327769999999998,0.07767222999999997,67087.35,67252.13
KXBTC15M-26JUN030745-45,cli_predictor_polymarket_KXBTC15M-26JUN030745-45.csv,630,2026-06-03T11:34:29.286Z,2026-06-03T11:45:00+00:00,630.714,0.105,NO,0,0.895,0.9,2616.88,67179.73,67252.13,-72.40000000000873,True,0,NO,True,0.0063,0.09369999999999998,67087.35,67252.13
KXBTC15M-26JUN030800-00,cli_predictor_polymarket_KXBTC15M-26JUN030800-00.csv,600,2026-06-03T11:49:57.288Z,2026-06-03T12:00:00+00:00,602.712,0.225,NO,0,0.775,0.78,12.88,67004.62,67075.67,-71.05000000000291,True,0,NO,True,0.012012,0.20798799999999998,66985.62,67075.67
KXBTC15M-26JUN030800-00,cli_predictor_polymarket_KXBTC15M-26JUN030800-00.csv,630,2026-06-03T11:49:30.033Z,2026-06-03T12:00:00+00:00,629.967,0.195,NO,0,0.8049999999999999,0.81,1718.3,67012.13,67075.67,-63.5399999999936,True,0,NO,True,0.010772999999999998,0.17922699999999994,66985.62,67075.67
KXBTC15M-26JUN030815-15,cli_predictor_polymarket_KXBTC15M-26JUN030815-15.csv,600,2026-06-03T12:05:01.056Z,2026-06-03T12:15:00+00:00,598.944,0.635,YES,1,0.635,0.64,35.99,66980.68,66985.33,-4.650000000008731,False,0,NO,False,0.016128000000000003,-0.656128,66891.91,66985.33
KXBTC15M-26JUN030815-15,cli_predictor_polymarket_KXBTC15M-26JUN030815-15.csv,630,2026-06-03T12:04:29.539Z,2026-06-03T12:15:00+00:00,630.461,0.4649999999999999,NO,0,0.5350000000000001,0.54,634.94,66916.74,66985.33,-68.58999999999651,True,0,NO,True,0.017388,0.44261199999999995,66891.91,66985.33
KXBTC15M-26JUN030830-30,cli_predictor_polymarket_KXBTC15M-26JUN030830-30.csv,600,2026-06-03T12:20:00.195Z,2026-06-03T12:30:00+00:00,599.805,0.215,NO,0,0.785,0.79,2776.4,66739.19,66874.58,-135.38999999999942,True,1,YES,False,0.011613,-0.801613,66980.81,66874.58
KXBTC15M-26JUN030830-30,cli_predictor_polymarket_KXBTC15M-26JUN030830-30.csv,630,2026-06-03T12:19:32.185Z,2026-06-03T12:30:00+00:00,627.815,0.195,NO,0,0.8049999999999999,0.81,305.01,66745.07,66874.58,-129.50999999999476,True,1,YES,False,0.010772999999999998,-0.8207730000000001,66980.81,66874.58
KXBTC15M-26JUN030845-45,cli_predictor_polymarket_KXBTC15M-26JUN030845-45.csv,600,2026-06-03T12:34:58.253Z,2026-06-03T12:45:00+00:00,601.747,0.745,YES,1,0.745,0.75,349.91,67082.06,66955.24,126.81999999999243,True,0,NO,False,0.013125000000000001,-0.763125,66843.46,66955.24
KXBTC15M-26JUN030845-45,cli_predictor_polymarket_KXBTC15M-26JUN030845-45.csv,630,2026-06-03T12:34:29.139Z,2026-06-03T12:45:00+00:00,630.861,0.795,YES,1,0.795,0.8,1538.27,67069.15,66955.24,113.90999999998894,True,0,NO,False,0.0112,-0.8112,66843.46,66955.24
KXBTC15M-26JUN030900-00,cli_predictor_polymarket_KXBTC15M-26JUN030900-00.csv,600,2026-06-03T12:50:00.412Z,2026-06-03T13:00:00+00:00,599.588,0.645,YES,1,0.645,0.65,4577.88,66925.48,66874.73,50.75,True,1,YES,True,0.015925,0.33407499999999996,67010.61,66874.73
KXBTC15M-26JUN030900-00,cli_predictor_polymarket_KXBTC15M-26JUN030900-00.csv,630,2026-06-03T12:49:31.049Z,2026-06-03T13:00:00+00:00,628.951,0.64,YES,1,0.64,0.65,11976.91,66941.85,66874.73,67.1200000000099,True,1,YES,True,0.015925,0.33407499999999996,67010.61,66874.73
KXBTC15M-26JUN030915-15,cli_predictor_polymarket_KXBTC15M-26JUN030915-15.csv,600,2026-06-03T13:05:01.569Z,2026-06-03T13:15:00+00:00,598.431,0.415,NO,0,0.585,0.59,285.38,66977.84,66995.99,-18.15000000000873,True,1,YES,False,0.016933000000000004,-0.606933,67058.47,66995.99
KXBTC15M-26JUN030915-15,cli_predictor_polymarket_KXBTC15M-26JUN030915-15.csv,630,2026-06-03T13:04:26.812Z,2026-06-03T13:15:00+00:00,633.188,0.435,NO,0,0.565,0.57,507.98,67073.35,66995.99,77.36000000000058,False,1,YES,False,0.017157000000000002,-0.5871569999999999,67058.47,66995.99
KXBTC15M-26JUN030930-30,cli_predictor_polymarket_KXBTC15M-26JUN030930-30.csv,600,2026-06-03T13:19:58.326Z,2026-06-03T13:30:00+00:00,601.674,0.755,YES,1,0.755,0.76,225.0,67120.61,67047.43,73.18000000000757,True,0,NO,False,0.012768,-0.772768,66774.53,67047.43
KXBTC15M-26JUN030930-30,cli_predictor_polymarket_KXBTC15M-26JUN030930-30.csv,630,2026-06-03T13:19:32.169Z,2026-06-03T13:30:00+00:00,627.831,0.715,YES,1,0.715,0.72,20.0,67127.61,67047.43,80.18000000000757,True,0,NO,False,0.014112000000000001,-0.734112,66774.53,67047.43
KXBTC15M-26JUN030945-45,cli_predictor_polymarket_KXBTC15M-26JUN030945-45.csv,600,2026-06-03T13:35:01.726Z,2026-06-03T13:45:00+00:00,598.274,0.8955,YES,1,0.8955,0.901,50.0,67018.56,66761.5,257.0599999999977,True,0,NO,False,0.006243929999999998,-0.90724393,66646.7,66761.5
KXBTC15M-26JUN030945-45,cli_predictor_polymarket_KXBTC15M-26JUN030945-45.csv,630,2026-06-03T13:34:29.055Z,2026-06-03T13:45:00+00:00,630.945,0.835,YES,1,0.835,0.84,1763.65,67078.11,66761.5,316.6100000000006,True,0,NO,False,0.009408000000000003,-0.8494079999999999,66646.7,66761.5
KXBTC15M-26JUN031000-00,cli_predictor_polymarket_KXBTC15M-26JUN031000-00.csv,600,2026-06-03T13:49:59.617Z,2026-06-03T14:00:00+00:00,600.383,0.625,YES,1,0.625,0.63,730.0,66603.14,66645.07,-41.93000000000757,False,1,YES,True,0.016317,0.35368299999999997,66812.01,66645.07
KXBTC15M-26JUN031000-00,cli_predictor_polymarket_KXBTC15M-26JUN031000-00.csv,630,2026-06-03T13:49:30.654Z,2026-06-03T14:00:00+00:00,629.346,0.54,YES,1,0.54,0.55,1162.0,66585.4,66645.07,-59.670000000012806,False,1,YES,True,0.017325,0.432675,66812.01,66645.07
KXBTC15M-26JUN031015-15,cli_predictor_polymarket_KXBTC15M-26JUN031015-15.csv,600,2026-06-03T14:05:02.265Z,2026-06-03T14:15:00+00:00,597.735,0.255,NO,0,0.745,0.75,15.0,66687.27,66803.07,-115.80000000000291,True,1,YES,False,0.013125000000000001,-0.763125,66805.46,66803.07
KXBTC15M-26JUN031015-15,cli_predictor_polymarket_KXBTC15M-26JUN031015-15.csv,630,2026-06-03T14:04:28.817Z,2026-06-03T14:15:00+00:00,631.183,0.255,NO,0,0.745,0.75,981.1,66735.76,66803.07,-67.31000000001222,True,1,YES,False,0.013125000000000001,-0.763125,66805.46,66803.07
KXBTC15M-26JUN031030-30,cli_predictor_polymarket_KXBTC15M-26JUN031030-30.csv,600,2026-06-03T14:19:58.183Z,2026-06-03T14:30:00+00:00,601.817,0.225,NO,0,0.775,0.78,290.0,66693.08,66766.15,-73.06999999999243,True,0,NO,True,0.012012,0.20798799999999998,66617.52,66766.15
KXBTC15M-26JUN031030-30,cli_predictor_polymarket_KXBTC15M-26JUN031030-30.csv,630,2026-06-03T14:19:28.738Z,2026-06-03T14:30:00+00:00,631.262,0.215,NO,0,0.785,0.79,805.04,66708.61,66766.15,-57.5399999999936,True,0,NO,True,0.011613,0.19838699999999995,66617.52,66766.15
KXBTC15M-26JUN031045-45,cli_predictor_polymarket_KXBTC15M-26JUN031045-45.csv,600,2026-06-03T14:34:58.729Z,2026-06-03T14:45:00+00:00,601.271,0.585,YES,1,0.585,0.59,323.36,66658.55,66641.35,17.19999999999709,True,1,YES,True,0.016933000000000004,0.39306700000000006,66654.02,66641.35
KXBTC15M-26JUN031045-45,cli_predictor_polymarket_KXBTC15M-26JUN031045-45.csv,630,2026-06-03T14:34:27.534Z,2026-06-03T14:45:00+00:00,632.466,0.49,NO,0,0.51,0.52,18.33,66628.28,66641.35,-13.070000000006985,True,1,YES,False,0.017472,-0.5374720000000001,66654.02,66641.35
KXBTC15M-26JUN031100-00,cli_predictor_polymarket_KXBTC15M-26JUN031100-00.csv,600,2026-06-03T14:49:57.703Z,2026-06-03T15:00:00+00:00,602.297,0.645,YES,1,0.645,0.65,2941.68,66736.43,66667.54,68.88999999999942,True,1,YES,True,0.015925,0.33407499999999996,66762.66,66667.54
KXBTC15M-26JUN031100-00,cli_predictor_polymarket_KXBTC15M-26JUN031100-00.csv,630,2026-06-03T14:49:28.887Z,2026-06-03T15:00:00+00:00,631.113,0.735,YES,1,0.735,0.74,1834.73,66745.43,66667.54,77.88999999999942,True,1,YES,True,0.013468000000000003,0.246532,66762.66,66667.54
KXBTC15M-26JUN031115-15,cli_predictor_polymarket_KXBTC15M-26JUN031115-15.csv,600,2026-06-03T15:05:01.701Z,2026-06-03T15:15:00+00:00,598.299,0.255,NO,0,0.745,0.75,438.2,66690.59,66762.99,-72.40000000000873,True,0,NO,True,0.013125000000000001,0.236875,66442.28,66762.99
KXBTC15M-26JUN031130-30,cli_predictor_polymarket_KXBTC15M-26JUN031130-30.csv,600,2026-06-03T15:19:59.614Z,2026-06-03T15:30:00+00:00,600.386,0.125,NO,0,0.875,0.88,144.0,66301.33,66430.41,-129.08000000000175,True,1,YES,False,0.007392000000000001,-0.887392,66498.09,66430.41
KXBTC15M-26JUN031130-30,cli_predictor_polymarket_KXBTC15M-26JUN031130-30.csv,630,2026-06-03T15:19:28.892Z,2026-06-03T15:30:00+00:00,631.108,0.2,NO,0,0.8,0.81,1270.33,66301.44,66430.41,-128.97000000000116,True,1,YES,False,0.010772999999999998,-0.8207730000000001,66498.09,66430.41
KXBTC15M-26JUN031145-45,cli_predictor_polymarket_KXBTC15M-26JUN031145-45.csv,600,2026-06-03T15:34:57.531Z,2026-06-03T15:45:00+00:00,602.469,0.0765,NO,0,0.9235,0.924,196.04,66301.08,66478.11,-177.02999999999884,True,0,NO,True,0.004915679999999999,0.07108431999999995,66251.93,66478.11
KXBTC15M-26JUN031145-45,cli_predictor_polymarket_KXBTC15M-26JUN031145-45.csv,630,2026-06-03T15:34:28.333Z,2026-06-03T15:45:00+00:00,631.667,0.235,NO,0,0.765,0.77,937.71,66342.6,66478.11,-135.50999999999476,True,0,NO,True,0.012397,0.217603,66251.93,66478.11
KXBTC15M-26JUN031200-00,cli_predictor_polymarket_KXBTC15M-26JUN031200-00.csv,600,2026-06-03T15:49:58.016Z,2026-06-03T16:00:00+00:00,601.984,0.405,NO,0,0.595,0.6,1235.0,66185.01,66248.05,-63.04000000000815,True,0,NO,True,0.016800000000000002,0.38320000000000004,66034.41,66248.05
KXBTC15M-26JUN031200-00,cli_predictor_polymarket_KXBTC15M-26JUN031200-00.csv,630,2026-06-03T15:49:31.775Z,2026-06-03T16:00:00+00:00,628.225,0.335,NO,0,0.665,0.67,4172.42,66095.59,66248.05,-152.4600000000064,True,0,NO,True,0.015477,0.31452299999999994,66034.41,66248.05
KXBTC15M-26JUN031215-15,cli_predictor_polymarket_KXBTC15M-26JUN031215-15.csv,600,2026-06-03T16:04:58.088Z,2026-06-03T16:15:00+00:00,601.912,0.655,YES,1,0.655,0.66,1065.58,66033.55,65999.19,34.36000000000058,True,1,YES,True,0.015708,0.32429199999999997,66095.15,65999.19
KXBTC15M-26JUN031215-15,cli_predictor_polymarket_KXBTC15M-26JUN031215-15.csv,630,2026-06-03T16:04:30.102Z,2026-06-03T16:15:00+00:00,629.898,0.575,YES,1,0.575,0.58,23.0,66009.48,65999.19,10.289999999993597,True,1,YES,True,0.017052000000000005,0.40294800000000003,66095.15,65999.19
KXBTC15M-26JUN031230-30,cli_predictor_polymarket_KXBTC15M-26JUN031230-30.csv,600,2026-06-03T16:19:59.371Z,2026-06-03T16:30:00+00:00,600.629,0.265,NO,0,0.735,0.74,50.0,65898.11,66090.09,-191.97999999999593,True,0,NO,True,0.013468000000000003,0.246532,65551.46,66090.09
KXBTC15M-26JUN031230-30,cli_predictor_polymarket_KXBTC15M-26JUN031230-30.csv,630,2026-06-03T16:19:30.816Z,2026-06-03T16:30:00+00:00,629.184,0.215,NO,0,0.785,0.79,2817.46,65898.11,66090.09,-191.97999999999593,True,0,NO,True,0.011613,0.19838699999999995,65551.46,66090.09
KXBTC15M-26JUN031245-45,cli_predictor_polymarket_KXBTC15M-26JUN031245-45.csv,600,2026-06-03T16:35:00.069Z,2026-06-03T16:45:00+00:00,599.931,0.735,YES,1,0.735,0.74,4370.35,65705.6,65545.71,159.88999999999942,True,1,YES,True,0.013468000000000003,0.246532,65857.97,65545.71
KXBTC15M-26JUN031245-45,cli_predictor_polymarket_KXBTC15M-26JUN031245-45.csv,630,2026-06-03T16:34:28.016Z,2026-06-03T16:45:00+00:00,631.984,0.77,YES,1,0.77,0.78,2274.34,65627.79,65545.71,82.0799999999872,True,1,YES,True,0.012012,0.20798799999999998,65857.97,65545.71
KXBTC15M-26JUN031300-00,cli_predictor_polymarket_KXBTC15M-26JUN031300-00.csv,600,2026-06-03T16:50:01.232Z,2026-06-03T17:00:00+00:00,598.768,0.475,NO,0,0.525,0.53,28.0,65948.0,65831.96,116.0399999999936,False,1,YES,False,0.017437,-0.5474370000000001,65937.98,65831.96
KXBTC15M-26JUN031300-00,cli_predictor_polymarket_KXBTC15M-26JUN031300-00.csv,630,2026-06-03T16:49:27.694Z,2026-06-03T17:00:00+00:00,632.306,0.555,YES,1,0.555,0.56,335.0,65872.38,65831.96,40.419999999998254,True,1,YES,True,0.017248,0.42275199999999996,65937.98,65831.96
KXBTC15M-26JUN031315-15,cli_predictor_polymarket_KXBTC15M-26JUN031315-15.csv,600,2026-06-03T17:05:02.103Z,2026-06-03T17:15:00+00:00,597.897,0.155,NO,0,0.845,0.85,325.37,65871.51,65970.37,-98.86000000000058,True,0,NO,True,0.008925000000000002,0.141075,65698.58,65970.37
KXBTC15M-26JUN031315-15,cli_predictor_polymarket_KXBTC15M-26JUN031315-15.csv,630,2026-06-03T17:04:29.770Z,2026-06-03T17:15:00+00:00,630.23,0.185,NO,0,0.815,0.82,183.65,65828.26,65970.37,-142.11000000000058,True,0,NO,True,0.010332000000000003,0.16966800000000004,65698.58,65970.37
KXBTC15M-26JUN031330-30,cli_predictor_polymarket_KXBTC15M-26JUN031330-30.csv,600,2026-06-03T17:19:57.303Z,2026-06-03T17:30:00+00:00,602.697,0.88,YES,1,0.88,0.89,1498.95,65723.54,65645.03,78.50999999999476,True,1,YES,True,0.006853,0.10314699999999999,65851.66,65645.03
KXBTC15M-26JUN031330-30,cli_predictor_polymarket_KXBTC15M-26JUN031330-30.csv,630,2026-06-03T17:19:31.528Z,2026-06-03T17:30:00+00:00,628.472,0.85,YES,1,0.85,0.86,2527.8,65710.85,65645.03,65.82000000000698,True,1,YES,True,0.008428000000000001,0.13157200000000002,65851.66,65645.03
KXBTC15M-26JUN031345-45,cli_predictor_polymarket_KXBTC15M-26JUN031345-45.csv,600,2026-06-03T17:34:57.773Z,2026-06-03T17:45:00+00:00,602.227,0.885,YES,1,0.885,0.89,428.17,66011.6,65854.77,156.83000000000175,True,1,YES,True,0.006853,0.10314699999999999,66016.54,65854.77
KXBTC15M-26JUN031345-45,cli_predictor_polymarket_KXBTC15M-26JUN031345-45.csv,630,2026-06-03T17:34:30.734Z,2026-06-03T17:45:00+00:00,629.266,0.825,YES,1,0.825,0.83,315.0,65981.09,65854.77,126.31999999999243,True,1,YES,True,0.009877000000000004,0.16012300000000004,66016.54,65854.77
KXBTC15M-26JUN031400-00,cli_predictor_polymarket_KXBTC15M-26JUN031400-00.csv,600,2026-06-03T17:50:00.341Z,2026-06-03T18:00:00+00:00,599.659,0.105,NO,0,0.895,0.9,2136.69,65965.45,66026.14,-60.69000000000233,True,0,NO,True,0.0063,0.09369999999999998,65882.21,66026.14
KXBTC15M-26JUN031400-00,cli_predictor_polymarket_KXBTC15M-26JUN031400-00.csv,630,2026-06-03T17:49:31.054Z,2026-06-03T18:00:00+00:00,628.946,0.1149999999999999,NO,0,0.8850000000000001,0.89,3085.0,65904.35,66026.14,-121.7899999999936,True,0,NO,True,0.006853,0.10314699999999999,65882.21,66026.14
KXBTC15M-26JUN031415-15,cli_predictor_polymarket_KXBTC15M-26JUN031415-15.csv,600,2026-06-03T18:04:58.980Z,2026-06-03T18:15:00+00:00,601.02,0.615,YES,1,0.615,0.62,1620.21,65944.94,65884.97,59.970000000001164,True,1,YES,True,0.016492,0.363508,65886.12,65884.97
KXBTC15M-26JUN031415-15,cli_predictor_polymarket_KXBTC15M-26JUN031415-15.csv,630,2026-06-03T18:04:29.457Z,2026-06-03T18:15:00+00:00,630.543,0.765,YES,1,0.765,0.77,225.0,65969.75,65884.97,84.77999999999884,True,1,YES,True,0.012397,0.217603,65886.12,65884.97
KXBTC15M-26JUN031430-30,cli_predictor_polymarket_KXBTC15M-26JUN031430-30.csv,600,2026-06-03T18:19:59.456Z,2026-06-03T18:30:00+00:00,600.544,0.165,NO,0,0.835,0.84,1023.42,65731.59,65882.78,-151.19000000000233,True,0,NO,True,0.009408000000000003,0.15059200000000003,65800.39,65882.78
KXBTC15M-26JUN031430-30,cli_predictor_polymarket_KXBTC15M-26JUN031430-30.csv,630,2026-06-03T18:19:28.415Z,2026-06-03T18:30:00+00:00,631.585,0.175,NO,0,0.825,0.83,134.0,65677.31,65882.78,-205.47000000000116,True,0,NO,True,0.009877000000000004,0.16012300000000004,65800.39,65882.78
KXBTC15M-26JUN031445-45,cli_predictor_polymarket_KXBTC15M-26JUN031445-45.csv,600,2026-06-03T18:35:01.136Z,2026-06-03T18:45:00+00:00,598.864,0.425,NO,0,0.575,0.58,253.33,65869.57,65808.65,60.920000000012806,False,1,YES,False,0.017052000000000005,-0.5970519999999999,65964.6,65808.65
KXBTC15M-26JUN031445-45,cli_predictor_polymarket_KXBTC15M-26JUN031445-45.csv,630,2026-06-03T18:34:28.250Z,2026-06-03T18:45:00+00:00,631.75,0.425,NO,0,0.575,0.58,1958.76,65871.9,65808.65,63.25,False,1,YES,False,0.017052000000000005,-0.5970519999999999,65964.6,65808.65
KXBTC15M-26JUN031500-00,cli_predictor_polymarket_KXBTC15M-26JUN031500-00.csv,600,2026-06-03T18:49:58.580Z,2026-06-03T19:00:00+00:00,601.42,0.535,YES,1,0.535,0.54,42.3,66012.49,65960.97,51.520000000004075,True,1,YES,True,0.017388,0.44261199999999995,65966.08,65960.97
KXBTC15M-26JUN031500-00,cli_predictor_polymarket_KXBTC15M-26JUN031500-00.csv,630,2026-06-03T18:49:31.695Z,2026-06-03T19:00:00+00:00,628.305,0.495,NO,0,0.505,0.51,209.84,65963.66,65960.97,2.6900000000023283,False,1,YES,False,0.017493,-0.527493,65966.08,65960.97
KXBTC15M-26JUN031515-15,cli_predictor_polymarket_KXBTC15M-26JUN031515-15.csv,600,2026-06-03T19:05:02.352Z,2026-06-03T19:15:00+00:00,597.648,0.4649999999999999,NO,0,0.5350000000000001,0.54,310.4,65922.62,65957.33,-34.7100000000064,True,0,NO,True,0.017388,0.44261199999999995,65870.87,65957.33
KXBTC15M-26JUN031515-15,cli_predictor_polymarket_KXBTC15M-26JUN031515-15.csv,630,2026-06-03T19:04:32.098Z,2026-06-03T19:15:00+00:00,627.902,0.445,NO,0,0.5549999999999999,0.56,2323.81,65957.37,65957.33,0.03999999999359716,False,0,NO,True,0.017248,0.42275199999999996,65870.87,65957.33
KXBTC15M-26JUN031530-30,cli_predictor_polymarket_KXBTC15M-26JUN031530-30.csv,600,2026-06-03T19:20:07.928Z,2026-06-03T19:30:00+00:00,592.072,0.435,NO,0,0.565,0.57,50.0,65838.72,65861.21,-22.49000000000524,True,0,NO,True,0.017157000000000002,0.41284300000000007,65558.94,65861.21
KXBTC15M-26JUN031530-30,cli_predictor_polymarket_KXBTC15M-26JUN031530-30.csv,630,2026-06-03T19:19:30.734Z,2026-06-03T19:30:00+00:00,629.266,0.515,YES,1,0.515,0.52,70.66,65890.67,65861.21,29.45999999999185,True,0,NO,False,0.017472,-0.5374720000000001,65558.94,65861.21
KXBTC15M-26JUN031545-45,cli_predictor_polymarket_KXBTC15M-26JUN031545-45.csv,600,2026-06-03T19:35:03.290Z,2026-06-03T19:45:00+00:00,596.71,0.78,YES,1,0.78,0.79,2377.45,65565.16,65546.59,18.570000000006985,True,1,YES,True,0.011613,0.19838699999999995,65684.52,65546.59
KXBTC15M-26JUN031545-45,cli_predictor_polymarket_KXBTC15M-26JUN031545-45.csv,630,2026-06-03T19:34:30.092Z,2026-06-03T19:45:00+00:00,629.908,0.695,YES,1,0.695,0.7,601.55,65579.23,65546.59,32.63999999999942,True,1,YES,True,0.014700000000000003,0.28530000000000005,65684.52,65546.59
KXBTC15M-26JUN031600-00,cli_predictor_polymarket_KXBTC15M-26JUN031600-00.csv,600,2026-06-03T19:50:00.659Z,2026-06-03T20:00:00+00:00,599.341,0.43,NO,0,0.5700000000000001,0.58,285.0,65688.76,65697.18,-8.419999999998254,True,0,NO,True,0.017052000000000005,0.40294800000000003,65394.93,65697.18
KXBTC15M-26JUN031600-00,cli_predictor_polymarket_KXBTC15M-26JUN031600-00.csv,630,2026-06-03T19:49:29.210Z,2026-06-03T20:00:00+00:00,630.79,0.445,NO,0,0.5549999999999999,0.56,3211.45,65744.86,65697.18,47.68000000000757,False,0,NO,True,0.017248,0.42275199999999996,65394.93,65697.18
KXBTC15M-26JUN031615-15,cli_predictor_polymarket_KXBTC15M-26JUN031615-15.csv,600,2026-06-03T20:05:01.637Z,2026-06-03T20:15:00+00:00,598.363,0.195,NO,0,0.8049999999999999,0.81,1657.2,65198.27,65380.34,-182.0699999999997,True,1,YES,False,0.010772999999999998,-0.8207730000000001,65512.33,65380.34
KXBTC15M-26JUN031615-15,cli_predictor_polymarket_KXBTC15M-26JUN031615-15.csv,630,2026-06-03T20:04:28.488Z,2026-06-03T20:15:00+00:00,631.512,0.195,NO,0,0.8049999999999999,0.81,3162.32,65271.58,65380.34,-108.75999999999476,True,1,YES,False,0.010772999999999998,-0.8207730000000001,65512.33,65380.34
KXBTC15M-26JUN031630-30,cli_predictor_polymarket_KXBTC15M-26JUN031630-30.csv,600,2026-06-03T20:20:00.825Z,2026-06-03T20:30:00+00:00,599.175,0.105,NO,0,0.895,0.9,19.0,65271.17,65494.46,-223.29000000000087,True,1,YES,False,0.0063,-0.9063,65502.75,65494.46
KXBTC15M-26JUN031630-30,cli_predictor_polymarket_KXBTC15M-26JUN031630-30.csv,630,2026-06-03T20:19:27.533Z,2026-06-03T20:30:00+00:00,632.467,0.1149999999999999,NO,0,0.8850000000000001,0.89,1886.93,65238.16,65494.46,-256.29999999999563,True,1,YES,False,0.006853,-0.896853,65502.75,65494.46
KXBTC15M-26JUN031645-45,cli_predictor_polymarket_KXBTC15M-26JUN031645-45.csv,600,2026-06-03T20:35:00.651Z,2026-06-03T20:45:00+00:00,599.349,0.335,NO,0,0.665,0.67,1519.24,65401.96,65453.27,-51.30999999999767,True,0,NO,True,0.015477,0.31452299999999994,65133.92,65453.27
KXBTC15M-26JUN031645-45,cli_predictor_polymarket_KXBTC15M-26JUN031645-45.csv,630,2026-06-03T20:34:28.335Z,2026-06-03T20:45:00+00:00,631.665,0.235,NO,0,0.765,0.77,120.0,65383.09,65453.27,-70.18000000000029,True,0,NO,True,0.012397,0.217603,65133.92,65453.27
KXBTC15M-26JUN031700-00,cli_predictor_polymarket_KXBTC15M-26JUN031700-00.csv,600,2026-06-03T20:49:57.526Z,2026-06-03T21:00:00+00:00,602.474,0.265,NO,0,0.735,0.74,943.97,65027.7,65122.87,-95.17000000000553,True,0,NO,True,0.013468000000000003,0.246532,64914.35,65122.87
KXBTC15M-26JUN031700-00,cli_predictor_polymarket_KXBTC15M-26JUN031700-00.csv,630,2026-06-03T20:49:28.090Z,2026-06-03T21:00:00+00:00,631.91,0.275,NO,0,0.725,0.73,577.78,65023.96,65122.87,-98.91000000000349,True,0,NO,True,0.013797000000000002,0.256203,64914.35,65122.87
KXBTC15M-26JUN031715-15,cli_predictor_polymarket_KXBTC15M-26JUN031715-15.csv,600,2026-06-03T21:05:01.403Z,2026-06-03T21:15:00+00:00,598.597,0.885,YES,1,0.885,0.9,2662.44,65189.08,64912.23,276.84999999999854,True,1,YES,True,0.0063,0.09369999999999998,65402.91,64912.23
KXBTC15M-26JUN031715-15,cli_predictor_polymarket_KXBTC15M-26JUN031715-15.csv,630,2026-06-03T21:04:29.294Z,2026-06-03T21:15:00+00:00,630.706,0.9285,YES,1,0.9285,0.929,1941.24,65141.92,64912.23,229.68999999999505,True,1,YES,True,0.004617129999999997,0.06638286999999995,65402.91,64912.23
KXBTC15M-26JUN031730-30,cli_predictor_polymarket_KXBTC15M-26JUN031730-30.csv,600,2026-06-03T21:20:01.722Z,2026-06-03T21:30:00+00:00,598.278,0.765,YES,1,0.765,0.77,2818.26,65455.48,65355.07,100.41000000000349,True,1,YES,True,0.012397,0.217603,65448.19,65355.07
KXBTC15M-26JUN031730-30,cli_predictor_polymarket_KXBTC15M-26JUN031730-30.csv,630,2026-06-03T21:19:30.101Z,2026-06-03T21:30:00+00:00,629.899,0.755,YES,1,0.755,0.76,73.11,65482.8,65355.07,127.7300000000032,True,1,YES,True,0.012768,0.227232,65448.19,65355.07
