contract_id,baseline_entry_time,baseline_direction,baseline_all_in_cost,diverge,trade_quality,taken_by_any_2_1_latch_hold,good_missed,bad_avoided
KXBTC15M-26MAY170030-30,2026-05-17 04:28:31.780000+00:00,NK+P,0.72243472,0,good,True,False,False
KXBTC15M-26MAY170145-45,2026-05-17 05:43:01.560000+00:00,NK+P,0.88694925,1,bad,False,False,True
KXBTC15M-26MAY170345-45,2026-05-17 07:44:18.938000+00:00,NK+P,0.47883748000000004,0,good,True,False,False
KXBTC15M-26MAY170500-00,2026-05-17 08:58:00.795000+00:00,NK+P,0.439452,1,bad,False,False,True
KXBTC15M-26MAY170530-30,2026-05-17 09:28:01.531000+00:00,K+NP,0.490377,1,bad,False,False,True
KXBTC15M-26MAY170800-00,2026-05-17 11:58:01.016000+00:00,K+NP,0.9177970000000001,1,bad,False,False,True
KXBTC15M-26MAY170915-15,2026-05-17 13:13:00.466000+00:00,K+NP,0.6853338800000001,0,good,True,False,False
KXBTC15M-26MAY170930-30,2026-05-17 13:28:02.237000+00:00,K+NP,0.9483870000000001,1,bad,False,False,True
KXBTC15M-26MAY171015-15,2026-05-17 14:13:00.397000+00:00,K+NP,0.60744325,0,good,True,False,False
KXBTC15M-26MAY171145-45,2026-05-17 15:43:00.091000+00:00,K+NP,0.818677,0,good,True,False,False
KXBTC15M-26MAY171245-45,2026-05-17 16:43:01.274000+00:00,NK+P,0.92472688,0,good,False,True,False
KXBTC15M-26MAY171515-15,2026-05-17 19:13:01.208000+00:00,NK+P,0.9690670000000001,0,good,True,False,False
KXBTC15M-26MAY171645-45,2026-05-17 20:43:12.147000+00:00,NK+P,0.9692200000000001,1,bad,False,False,True
KXBTC15M-26MAY171930-30,2026-05-17 23:28:14.903000+00:00,K+NP,0.9217449999999999,0,good,True,False,False
KXBTC15M-26MAY172100-00,2026-05-18 00:59:05.325000+00:00,NK+P,0.49568936999999996,0,good,True,False,False
KXBTC15M-26MAY172130-30,2026-05-18 01:28:00.585000+00:00,K+NP,0.67099933,0,good,True,False,False
KXBTC15M-26MAY172200-00,2026-05-18 01:58:34.361000+00:00,NK+P,0.8488597199999999,0,good,True,False,False
KXBTC15M-26MAY172215-15,2026-05-18 02:14:29.699000+00:00,NK+P,0.69301972,0,good,True,False,False
KXBTC15M-26MAY172230-30,2026-05-18 02:29:46.465000+00:00,K+NP,0.7517597199999999,0,good,True,False,False
KXBTC15M-26MAY180100-00,2026-05-18 04:58:02.270000+00:00,NK+P,0.944233,0,good,True,False,False
KXBTC15M-26MAY180130-30,2026-05-18 05:28:00.790000+00:00,NK+P,0.9595063699999999,1,bad,False,False,True
KXBTC15M-26MAY180230-30,2026-05-18 06:29:00.790000+00:00,K+NP,0.87029888,0,good,True,False,False
KXBTC15M-26MAY180330-30,2026-05-18 07:28:48.386000+00:00,NK+P,0.9693642,0,good,True,False,False
KXBTC15M-26MAY180515-15,2026-05-18 09:13:01.246000+00:00,K+NP,0.8831415699999999,0,good,True,False,False
KXBTC15M-26MAY180530-30,2026-05-18 09:28:05.698000+00:00,K+NP,0.9651569999999999,0,good,True,False,False
KXBTC15M-26MAY180715-15,2026-05-18 11:13:00.909000+00:00,K+NP,0.8399800000000001,0,good,True,False,False
KXBTC15M-26MAY181030-30,2026-05-18 14:28:18.056000+00:00,NK+P,0.96202717,0,good,True,False,False
KXBTC15M-26MAY181430-30,2026-05-18 18:28:06.776000+00:00,K+NP,0.8488597199999999,0,good,True,False,False
KXBTC15M-26MAY181545-45,2026-05-18 19:43:09.489000+00:00,NK+P,0.87991817,0,good,False,True,False
KXBTC15M-26MAY181600-00,2026-05-18 19:59:07.377000+00:00,K+NP,0.8882829999999999,1,bad,False,False,True
KXBTC15M-26MAY181845-45,2026-05-18 22:43:07.710000+00:00,K+NP,0.42637388,0,good,True,False,False
KXBTC15M-26MAY190200-00,2026-05-19 05:58:00.529000+00:00,K+NP,0.694717,0,good,True,False,False
KXBTC15M-26MAY190230-30,2026-05-19 06:28:18.059000+00:00,K+NP,0.8490279999999999,0,good,True,False,False
KXBTC15M-26MAY190315-15,2026-05-19 07:13:26.833000+00:00,NK+P,0.52066477,0,good,True,False,False
KXBTC15M-26MAY190445-45,2026-05-19 08:43:01.310000+00:00,NK+P,0.69408937,0,good,True,False,False
KXBTC15M-26MAY190515-15,2026-05-19 09:13:02.164000+00:00,K+NP,0.8589279999999999,0,good,True,False,False
KXBTC15M-26MAY190645-45,2026-05-19 10:43:04.714000+00:00,K+NP,0.9416049500000001,0,good,False,True,False
KXBTC15M-26MAY190815-15,2026-05-19 12:13:13.284000+00:00,NK+P,0.63045052,0,good,True,False,False
KXBTC15M-26MAY191730-30,2026-05-19 21:28:26.722000+00:00,NK+P,0.946612,0,good,True,False,False
KXBTC15M-26MAY191845-45,2026-05-19 22:43:02.040000+00:00,NK+P,0.8015043700000001,0,good,True,False,False
KXBTC15M-26MAY191930-30,2026-05-19 23:28:32.167000+00:00,NK+P,0.81013972,0,good,True,False,False
KXBTC15M-26MAY192045-45,2026-05-20 00:43:09.910000+00:00,NK+P,0.895867,1,bad,False,False,True
KXBTC15M-26MAY192345-45,2026-05-20 03:43:00.594000+00:00,K+NP,0.652348,0,good,True,False,False
KXBTC15M-26MAY200015-15,2026-05-20 04:13:21.506000+00:00,NK+P,0.92371933,0,good,True,False,False
KXBTC15M-26MAY200500-00,2026-05-20 08:58:01.329000+00:00,K+NP,0.83593552,0,good,True,False,False
KXBTC15M-26MAY200515-15,2026-05-20 09:13:01.913000+00:00,K+NP,0.94809132,0,good,False,True,False
KXBTC15M-26MAY200730-30,2026-05-20 11:28:00.789000+00:00,K+NP,0.438508,0,good,False,True,False
KXBTC15M-26MAY200900-00,2026-05-20 12:59:21.981000+00:00,NK+P,0.81983472,0,good,True,False,False
KXBTC15M-26MAY201000-00,2026-05-20 13:58:00.805000+00:00,NK+P,0.953513,0,good,True,False,False
KXBTC15M-26MAY201545-45,2026-05-20 19:43:18.920000+00:00,NK+P,0.96512937,0,good,False,True,False
KXBTC15M-26MAY201815-15,2026-05-20 22:13:12.414000+00:00,K+NP,0.52463472,0,good,True,False,False
KXBTC15M-26MAY201845-45,2026-05-20 22:43:00.502000+00:00,NK+P,0.896955,0,good,False,True,False
KXBTC15M-26MAY202145-45,2026-05-21 01:43:00.502000+00:00,NK+P,0.938605,0,good,True,False,False
KXBTC15M-26MAY202330-30,2026-05-21 03:28:00.491000+00:00,NK+P,0.30991933,0,good,True,False,False
KXBTC15M-26MAY210100-00,2026-05-21 04:58:42.902000+00:00,NK+P,0.57873748,0,good,True,False,False
KXBTC15M-26MAY210115-15,2026-05-21 05:13:00.862000+00:00,K+NP,0.40140433000000003,0,good,True,False,False
KXBTC15M-26MAY210515-15,2026-05-21 09:13:42.553000+00:00,K+NP,0.931248,0,good,False,True,False
KXBTC15M-26MAY210600-00,2026-05-21 09:58:00.554000+00:00,K+NP,0.9579880000000001,0,good,True,False,False
KXBTC15M-26MAY211100-00,2026-05-21 14:58:00.389000+00:00,NK+P,0.8272,1,bad,False,False,True
KXBTC15M-26MAY211130-30,2026-05-21 15:28:20.955000+00:00,NK+P,0.52998157,0,good,True,False,False
KXBTC15M-26MAY211145-45,2026-05-21 15:43:00.432000+00:00,K+NP,0.94066453,0,good,True,False,False
KXBTC15M-26MAY211200-00,2026-05-21 15:58:00.255000+00:00,NK+P,0.9565706799999999,0,good,False,True,False
KXBTC15M-26MAY211300-00,2026-05-21 16:58:00.563000+00:00,NK+P,0.5677232500000001,0,good,True,False,False
KXBTC15M-26MAY211315-15,2026-05-21 17:13:00.871000+00:00,NK+P,0.7343588799999999,0,good,True,False,False
KXBTC15M-26MAY211345-45,2026-05-21 17:43:07.440000+00:00,K+NP,0.957825,0,good,False,True,False
KXBTC15M-26MAY211545-45,2026-05-21 19:43:39.986000+00:00,NK+P,0.7081815699999999,0,good,False,True,False
KXBTC15M-26MAY211615-15,2026-05-21 20:13:00.069000+00:00,NK+P,0.808532,0,good,False,True,False
KXBTC15M-26MAY211730-30,2026-05-21 21:28:01.352000+00:00,NK+P,0.88842,0,good,True,False,False
KXBTC15M-26MAY211800-00,2026-05-21 21:58:15.617000+00:00,K+NP,0.6371282500000001,0,good,True,False,False
KXBTC15M-26MAY212015-15,2026-05-22 00:13:00.444000+00:00,K+NP,0.82951972,0,good,True,False,False
KXBTC15M-26MAY212115-15,2026-05-22 01:13:37.946000+00:00,NK+P,0.55990657,0,good,True,False,False
KXBTC15M-26MAY220045-45,2026-05-22 04:43:00.529000+00:00,K+NP,0.54566437,0,good,True,False,False
KXBTC15M-26MAY220130-30,2026-05-22 05:28:02.143000+00:00,K+NP,0.5167788799999999,0,good,True,False,False
KXBTC15M-26MAY220400-00,2026-05-22 07:58:17.861000+00:00,K+NP,0.5199865699999999,0,good,True,False,False
KXBTC15M-26MAY220930-30,2026-05-22 13:28:00.100000+00:00,K+NP,0.42530437,0,good,True,False,False
KXBTC15M-26MAY221000-00,2026-05-22 13:58:01.852000+00:00,NK+P,0.8610163200000002,0,good,True,False,False
KXBTC15M-26MAY221145-45,2026-05-22 15:43:07.633000+00:00,K+NP,0.51784825,0,good,True,False,False
KXBTC15M-26MAY221300-00,2026-05-22 16:58:46.487000+00:00,NK+P,0.7809947199999999,0,good,False,True,False
KXBTC15M-26MAY221515-15,2026-05-22 19:13:00.422000+00:00,K+NP,0.48887248,0,good,True,False,False
KXBTC15M-26MAY221645-45,2026-05-22 20:43:00.364000+00:00,K+NP,0.965297,0,good,False,True,False
KXBTC15M-26MAY221830-30,2026-05-22 22:28:00.208000+00:00,K+NP,0.50463472,0,good,True,False,False
KXBTC15M-26MAY222115-15,2026-05-23 01:13:03.297000+00:00,K+NP,0.96382,0,good,True,False,False
KXBTC15M-26MAY222145-45,2026-05-23 01:43:01.147000+00:00,K+NP,0.598228,0,good,False,True,False
KXBTC15M-26MAY230045-45,2026-05-23 04:43:00.627000+00:00,K+NP,0.8282001200000001,0,good,True,False,False
KXBTC15M-26MAY230100-00,2026-05-23 04:58:48.082000+00:00,NK+P,0.9370080000000001,0,good,True,False,False
KXBTC15M-26MAY230245-45,2026-05-23 06:43:01.081000+00:00,K+NP,0.7968930000000001,0,good,False,True,False
KXBTC15M-26MAY230315-15,2026-05-23 07:13:29.327000+00:00,K+NP,0.96840925,0,good,True,False,False
KXBTC15M-26MAY230330-30,2026-05-23 07:28:00.704000+00:00,K+NP,0.8713682500000001,0,good,True,False,False
KXBTC15M-26MAY230700-00,2026-05-23 10:58:26.654000+00:00,K+NP,0.59081052,0,good,True,False,False
KXBTC15M-26MAY230815-15,2026-05-23 12:13:01.026000+00:00,K+NP,0.77232937,0,good,True,False,False
KXBTC15M-26MAY230915-15,2026-05-23 13:13:06.015000+00:00,NK+P,0.5278432500000001,0,good,True,False,False
KXBTC15M-26MAY231045-45,2026-05-23 14:43:02.509000+00:00,NK+P,0.45552937,0,good,True,False,False
KXBTC15M-26MAY231315-15,2026-05-23 17:13:00.766000+00:00,K+NP,0.8444919999999999,1,bad,False,False,True
KXBTC15M-26MAY231430-30,2026-05-23 18:28:00.350000+00:00,NK+P,0.50169232,0,good,True,False,False
KXBTC15M-26MAY231515-15,2026-05-23 19:13:03.117000+00:00,K+NP,0.9482200000000001,0,good,True,False,False
KXBTC15M-26MAY231715-15,2026-05-23 21:13:01.541000+00:00,K+NP,0.5677232500000001,0,good,True,False,False
KXBTC15M-26MAY231930-30,2026-05-23 23:28:00.059000+00:00,K+NP,0.92881132,0,good,True,False,False
KXBTC15M-26MAY232200-00,2026-05-24 01:58:22.528000+00:00,NK+P,0.96205732,0,good,True,False,False
KXBTC15M-26MAY232215-15,2026-05-24 02:13:01.629000+00:00,NK+P,0.966925,0,good,True,False,False
KXBTC15M-26MAY232300-00,2026-05-24 02:58:03.202000+00:00,NK+P,0.8981630000000002,1,bad,False,False,True
KXBTC15M-26MAY240015-15,2026-05-24 04:13:01.130000+00:00,K+NP,0.917833,0,good,True,False,False
KXBTC15M-26MAY240045-45,2026-05-24 04:43:14.306000+00:00,NK+P,0.9643480000000001,0,good,True,False,False
KXBTC15M-26MAY240215-15,2026-05-24 06:13:09.817000+00:00,K+NP,0.9690280000000001,0,good,True,False,False
KXBTC15M-26MAY240315-15,2026-05-24 07:13:00.264000+00:00,K+NP,0.56986157,0,good,True,False,False
KXBTC15M-26MAY240345-45,2026-05-24 07:43:52.716000+00:00,K+NP,0.96520492,0,good,True,False,False
KXBTC15M-26MAY240445-45,2026-05-24 08:43:02.187000+00:00,K+NP,0.696193,0,good,False,True,False
KXBTC15M-26MAY241030-30,2026-05-24 14:28:16.148000+00:00,NK+P,0.826012,0,good,True,False,False
KXBTC15M-26MAY241530-30,2026-05-24 19:29:23.109000+00:00,NK+P,0.9643480000000001,0,good,True,False,False
KXBTC15M-26MAY241615-15,2026-05-24 20:14:04.470000+00:00,K+NP,0.92581972,0,good,True,False,False
KXBTC15M-26MAY242030-30,2026-05-25 00:28:27.926000+00:00,K+NP,0.9489970000000001,1,bad,True,False,False
KXBTC15M-26MAY242345-45,2026-05-25 03:43:02.002000+00:00,K+NP,0.958867,0,good,False,True,False
KXBTC15M-26MAY250230-30,2026-05-25 06:28:56.506000+00:00,K+NP,0.96512937,0,good,True,False,False
KXBTC15M-26MAY250245-45,2026-05-25 06:43:00.477000+00:00,NK+P,0.6437947199999999,0,good,True,False,False
KXBTC15M-26MAY250315-15,2026-05-25 07:13:24.991000+00:00,K+NP,0.37740925000000003,0,good,True,False,False
KXBTC15M-26MAY250545-45,2026-05-25 09:43:34.215000+00:00,NK+P,0.76351817,0,good,True,False,False
KXBTC15M-26MAY250730-30,2026-05-25 11:28:09.986000+00:00,K+NP,0.9631601200000001,0,good,True,False,False
KXBTC15M-26MAY250815-15,2026-05-25 12:13:54.105000+00:00,NK+P,0.969652,0,good,True,False,False
KXBTC15M-26MAY250915-15,2026-05-25 13:13:00.938000+00:00,K+NP,0.92480012,0,good,True,False,False
KXBTC15M-26MAY250930-30,2026-05-25 13:28:51.632000+00:00,NK+P,0.962092,0,good,False,True,False
KXBTC15M-26MAY250945-45,2026-05-25 13:43:00.193000+00:00,K+NP,0.808308,1,bad,False,False,True
KXBTC15M-26MAY251130-30,2026-05-25 15:28:00.119000+00:00,K+NP,0.93333232,0,good,True,False,False
KXBTC15M-26MAY251145-45,2026-05-25 15:43:00.836000+00:00,K+NP,0.937268,0,good,True,False,False
KXBTC15M-26MAY251200-00,2026-05-25 15:58:00.017000+00:00,K+NP,0.9530199999999999,0,good,True,False,False
KXBTC15M-26MAY251215-15,2026-05-25 16:13:00.916000+00:00,K+NP,0.963068,0,good,True,False,False
KXBTC15M-26MAY251230-30,2026-05-25 16:28:40.873000+00:00,NK+P,0.63391972,0,good,True,False,False
KXBTC15M-26MAY251500-00,2026-05-25 18:58:01.719000+00:00,K+NP,0.483113,0,good,True,False,False
KXBTC15M-26MAY251715-15,2026-05-25 21:13:12.520000+00:00,NK+P,0.56879248,0,good,True,False,False
KXBTC15M-26MAY251845-45,2026-05-25 22:43:01.721000+00:00,K+NP,0.50677388,0,good,True,False,False
KXBTC15M-26MAY251900-00,2026-05-25 22:58:02.010000+00:00,NK+P,0.838345,0,good,True,False,False
KXBTC15M-26MAY251945-45,2026-05-25 23:43:00.696000+00:00,NK+P,0.5189174799999999,0,good,True,False,False
KXBTC15M-26MAY252000-00,2026-05-25 23:59:04.259000+00:00,NK+P,0.965297,1,bad,True,False,False
KXBTC15M-26MAY252015-15,2026-05-26 00:13:04.118000+00:00,K+NP,0.8852793299999999,0,good,True,False,False
KXBTC15M-26MAY252100-00,2026-05-26 00:58:54.768000+00:00,NK+P,0.9483870000000001,0,good,False,True,False
KXBTC15M-26MAY252300-00,2026-05-26 02:58:06.248000+00:00,NK+P,0.965297,0,good,True,False,False
KXBTC15M-26MAY260045-45,2026-05-26 04:43:00.621000+00:00,NK+P,0.81057372,0,good,True,False,False
KXBTC15M-26MAY260345-45,2026-05-26 07:43:00.963000+00:00,K+NP,0.95771632,0,good,True,False,False
KXBTC15M-26MAY260515-15,2026-05-26 09:13:00.976000+00:00,K+NP,0.8824200000000001,0,good,True,False,False
KXBTC15M-26MAY260600-00,2026-05-26 09:58:01.343000+00:00,K+NP,0.87751537,0,good,True,False,False
KXBTC15M-26MAY260630-30,2026-05-26 10:28:01.853000+00:00,NK+P,0.81983472,0,good,True,False,False
KXBTC15M-26MAY260715-15,2026-05-26 11:13:13.668000+00:00,K+NP,0.55562937,0,good,True,False,False
KXBTC15M-26MAY260915-15,2026-05-26 13:13:11.789000+00:00,K+NP,0.58760325,0,good,True,False,False
KXBTC15M-26MAY261100-00,2026-05-26 14:58:42.377000+00:00,NK+P,0.52998157,0,good,True,False,False
KXBTC15M-26MAY261145-45,2026-05-26 15:43:04.341000+00:00,K+NP,0.9695540800000001,0,good,True,False,False
KXBTC15M-26MAY261215-15,2026-05-26 16:13:06.998000+00:00,K+NP,0.57445972,0,good,True,False,False
KXBTC15M-26MAY261345-45,2026-05-26 17:43:09.406000+00:00,K+NP,0.953513,0,good,True,False,False
KXBTC15M-26MAY261430-30,2026-05-26 18:28:00.398000+00:00,NK+P,0.5631130000000001,0,good,True,False,False
KXBTC15M-26MAY261515-15,2026-05-26 19:13:00.350000+00:00,NK+P,0.844527,0,good,True,False,False
KXBTC15M-26MAY261530-30,2026-05-26 19:28:39.127000+00:00,NK+P,0.54673388,0,good,True,False,False
KXBTC15M-26MAY261545-45,2026-05-26 19:43:01.522000+00:00,NK+P,0.52463472,0,good,True,False,False
KXBTC15M-26MAY261600-00,2026-05-26 19:58:53.084000+00:00,NK+P,0.9598369999999999,0,good,True,False,False
KXBTC15M-26MAY261615-15,2026-05-26 20:13:00.613000+00:00,NK+P,0.96093052,0,good,True,False,False
KXBTC15M-26MAY261700-00,2026-05-26 20:58:08.934000+00:00,NK+P,0.96521008,0,good,True,False,False
KXBTC15M-26MAY261830-30,2026-05-26 22:28:00.744000+00:00,K+NP,0.734507,0,good,False,True,False
KXBTC15M-26MAY261900-00,2026-05-26 22:58:06.896000+00:00,K+NP,0.5363931700000001,0,good,True,False,False
KXBTC15M-26MAY261945-45,2026-05-26 23:44:22.218000+00:00,NK+P,0.56451472,0,good,True,False,False
KXBTC15M-26MAY262030-30,2026-05-27 00:28:21.568000+00:00,K+NP,0.740773,0,good,True,False,False
KXBTC15M-26MAY262200-00,2026-05-27 01:58:02.155000+00:00,K+NP,0.7183,1,bad,False,False,True
KXBTC15M-26MAY262215-15,2026-05-27 02:13:32.159000+00:00,K+NP,0.52677388,0,good,True,False,False
KXBTC15M-26MAY270000-00,2026-05-27 03:58:02.195000+00:00,K+NP,0.6053043699999999,0,good,True,False,False
KXBTC15M-26MAY270130-30,2026-05-27 05:28:39.207000+00:00,NK+P,0.52677388,0,good,True,False,False
KXBTC15M-26MAY270245-45,2026-05-27 06:43:01.168000+00:00,NK+P,0.81227888,0,good,True,False,False
KXBTC15M-26MAY270330-30,2026-05-27 07:28:00.408000+00:00,NK+P,0.52891248,0,good,True,False,False
KXBTC15M-26MAY270515-15,2026-05-27 09:13:01.102000+00:00,K+NP,0.5478032500000001,0,good,True,False,False
KXBTC15M-26MAY270530-30,2026-05-27 09:28:01.668000+00:00,NK+P,0.53996657,0,good,True,False,False
KXBTC15M-26MAY270615-15,2026-05-27 10:13:02.045000+00:00,K+NP,0.8753882500000001,0,good,True,False,False
KXBTC15M-26MAY270915-15,2026-05-27 13:13:01.278000+00:00,K+NP,0.58546437,0,good,True,False,False
KXBTC15M-26MAY270930-30,2026-05-27 13:28:00.963000+00:00,K+NP,0.45766825,0,good,True,False,False
KXBTC15M-26MAY271015-15,2026-05-27 14:13:42.278000+00:00,K+NP,0.95569872,0,good,True,False,False
KXBTC15M-26MAY271230-30,2026-05-27 16:28:00.374000+00:00,K+NP,0.56986157,0,good,True,False,False
KXBTC15M-26MAY271415-15,2026-05-27 18:13:01.832000+00:00,K+NP,0.96525913,0,good,True,False,False
KXBTC15M-26MAY271430-30,2026-05-27 18:28:02.013000+00:00,NK+P,0.84026437,0,good,True,False,False
KXBTC15M-26MAY271845-45,2026-05-27 22:44:05.014000+00:00,K+NP,0.8259450000000002,0,good,True,False,False
KXBTC15M-26MAY272030-30,2026-05-28 00:28:01.179000+00:00,K+NP,0.7789119999999999,0,good,True,False,False
KXBTC15M-26MAY272300-00,2026-05-28 02:58:51.083000+00:00,NK+P,0.963068,0,good,True,False,False
KXBTC15M-26MAY272315-15,2026-05-28 03:14:12.031000+00:00,K+NP,0.96512937,0,good,True,False,False
KXBTC15M-26MAY280015-15,2026-05-28 04:13:32.982000+00:00,K+NP,0.47776825,0,good,True,False,False
KXBTC15M-26MAY280045-45,2026-05-28 04:43:01.499000+00:00,NK+P,0.54566437,0,good,True,False,False
KXBTC15M-26MAY280145-45,2026-05-28 05:44:16.589000+00:00,NK+P,0.7179865699999999,0,good,True,False,False
KXBTC15M-26MAY280530-30,2026-05-28 09:28:01.202000+00:00,NK+P,0.53889748,0,good,True,False,False
KXBTC15M-26MAY280545-45,2026-05-28 09:43:00.368000+00:00,NK+P,0.42744325,0,good,True,False,False
KXBTC15M-26MAY280730-30,2026-05-28 11:28:02.434000+00:00,K+NP,0.50463472,0,good,True,False,False
KXBTC15M-26MAY280900-00,2026-05-28 12:58:01.556000+00:00,K+NP,0.9606469999999999,0,good,False,True,False
KXBTC15M-26MAY281015-15,2026-05-28 14:13:11.900000+00:00,NK+P,0.936397,1,bad,True,False,False
KXBTC15M-26MAY281045-45,2026-05-28 14:43:01.577000+00:00,K+NP,0.9556575700000001,0,good,True,False,False
KXBTC15M-26MAY281100-00,2026-05-28 14:58:12.427000+00:00,NK+P,0.5431730000000001,0,good,True,False,False
KXBTC15M-26MAY281145-45,2026-05-28 15:43:01.228000+00:00,NK+P,0.9032320000000001,0,good,False,True,False
KXBTC15M-26MAY281215-15,2026-05-28 16:13:02.077000+00:00,NK+P,0.239273,0,good,True,False,False
KXBTC15M-26MAY281245-45,2026-05-28 16:43:00.473000+00:00,NK+P,0.65900657,0,good,True,False,False
KXBTC15M-26MAY281515-15,2026-05-28 19:13:01.567000+00:00,K+NP,0.83058937,0,good,True,False,False
KXBTC15M-26MAY281600-00,2026-05-28 19:58:24.649000+00:00,NK+P,0.965297,1,bad,True,False,False
KXBTC15M-26MAY281630-30,2026-05-28 20:28:01.784000+00:00,NK+P,0.93539472,0,good,True,False,False
KXBTC15M-26MAY281745-45,2026-05-28 21:43:13.549000+00:00,NK+P,0.5146397199999999,0,good,True,False,False
KXBTC15M-26MAY281945-45,2026-05-28 23:43:00.765000+00:00,K+NP,0.52463472,0,good,True,False,False
KXBTC15M-26MAY282000-00,2026-05-28 23:59:28.494000+00:00,NK+P,0.19165888,0,good,True,False,False
KXBTC15M-26MAY282100-00,2026-05-29 00:58:00.805000+00:00,K+NP,0.82090437,0,good,True,False,False
KXBTC15M-26MAY282115-15,2026-05-29 01:13:36.742000+00:00,NK+P,0.9650136699999999,0,good,True,False,False
KXBTC15M-26MAY282145-45,2026-05-29 01:43:17.463000+00:00,K+NP,0.95030657,0,good,True,False,False
KXBTC15M-26MAY282215-15,2026-05-29 02:13:09.801000+00:00,NK+P,0.9662707700000001,0,good,True,False,False
KXBTC15M-26MAY290315-15,2026-05-29 07:13:00.877000+00:00,NK+P,0.92685372,0,good,False,True,False
KXBTC15M-26MAY290330-30,2026-05-29 07:29:28.271000+00:00,K+NP,0.5146397199999999,0,good,True,False,False
KXBTC15M-26MAY290400-00,2026-05-29 07:58:21.435000+00:00,NK+P,0.5342565300000001,0,good,True,False,False
KXBTC15M-26MAY290430-30,2026-05-29 08:28:00.297000+00:00,NK+P,0.49568936999999996,0,good,True,False,False
KXBTC15M-26MAY290600-00,2026-05-29 09:58:00.993000+00:00,K+NP,0.54459472,0,good,True,False,False
KXBTC15M-26MAY290615-15,2026-05-29 10:13:01.358000+00:00,K+NP,0.93120625,0,good,True,False,False
KXBTC15M-26MAY290930-30,2026-05-29 13:28:00.790000+00:00,K+NP,0.6293529999999999,0,good,True,False,False
KXBTC15M-26MAY291030-30,2026-05-29 14:28:01.057000+00:00,K+NP,0.50463472,0,good,True,False,False
