sample,profit_margin,contracts_evaluated,model_signal_contracts,model_signal_rate,approved_trades,approved_trade_rate,approved_trade_rate_ci_low,approved_trade_rate_ci_high,expected_minutes_between_trades,minutes_between_trades_ci_low,minutes_between_trades_ci_high,divergent_trades,divergence_rate,divergence_rate_ci_low,divergence_rate_ci_high,expected_entry_price,entry_price_ci_low,entry_price_ci_high,expected_profit_per_traded_contract,profit_per_traded_contract_ci_low,profit_per_traded_contract_ci_high,expected_profit_per_15m_contract,profit_per_15m_contract_ci_low,profit_per_15m_contract_ci_high,total_profit,total_profit_ci_low,total_profit_ci_high
all,0.01,1158,991,0.8557858376511226,887,0.7659758203799655,0.7417962003454232,0.7901554404145078,19.582863585118375,18.983606557377048,20.221187427240977,14,0.015783540022547914,0.007954545454545454,0.024664369152410996,0.8057604170349492,0.7928515976892077,0.8186395616492916,0.1784560429425028,0.16219408119966702,0.19414581980162773,0.13669301389464594,0.12325676805224525,0.14943475629835923,158.29051009,142.7313374045,173.0454477935
all,0.02,1158,991,0.8557858376511226,861,0.7435233160621761,0.7184801381692574,0.768566493955095,20.174216027874564,19.51685393258427,20.877403846153847,14,0.016260162601626018,0.008215962441314555,0.025404157043879907,0.7672500051684087,0.7534826474553575,0.7808164896400185,0.21648983222996518,0.19972360216921717,0.23284228332475634,0.1609652379533679,0.14726813533268568,0.17445437276683934,186.39774555000002,170.53650071525,202.01816366399996
all,0.03,1158,991,0.8557858376511226,831,0.7176165803108808,0.6917098445595855,0.7435233160621761,20.902527075812273,20.174216027874564,21.685393258426966,14,0.01684717208182912,0.00853658536585366,0.026284348864994027,0.7399911439711192,0.7259226014268164,0.753682727976567,0.24316168394705176,0.22588368061786937,0.25983721570326807,0.1744968560967185,0.16058442655246116,0.18853794003713295,202.06735936,185.95676594775,218.32693456299995
all,0.04,1158,991,0.8557858376511226,808,0.697754749568221,0.6709844559585493,0.7236614853195165,21.49752475247525,20.727923627684966,22.355212355212355,14,0.017326732673267328,0.008771655358672024,0.0270611037391162,0.722025625470297,0.7077903424050597,0.735778611693348,0.26064764185643563,0.24306960965992108,0.2776835974006738,0.18186813006908462,0.16782622768933506,0.19604256513514678,210.60329461999999,194.34277166425,227.0172904265
all,0.05,1158,991,0.8557858376511226,785,0.6778929188255614,0.6502590673575129,0.7046632124352331,22.127388535031844,21.28676470588235,23.067729083665338,13,0.016560509554140127,0.008652390544644355,0.02635046518785064,0.7043646449681529,0.6904159115698847,0.718009707838206,0.279074845477707,0.2616351693335459,0.29602942443435704,0.1891828615716753,0.17534119785319516,0.20317255570315199,219.0737537,203.045107114,235.27381950424999
all,0.06,1158,991,0.8557858376511226,770,0.6649395509499136,0.6381692573402418,0.6917098445595855,22.558441558441558,21.685393258426966,23.50473612990528,13,0.016883116883116882,0.00880503144654088,0.026855079558962693,0.6880126022337663,0.6740246996067193,0.7019435490735471,0.2951042808831169,0.2775142387479647,0.31214373400501444,0.19622650801381694,0.18191793726748703,0.2102118415893782,227.23029628,210.66097135575,243.42531256049995
all,0.07,1158,991,0.8557858376511226,748,0.6459412780656304,0.6183074265975821,0.6735751295336787,23.22192513368984,22.26923076923077,24.25977653631285,12,0.016042780748663103,0.007947019867549669,0.025677415220098122,0.6747315917914438,0.6608024341123772,0.6882754240143524,0.30922562745989307,0.29205083885343613,0.3256988458202897,0.19974159701208982,0.1855377653972366,0.2137285735127375,231.30076934000002,214.85273232999998,247.49768812775
all,0.08,1158,991,0.8557858376511226,736,0.6355785837651122,0.6079447322970639,0.6632124352331606,23.60054347826087,22.6171875,24.673295454545453,12,0.016304347826086956,0.008075370121130552,0.026170798898071626,0.6675887282744566,0.654080537380389,0.6811850594708218,0.3161069238994565,0.2987330170323252,0.332704570289049,0.2009107910103627,0.18673562241645078,0.2149631287379102,232.65469599,216.23985075825001,248.9273030785
all,0.09,1158,991,0.8557858376511226,708,0.6113989637305699,0.582901554404145,0.6390328151986183,24.533898305084747,23.472972972972972,25.733333333333334,12,0.01694915254237288,0.008391608391608392,0.02726032049261989,0.654767420621469,0.6412071980254531,0.6681546808434377,0.32828342683615824,0.3108302747250848,0.34489126630640493,0.20071214697754752,0.18629024331433505,0.21487240240932637,232.42466620000002,215.72410175800002,248.82224198999995
all,0.1,1158,991,0.8557858376511226,692,0.5975820379965457,0.5682210708117443,0.6252158894645942,25.101156069364162,23.99171270718232,26.398176291793312,12,0.017341040462427744,0.008608013056365183,0.027819365652923964,0.6449649974132948,0.6317128731714169,0.6577137175322216,0.3376939621242775,0.32039113467148644,0.35454241519430957,0.20179984610535406,0.18736014638234022,0.21579751647042314,233.68422179,216.96304951075,249.89352407275
all,0.11,1158,991,0.8557858376511226,680,0.5872193436960277,0.5578583765112263,0.6157167530224525,25.544117647058822,24.361851332398317,26.888544891640866,12,0.01764705882352941,0.008771929824561403,0.02827417786421499,0.6390072843529412,0.6259754670831442,0.6515710843166101,0.3433456568235294,0.32575989624318935,0.36023472210385615,0.20161921126079446,0.187047591671848,0.21563011440695162,233.47504664,216.601111156,249.69967248324997
all,0.12,1158,991,0.8557858376511226,673,0.581174438687392,0.5509499136442142,0.6096718480138169,25.809806835066865,24.60339943342776,27.225705329153605,12,0.017830609212481426,0.008849557522123894,0.028529601029601014,0.6332746701634473,0.6200988364446794,0.6457397985507566,0.3488947206240713,0.3312952024466993,0.3657769869994084,0.20276869341968912,0.1882011000552677,0.21704037221286696,234.80614698,217.93687386399998,251.33275102249996
all,0.13,1158,991,0.8557858376511226,663,0.572538860103627,0.5431778929188256,0.6010362694300518,26.199095022624434,24.95689655172414,27.615262321144673,12,0.01809954751131222,0.008995165590857265,0.02900763358778626,0.6282576030769231,0.6153021204517751,0.640717629370163,0.35364284941176466,0.3359712684583239,0.3706186817315728,0.20247427388601033,0.18781594309348013,0.21689721559283245,234.46520915999997,217.49086210225,251.16697565649997
all,0.14,1158,991,0.8557858376511226,648,0.5595854922279793,0.5302245250431779,0.5872193436960277,26.805555555555557,25.544117647058822,28.289902280130292,12,0.018518518518518517,0.009188010171825169,0.029688661482785584,0.6199322697222223,0.6072307747128426,0.6322357616323163,0.36154921175925925,0.3438906920894915,0.3788208546808359,0.202317693626943,0.18778936742897237,0.21671051460664942,234.28388922,217.46008748275,250.9507759145
all,0.15,1158,991,0.8557858376511226,637,0.5500863557858376,0.5207253886010362,0.5785837651122625,27.268445839874413,25.925373134328357,28.80597014925373,12,0.018838304552590265,0.009360009914415268,0.030303030303030304,0.6141552586970173,0.6018728885182227,0.6263131442260413,0.36700643675039246,0.3492583999991913,0.38417206946307486,0.2018852333419689,0.1873938158380829,0.21618556037327288,233.78310021,217.0020387405,250.34287891225
all,0.16,1158,991,0.8557858376511226,623,0.5379965457685665,0.5086355785837651,0.5673575129533679,27.881219903691814,26.438356164383563,29.490662139219015,11,0.01765650080256822,0.008142991446201108,0.028708133971291867,0.606330757046549,0.5943325193821033,0.6181315225768841,0.3760127421508828,0.35900870555140224,0.3924591831739921,0.20229355644214161,0.1877551577864853,0.2162456610509499,234.25593836,217.42047271675,250.412475497
all,0.17,1158,991,0.8557858376511226,616,0.531951640759931,0.5025906735751295,0.5604706390328149,28.198051948051948,26.76322330212161,29.84536082474227,11,0.017857142857142856,0.008223684210526315,0.02901078938676648,0.6021538056331168,0.590363285925666,0.6136237731710799,0.37998905150974027,0.3632162818081312,0.3964645469388428,0.20213579942141624,0.18758791804101901,0.21629432988385147,234.07325573,217.2268090915,250.46883400549999
all,0.18,1158,991,0.8557858376511226,609,0.5259067357512953,0.49654576856649396,0.5544041450777202,28.52216748768473,27.05607476635514,30.208695652173912,11,0.0180623973727422,0.008333333333333333,0.02936378466557912,0.5978138842364532,0.5862572361511593,0.6089912399454257,0.38412371839080456,0.36743674982959057,0.4007046060437983,0.20201325086355784,0.18746454552353195,0.21623470408678755,233.93134449999997,217.08394371625,250.39978733249998
all,0.19,1158,991,0.8557858376511226,588,0.5077720207253886,0.4792746113989637,0.5362694300518135,29.54081632653061,27.971014492753625,31.2972972972973,11,0.01870748299319728,0.008620318713276752,0.030456852791878174,0.5889689282312924,0.5775261803810358,0.6002393657854793,0.39232358877551027,0.37535727035671096,0.4088210561405586,0.19921094145077722,0.18461274663406735,0.21340006151230567,230.68627020000002,213.78156060224998,247.11727123124996
all,0.2,1158,991,0.8557858376511226,570,0.49222797927461137,0.4637305699481865,0.5207253886010362,30.47368421052632,28.80597014925373,32.3463687150838,11,0.01929824561403509,0.008880994671403197,0.031360253206122166,0.5808290668947368,0.5694813309048247,0.5919417289638699,0.3998726874912281,0.38284618756351474,0.4168079490544009,0.19682852493091538,0.18229362847042313,0.21104693711571676,227.92743187000002,211.09602176874998,244.39235318
all,0.21,1158,991,0.8557858376511226,559,0.48272884283246975,0.4542314335060449,0.5112262521588946,31.073345259391772,29.341216216216218,33.02281368821293,11,0.01967799642218247,0.009074410163339383,0.03202846975088968,0.5760002884794275,0.5645391271425287,0.586817796112501,0.40432171509839,0.38733879320015957,0.42123631302129794,0.19517775366148532,0.18071692483873056,0.209386639201209,226.01583874,209.27019896325,242.46972819500002
all,0.22,1158,991,0.8557858376511226,551,0.4758203799654577,0.4473229706390328,0.5043177892918825,31.524500907441016,29.743150684931507,33.53281853281853,11,0.019963702359346643,0.009224667522918324,0.03243389598985265,0.5714251597277676,0.5601639570990888,0.5819200594443393,0.40861113791288567,0.39159528810838123,0.42564868429353336,0.1944255068998273,0.17975570676921415,0.2084005641485319,225.14473699,208.15710843875,241.32785328399993
all,0.23,1158,991,0.8557858376511226,546,0.47150259067357514,0.4430051813471503,0.5,31.813186813186814,30.0,33.85964912280702,11,0.020146520146520148,0.00927600838315124,0.032846715328467155,0.5681268120879119,0.5569869061869245,0.578493536058003,0.41172666776556777,0.3948884703086238,0.4284776780920739,0.19413019050086355,0.17955567581044907,0.20818819211031947,224.8027606,207.9254725885,241.08192646374997
all,0.24,1158,991,0.8557858376511226,533,0.46027633851468047,0.4309153713298791,0.48877374784110533,32.589118198874296,30.68904593639576,34.809619238476955,10,0.01876172607879925,0.007782101167315175,0.031078610603290677,0.561535393564728,0.5505920151552353,0.5718726645565394,0.4197028803564728,0.40328958886550187,0.4360030770719714,0.1931793050345423,0.17873222964443006,0.20748872099028498,223.70163523,206.97192192825,240.27193890675
all,0.25,1158,991,0.8557858376511226,523,0.45164075993091535,0.422279792746114,0.48100172711571676,33.21223709369025,31.18491921005386,35.52147239263804,10,0.019120458891013385,0.007936507936507936,0.03177570093457944,0.5571060447418738,0.5463398680875385,0.5673772306430874,0.4237734963671128,0.4071743865057034,0.4399012692995004,0.19139338393782385,0.17676354811960274,0.2059846708810449,221.6335386,204.6921887225,238.53024888024999
all,0.26,1158,991,0.8557858376511226,515,0.44473229706390327,0.4153713298791019,0.47322970639032813,33.728155339805824,31.697080291970803,36.11226611226611,10,0.019417475728155338,0.008080400782013686,0.032196969696969696,0.552809745223301,0.5421935331921036,0.5629838105715139,0.4277727790485437,0.4109730587867538,0.4440474468607602,0.19024437064766841,0.17563359970379966,0.20465437199352332,220.30298121,203.38370845699998,236.98976276850001
all,0.27,1158,991,0.8557858376511226,508,0.4386873920552677,0.40932642487046633,0.4680483592400691,34.19291338582677,32.047970479704794,36.64556962025316,10,0.01968503937007874,0.00816326530612245,0.03262955854126679,0.5489924150787402,0.5387327744511156,0.5589049298116064,0.43132254555118116,0.41435058441383327,0.4475314182551499,0.18921576264248707,0.17456358536161487,0.20348784222689983,219.11185314000002,202.14463184875,235.63892129875
all,0.28,1158,991,0.8557858376511226,497,0.42918825561312607,0.3998272884283247,0.45682210708117443,34.94969818913481,32.83553875236295,37.51619870410367,10,0.02012072434607646,0.008350730688935281,0.03333333333333333,0.5442400222535211,0.5340218509806521,0.5541217796149484,0.43563925340040244,0.4186108960736994,0.4520238459561675,0.18697125124352332,0.17237360035341107,0.2013559783419689,216.51270894,199.60862920925,233.17022292
all,0.29,1158,991,0.8557858376511226,483,0.4170984455958549,0.38773747841105355,0.44559585492227977,35.96273291925466,33.66279069767442,38.68596881959911,10,0.020703933747412008,0.0086763200646064,0.03418803418803419,0.5384743112836439,0.528579953574111,0.5481251975924936,0.4408217549689441,0.4233785694752611,0.4575491165166015,0.18386606878238343,0.16918447128238343,0.19823065129965456,212.91690765,195.915617745,229.55109420499997
all,0.3,1158,991,0.8557858376511226,475,0.41018998272884283,0.38169257340241797,0.4386873920552677,36.56842105263158,34.19291338582677,39.29864253393665,10,0.021052631578947368,0.00880960661565809,0.03478394511760511,0.53537627,0.5255907771323154,0.545032611747567,0.44357109842105263,0.4257958996764202,0.4601958426639965,0.1819484212003454,0.16734016262068221,0.19619811692443867,210.69627175,193.77990831475,227.1974193985
all,0.31,1158,991,0.8557858376511226,465,0.4015544041450777,0.3738989637305699,0.42918825561312607,37.35483870967742,34.94969818913481,40.117794938414136,10,0.021505376344086023,0.009009009009009009,0.03563941299790356,0.5309901903225807,0.5211584520902569,0.5404934986364247,0.44750443333333334,0.4298542243703839,0.46402475412868316,0.17969737607944733,0.1652440732787133,0.1941257801720639,208.0895615,191.35263685675,224.79765343924998
all,0.32,1158,991,0.8557858376511226,455,0.39291882556131263,0.3644214162348877,0.4214162348877375,38.175824175824175,35.59426229508197,41.161137440758296,10,0.02197802197802198,0.009259259259259259,0.03648068669527897,0.526529605912088,0.5169173971365967,0.5359474240403767,0.4514923721098902,0.43370843055625197,0.46775679485560634,0.17739985259930918,0.16262511907253885,0.19178070174611395,205.42902931000003,188.319887886,222.08205262199996
all,0.33,1158,991,0.8557858376511226,452,0.3903281519861831,0.36183074265975823,0.41882556131260795,38.42920353982301,35.81443298969072,41.45584725536993,10,0.022123893805309734,0.009324009324009324,0.03669774307963619,0.5242336623893805,0.514592220019505,0.5335759153871575,0.45364244380530977,0.4359498994787008,0.47002580480512096,0.17706941675302246,0.1621447901144214,0.1916334245179188,205.0463846,187.7636669525,221.91150559174997
all,0.34,1158,991,0.8557858376511226,440,0.3799654576856649,0.35146804835924006,0.40846286701208984,39.47727272727273,36.723044397463,42.67813267813268,10,0.022727272727272728,0.00961480815347722,0.037694013303769404,0.5191775029090909,0.5095174587789973,0.5282267214267188,0.4580952243636363,0.440307435389066,0.47464691684838645,0.17406036158894644,0.15941323409736613,0.18864681464486183,201.56189872,184.60052508475,218.45301135875
all,0.35,1158,991,0.8557858376511226,427,0.3687392055267703,0.34024179620034545,0.39723661485319517,40.67915690866511,37.76086956521739,44.08629441624365,10,0.0234192037470726,0.009851611575749507,0.038724787239323356,0.5137711376580796,0.5044400594489968,0.5227410005799983,0.46280965859484785,0.4447984160955213,0.4796657466782706,0.17065606582037998,0.15608446046481003,0.18524959532297064,197.61972422000002,180.74580521825,214.519031384
all,0.36,1158,991,0.8557858376511226,416,0.3592400690846287,0.3316062176165803,0.38773747841105355,41.75480769230769,38.68596881959911,45.234375,10,0.02403846153846154,0.01017747122873639,0.0397196261682243,0.5099989772596154,0.500533294206451,0.5188454223361132,0.4659625612019231,0.44759923320619543,0.4832453583506661,0.16739242267702936,0.15265398019386872,0.1819406551595423,193.84042546,176.77330906449998,210.68727867475
all,0.37,1158,991,0.8557858376511226,402,0.3471502590673575,0.31951640759930916,0.3756476683937824,43.208955223880594,39.93103448275862,46.945945945945944,10,0.024875621890547265,0.010526315789473684,0.04116222760290557,0.5041656634577115,0.4946375710246731,0.513088358250636,0.4709587146517413,0.4525494949959204,0.4883445385008979,0.1634934398013817,0.14900520184715027,0.17810348319710706,189.32540329,172.548023739,206.24383354224997
all,0.38,1158,991,0.8557858376511226,391,0.3376511226252159,0.31001727115716754,0.36528497409326427,44.424552429667514,41.06382978723404,48.38440111420613,10,0.02557544757033248,0.010810082319516282,0.04228855721393035,0.4997589539641944,0.49035140652446857,0.5086074042268225,0.4746655984654731,0.4559499420918221,0.4922055005635949,0.16027137219343696,0.1456007444099741,0.17503281819537997,185.594249,168.60566202675,202.68800347025
all,0.39,1158,991,0.8557858376511226,385,0.3324697754749568,0.30483592400690845,0.3601036269430052,45.116883116883116,41.65467625899281,49.20679886685552,10,0.025974025974025976,0.010988258317025441,0.04289544235924933,0.4972213496363636,0.4878207244510581,0.5061405038093343,0.4768046243896104,0.4577167267433918,0.49463812828540044,0.1585231264162349,0.1439446439935233,0.17316819907102762,183.56978039,166.6878977445,200.52877452425
all,0.4,1158,991,0.8557858376511226,373,0.3221070811744387,0.29533678756476683,0.34974093264248707,46.56836461126005,42.888888888888886,50.78947368421053,10,0.02680965147453083,0.011362831573525625,0.044554800187539635,0.49242163975871317,0.48283478668563046,0.5013292351714521,0.4807687087667561,0.4612269049621516,0.4987973844643697,0.15485900550086357,0.140484349994171,0.16936770646934368,179.32672837,162.68087729325,196.12780409149997
all,0.41,1158,991,0.8557858376511226,367,0.3169257340241796,0.28929188255613125,0.344559585492228,47.32970027247956,43.53383458646616,51.850746268656714,10,0.027247956403269755,0.011494252873563218,0.04522862186285532,0.48975027539509536,0.48033719650371914,0.4986743952730089,0.4830017682016349,0.46352378567324476,0.5010941139594566,0.1530756899222798,0.1387860127163212,0.1677891366591105,177.26164893,160.71420272549997,194.29982025124997
all,0.42,1158,991,0.8557858376511226,353,0.30483592400690845,0.27806563039723664,0.3316062176165803,49.20679886685553,45.234375,53.94409937888199,10,0.028328611898016998,0.011939410092395167,0.0469227353123588,0.48499799830028323,0.47557517537457494,0.49400373223742017,0.48667338980169966,0.4665662730632646,0.5051595756209446,0.14835553246977545,0.13420115674913646,0.16290367013277202,171.7957066,155.40493951550002,188.64245001375
all,0.43,1158,991,0.8557858376511226,342,0.29533678756476683,0.26856649395509496,0.3221070811744387,50.78947368421053,46.56836461126005,55.852090032154344,10,0.029239766081871343,0.012344729344729344,0.048485665278118095,0.48106133748538016,0.4715671688440366,0.4899755757064455,0.4896988964327485,0.4691153402728044,0.5087527302460858,0.1446260989464594,0.1303224686638601,0.15909166793566495,167.47702257999998,150.91341871275,184.22815146949998
all,0.44,1158,991,0.8557858376511226,318,0.27461139896373055,0.24870466321243523,0.3013816925734024,54.62264150943397,49.77077363896848,60.3125,10,0.031446540880503145,0.013377926421404682,0.05228758169934641,0.4738479863836478,0.464220766740962,0.4829733573884154,0.4947054727358491,0.4726330940787114,0.514996089837817,0.1358517619430052,0.12146633691278066,0.15028105473704662,157.31634033,140.658018145,174.0254613855
all,0.45,1158,991,0.8557858376511226,297,0.25647668393782386,0.231433506044905,0.2823834196891192,58.48484848484848,53.11926605504587,64.81343283582089,10,0.03367003367003367,0.014387199917485367,0.055944055944055944,0.4675944476430976,0.4574024834073843,0.4771465969925279,0.4987355186868687,0.47504977589119596,0.5203167327177589,0.12791403199481866,0.11406821619775476,0.14231199499309155,148.12444905,132.090994357,164.797290202
all,0.46,1158,991,0.8557858376511226,284,0.2452504317789292,0.22020725388601037,0.270293609671848,61.16197183098591,55.49520766773163,68.11764705882354,10,0.035211267605633804,0.014979875901391918,0.058636712013795673,0.46156940436619714,0.45104593807211324,0.471432225354978,0.503219328028169,0.47872962158063637,0.5259896007565169,0.12341475747841106,0.10939635888816925,0.13783788791321244,142.91428916,126.68098359249998,159.6162742035
all,0.47,1158,991,0.8557858376511226,265,0.22884283246977546,0.20466321243523317,0.2538860103626943,65.54716981132076,59.08163265306123,73.29113924050633,10,0.03773584905660377,0.01606425702811245,0.06274509803921569,0.4556791382264151,0.4449868238716193,0.46608539189899995,0.5065850127169811,0.4802389848354312,0.5309890827387669,0.1159283491968912,0.10219583700215891,0.13012980250885145,134.24502837,118.34277924850001,150.69031130525
all,0.48,1158,991,0.8557858376511226,228,0.19689119170984457,0.17443868739205526,0.22020725388601037,76.18421052631578,68.11764705882354,85.99009900990099,9,0.039473684210526314,0.016736401673640166,0.06666666666666667,0.44058056385964905,0.4283086856186766,0.45211130504056535,0.5199457519298246,0.4903670637874469,0.5466265728430354,0.10237273872193438,0.08903568058419689,0.11600037989961139,118.54763144,103.10331811649999,134.32843992374998
all,0.49,1158,991,0.8557858376511226,188,0.16234887737478412,0.14162348877374784,0.18393782383419688,92.39361702127658,81.54929577464789,105.91463414634147,8,0.0425531914893617,0.015789473684210527,0.07329842931937172,0.42223471553191494,0.40825153778393175,0.43511106098908253,0.5352120929787234,0.5025738041747309,0.56605035079297,0.08689108245250432,0.07440321007923142,0.09971946919645941,100.61987348,86.15891727174998,115.47514532949998
all,0.5,1158,991,0.8557858376511226,167,0.14421416234887738,0.1234887737478411,0.16493955094991364,104.01197604790418,90.94240837696336,121.46853146853147,8,0.04790419161676647,0.017857142857142856,0.08241758241758242,0.410006424491018,0.3954457554259671,0.4233502761657328,0.5420893838922156,0.5064115709605473,0.5761531388560087,0.0781769664162349,0.06604056076899827,0.09073159433506044,90.52892711000001,76.47496937049999,105.06718623999998
all,0.51,1158,991,0.8557858376511226,154,0.13298791018998274,0.11312607944732297,0.153713298791019,112.79220779220779,97.58426966292134,132.59541984732823,8,0.05194805194805195,0.01935483870967742,0.0902268692564745,0.40238392071428575,0.3868897198744193,0.41655361475114255,0.5456680273376623,0.5069771788992916,0.5821658154403104,0.07256725061312608,0.0606390463585924,0.08489619552353195,84.03287621,70.22001568325001,98.30979441625
all,0.52,1158,991,0.8557858376511226,136,0.11744386873920552,0.09930915371329879,0.13730569948186527,127.72058823529412,109.24528301886792,151.04347826086956,8,0.058823529411764705,0.022058823529411766,0.1016949152542373,0.39020300088235294,0.3744358035363754,0.40489607441133846,0.5509734697058823,0.5071163620602058,0.5920452198143751,0.06470845585492228,0.053473555091753014,0.07675627752957684,74.93239188,61.92237679625,88.88376937924998
all,0.53,1158,991,0.8557858376511226,121,0.10449050086355786,0.08721934369602763,0.1234887737478411,143.55371900826447,121.46853146853147,171.98019801980197,8,0.06611570247933884,0.02459016393442623,0.11304347826086956,0.3738214347933884,0.3569984607402707,0.38965150903356527,0.5600628627272727,0.5114894463811545,0.6049801027801763,0.05852124904145078,0.04773812635578584,0.07004122283376511,67.76760639,55.28075032,81.1077360415
all,0.54,1158,991,0.8557858376511226,109,0.09412780656303972,0.07772020725388601,0.11139896373056994,159.3577981651376,134.65116279069767,193.0,7,0.06422018348623854,0.01979712677150068,0.11206896551724138,0.36242503449541286,0.3453401776831683,0.378609056932601,0.5733547820183486,0.5232000306126823,0.6190389041587069,0.05396862801381692,0.043601641302677026,0.06505050127331606,62.49567123999999,50.490700628499994,75.3284804745
all,0.55,1158,991,0.8557858376511226,100,0.08635578583765112,0.07081174438687392,0.10276338514680483,173.70000000000002,145.96638655462183,211.82926829268294,7,0.07,0.021972049689440998,0.1224537928378898,0.35195517010000005,0.3347508928680555,0.36848287427963916,0.5780448299,0.5231829084937188,0.6275862711042521,0.04991751553540587,0.03972486359045769,0.060619312803756466,57.80448299,46.00139203775,70.19716422674999
all,0.56,1158,991,0.8557858376511226,95,0.08203799654576857,0.06649395509499137,0.09844559585492228,182.8421052631579,152.3684210526316,225.58441558441558,7,0.07368421052631578,0.023249131248329325,0.12941176470588237,0.34489433052631585,0.32708822938180915,0.3618486585885093,0.5814214589473684,0.5234836317093937,0.6340534631050958,0.04769865164075993,0.0377655720123057,0.058233629248704656,55.2350386,43.73253239025,67.43454267
all,0.57,1158,991,0.8557858376511226,89,0.0768566493955095,0.06217616580310881,0.0924006908462867,195.1685393258427,162.33644859813083,241.25,7,0.07865168539325842,0.024691358024691357,0.13725490196078433,0.33701648247191013,0.3190560388802271,0.35386510090594053,0.5843318321348314,0.522491104497255,0.6403339348907737,0.04490978675302245,0.03523534154145078,0.055186942020293596,52.00553306,40.802525505,63.90647885949998
all,0.58,1158,991,0.8557858376511226,79,0.06822107081174439,0.054404145077720206,0.08290155440414508,219.873417721519,180.9375,275.7142857142857,7,0.08860759493670886,0.028169014084507043,0.15492957746478872,0.32268059493670886,0.3043608146057335,0.3398854046146578,0.5887118101265822,0.5186043676157022,0.6525666061689144,0.04016255008635578,0.030840568723445594,0.05005794834542313,46.508233,35.71337858175,57.967104183999986
all,0.59,1158,991,0.8557858376511226,76,0.06563039723661486,0.05181347150259067,0.08031088082901554,228.55263157894734,186.7741935483871,289.5,6,0.07894736842105263,0.024089213998852558,0.14290017211703895,0.3179206535526316,0.29972200363908724,0.3351327293888889,0.6031319780263158,0.5358447724547483,0.6637253982817614,0.03958379130397237,0.03036547845768567,0.04949587468221071,45.83803033,35.163224054000004,57.316222882
all,0.6,1158,991,0.8557858376511226,74,0.06390328151986183,0.05008635578583765,0.07858376511226252,234.72972972972974,190.87912087912088,299.48275862068965,6,0.08108108108108109,0.024691358024691357,0.14814814814814814,0.3137090548648649,0.2955948433451899,0.3309133575022572,0.6052098640540541,0.5372856166966166,0.6662388404537116,0.038674896321243525,0.029631549708765113,0.04843373042724523,44.78552994,34.31333456275,56.086259834749974
all,0.61,1158,991,0.8557858376511226,68,0.05872193436960276,0.045768566493955096,0.07253886010362694,255.44117647058823,206.78571428571428,327.7358490566038,6,0.08823529411764706,0.02702702702702703,0.16049933862433854,0.30205924544117646,0.284089955194365,0.3190876443333333,0.6097054604411765,0.5365832726009324,0.674294244693662,0.0358030840328152,0.027046017626727117,0.04535477831390326,41.45997131,31.31928841175,52.52083328749998
all,0.62,1158,991,0.8557858376511226,63,0.054404145077720206,0.04229274611398964,0.06822107081174439,275.7142857142857,219.873417721519,354.67442602040546,6,0.09523809523809523,0.028985507246376812,0.1728454415954415,0.2949301238095238,0.2768439275672794,0.31226592977284945,0.6098317809523809,0.5309452217943145,0.6794541633907004,0.03317737668393782,0.024628736621761658,0.04245608386528497,38.41940219999999,28.520077007999998,49.16414511599999
all,0.63,1158,991,0.8557858376511226,60,0.05181347150259067,0.039723661485319514,0.06563039723661486,289.5,228.55263157894737,377.60869565217394,6,0.1,0.030303030303030304,0.18181818181818182,0.2861920213333333,0.2679535899733037,0.30328215510843104,0.6138079786666667,0.5291407051024147,0.6868094357059658,0.03180352221070812,0.023287583753022454,0.041096077593480135,36.82847872,26.967021986,47.58925785325
all,0.64,1158,991,0.8557858376511226,57,0.04922279792746114,0.037132987910189985,0.06217616580310881,304.7368421052631,241.25,403.95348837209303,6,0.10526315789473684,0.03225806451612903,0.19230769230769232,0.28159156456140355,0.2629693759956795,0.29884216293750004,0.6131452775438596,0.5241003941906606,0.6909135370961363,0.03018072609671848,0.021917692148963733,0.039224856123272867,34.94928082,25.3806875085,45.42238339074998
all,0.65,1158,991,0.8557858376511226,55,0.047495682210708115,0.03540587219343696,0.06044905008635579,315.8181818181818,248.14285714285714,423.6585365853659,6,0.10909090909090909,0.03278688524590164,0.2,0.27660977345454546,0.2580570497924016,0.2934795769247076,0.6142993174545454,0.5212361218544914,0.6945612315003918,0.02917656516407599,0.020953221935664935,0.03828767663946459,33.786462459999996,24.263831001499998,44.337129548499995
all,0.66,1158,991,0.8557858376511226,52,0.044905008635578586,0.03367875647668394,0.05699481865284974,334.03846153846155,263.1818181818182,445.38461538461536,6,0.11538461538461539,0.034482758620689655,0.21052631578947367,0.2709731684615385,0.25216055012499994,0.28752457666640624,0.6136422161538462,0.5158796729836487,0.6988174223254902,0.02755560901554404,0.01947743484671848,0.03632662226338514,31.90939524,22.554869552499998,42.066228581
all,0.67,1158,991,0.8557858376511226,47,0.04058721934369603,0.02936096718480138,0.05267702936096719,369.57446808510633,284.75409836065575,510.88235294117646,6,0.1276595744680851,0.038461538461538464,0.23215323920265765,0.2599332865957447,0.2402176806330128,0.2778788601940299,0.6124071389361702,0.5082755140170455,0.7048244343597488,0.024855902875647668,0.01709552500215889,0.03318817039615716,28.78313553,19.7966179525,38.431901318749986
all,0.68,1158,991,0.8557858376511226,46,0.039723661485319514,0.02849740932642487,0.05181347150259067,377.60869565217394,289.5,526.3636363636364,6,0.13043478260869565,0.039980392156862755,0.23684210526315788,0.25787591021739137,0.23812355014885916,0.2758852455771325,0.611689307173913,0.5042475624484889,0.7062014539294118,0.024298538972366147,0.01657031945595855,0.032576130384067356,28.13770813,19.18842993,37.72315898475
all,0.69,1158,991,0.8557858376511226,41,0.03540587219343696,0.025043177892918825,0.046632124352331605,423.6585365853659,321.6666666666667,598.9655172413793,6,0.14634146341463414,0.044444444444444446,0.2619047619047619,0.24641248,0.22584141806029412,0.26475267679093567,0.6072460565853659,0.48842988149623656,0.7137448793808823,0.021500076269430055,0.014332225284758204,0.02950250171761657,24.89708832,16.59671687975,34.16389698899999
all,0.7,1158,991,0.8557858376511226,35,0.030224525043177894,0.02072538860103627,0.04058721934369603,496.2857142857143,369.5744680851064,723.75,6,0.17142857142857143,0.0525978407557355,0.3076923076923077,0.22870921600000002,0.20730172730208335,0.24726474275208335,0.5998622125714286,0.46077541862255644,0.724257434672256,0.018130550466321244,0.011398008476899826,0.025678064170336787,20.99517744,13.19889381625,29.73519830925
all,0.71,1158,991,0.8557858376511226,32,0.027633851468048358,0.018998272884283247,0.037132987910189985,542.8125,403.95348837209303,789.5454545454545,6,0.1875,0.05714285714285714,0.3333333333333333,0.2193201928125,0.19892778991518353,0.23792033370108695,0.5931798071875001,0.445743053319079,0.7278266829847669,0.01639184268566494,0.009835227885362693,0.023627380054835907,18.981753830000002,11.389193891249999,27.36050610349998
all,0.72,1158,991,0.8557858376511226,29,0.025043177892918825,0.016407599309153715,0.03454231433506045,598.9655172413793,434.25,914.2105263157895,6,0.20689655172413793,0.0625,0.36363636363636365,0.21119729379310345,0.1904432777082552,0.22995454966618775,0.5819061544827586,0.4197297119110962,0.7300451360312499,0.014572779343696026,0.00830069429037133,0.021580001327720207,16.87527848,9.61220398825,24.9896415375
all,0.73,1158,991,0.8557858376511226,27,0.023316062176165803,0.015544041450777202,0.03195164075993091,643.3333333333334,469.4594594594595,965.0,6,0.2222222222222222,0.06666666666666667,0.391304347826087,0.1974626825925926,0.17187970193402777,0.21958135499166664,0.5803150951851852,0.4113605969006696,0.733180113521347,0.013530662841105354,0.007567905114421416,0.020301702966537133,15.668507570000001,8.7636341225,23.50937203525
all,0.74,1158,991,0.8557858376511226,25,0.02158894645941278,0.013816925734024179,0.030224525043177894,694.8000000000001,496.2857142857143,1085.625,5,0.2,0.047619047619047616,0.37037037037037035,0.19157987240000002,0.16560034571557972,0.21432450605442585,0.6084201276000001,0.4395185418309524,0.7565981872165776,0.013135149559585493,0.007389123270941279,0.019698086186960277,15.21050319,8.55660474775,22.8103838045
all,0.75,1158,991,0.8557858376511226,24,0.02072538860103627,0.012953367875647668,0.02936096718480138,723.75,510.88235294117646,1158.0,5,0.20833333333333334,0.05,0.38461538461538464,0.17422449750000002,0.14903694251644736,0.19669804259749998,0.6174421691666667,0.4410204993124999,0.7722895788666667,0.012796728894645943,0.007107406984455959,0.019390522388169254,14.818612060000001,8.230377288,22.454224925499997
all,0.76,1158,991,0.8557858376511226,23,0.019861830742659757,0.012089810017271158,0.02849740932642487,755.2173913043479,526.3636363636364,1240.7142857142858,5,0.21739130434782608,0.05263157894736842,0.4,0.1713214443478261,0.1449004951104762,0.1937705394133333,0.6112872513043479,0.427189765221579,0.7724627208077485,0.012141283920552678,0.00663101639119171,0.01865701527720207,14.059606780000001,7.678716981,21.604823690999996
all,0.77,1158,991,0.8557858376511226,21,0.018134715025906734,0.011226252158894647,0.02677029360967185,827.1428571428572,560.3225806451613,1336.1538461538462,5,0.23809523809523808,0.058823529411764705,0.4375,0.16500255476190478,0.13909511311111114,0.18770203300588237,0.5969022071428571,0.39708014081118426,0.7735133371125,0.010824651424870466,0.0055398071500431766,0.016868544259283236,12.53494635,6.4150966797499995,19.533774252249987
all,0.78,1158,991,0.8557858376511226,20,0.017271157167530225,0.010362694300518135,0.025043177892918825,868.5,598.9655172413793,1447.5,5,0.25,0.0625,0.46153846153846156,0.1587592325,0.1338016122901786,0.1817426088240489,0.5912407675,0.38279296020000003,0.7744123661420452,0.010211412219343696,0.005040087999352331,0.01615629714723661,11.82481535,5.83642190325,18.708992096499994
all,0.79,1158,991,0.8557858376511226,19,0.016407599309153715,0.009499136442141624,0.024179620034542316,914.2105263157894,620.3571428571429,1579.090909090909,5,0.2631578947368421,0.06666666666666667,0.47619047619047616,0.1545687594736842,0.1295233714375,0.17731828663333335,0.5822733457894737,0.3670074019485646,0.7755673422281746,0.00955370774611399,0.0044842602618739204,0.015297905408678742,11.06319357,5.1927733832500005,17.714974463249984
all,0.8,1158,991,0.8557858376511226,19,0.016407599309153715,0.009499136442141624,0.024179620034542316,914.2105263157894,620.3571428571429,1579.090909090909,5,0.2631578947368421,0.06666666666666667,0.47619047619047616,0.13984013263157893,0.11286937233049243,0.1645754275303309,0.597001972631579,0.3890367736555727,0.7853858294181985,0.009795369153713299,0.004700449148747841,0.015661980451208975,11.34303748,5.44312011425,18.136573362499995
all,0.81,1158,991,0.8557858376511226,16,0.013816925734024179,0.007772020725388601,0.02072538860103627,1085.625,723.75,1930.0,5,0.3125,0.08333333333333333,0.5555555555555556,0.11507457125000001,0.0891955583794643,0.14191102114204543,0.5724254287499999,0.3290047574693181,0.8004219912727272,0.007909159637305698,0.003387667139248704,0.01325668676144214,9.158806859999999,3.9229185472499997,15.351243269749999
all,0.82,1158,991,0.8557858376511226,15,0.012953367875647668,0.0069084628670120895,0.019861830742659757,1158.0,755.2173913043479,2171.25,5,0.3333333333333333,0.09090909090909091,0.6,0.10925668133333334,0.08428710347321429,0.1347514634636364,0.5574099853333333,0.29166907325490193,0.799594087866666,0.007220336597582038,0.002807005808074267,0.012267880522884278,8.36114978,3.2505127257500006,14.206205645499992
all,0.83,1158,991,0.8557858376511226,15,0.012953367875647668,0.0069084628670120895,0.019861830742659757,1158.0,755.2173913043479,2171.25,5,0.3333333333333333,0.09090909090909091,0.6,0.10911407066666667,0.08427785522727273,0.13451850577272728,0.5575525960000001,0.29166907325490193,0.7998009778377186,0.007222183886010363,0.002807005808074267,0.012273330023747834,8.36328894,3.2505127257500006,14.212516167499992
all,0.84,1158,991,0.8557858376511226,13,0.011226252158894647,0.006044905008635579,0.018134715025906734,1336.1538461538462,827.1428571428571,2481.4285714285716,4,0.3076923076923077,0.07142857142857142,0.5833333333333334,0.10003533384615386,0.07502266429166667,0.1251912369652406,0.5922723584615385,0.30983245272916665,0.8319513542576923,0.00664899884283247,0.0025324122376943004,0.011548955025043163,7.69954066,2.93253337125,13.373689918999982
all,0.85,1158,991,0.8557858376511226,10,0.008635578583765112,0.0034542314335060447,0.01468048359240069,1737.0,1021.7647058823529,4342.5,3,0.3,0.0,0.625,0.083719586,0.060864235553571434,0.1082735705714286,0.616280414,0.28467483003571425,0.9142262184821428,0.005321937944732297,0.001460336252374784,0.009612658085276315,6.16280414,1.6910693802499999,11.131458062749973
all,0.86,1158,991,0.8557858376511226,10,0.008635578583765112,0.0034542314335060447,0.01468048359240069,1737.0,1021.7647058823529,4342.5,3,0.3,0.0,0.625,0.075284733,0.056923716888888885,0.09560089220833334,0.624715267,0.3073921195,0.9142262184821428,0.005394777780656304,0.0014966585915371332,0.009616670821243442,6.24715267,1.733130649,11.136104810999905
all,0.87,1158,991,0.8557858376511226,10,0.008635578583765112,0.0034542314335060447,0.01468048359240069,1737.0,1021.7647058823529,4342.5,3,0.3,0.0,0.625,0.072166233,0.0565987041875,0.08803038555000002,0.627833767,0.3079269196363636,0.9195325230285714,0.005421707832469776,0.0015111564287564768,0.009618017323834096,6.27833767,1.7499191445000002,11.137664060999882
all,0.88,1158,991,0.8557858376511226,10,0.008635578583765112,0.0034542314335060447,0.01468048359240069,1737.0,1021.7647058823529,4342.5,3,0.3,0.0,0.625,0.072166233,0.0565987041875,0.08803038555000002,0.627833767,0.3079269196363636,0.9195325230285714,0.005421707832469776,0.0015111564287564768,0.009618017323834096,6.27833767,1.7499191445000002,11.137664060999882
all,0.89,1158,991,0.8557858376511226,10,0.008635578583765112,0.0034542314335060447,0.01468048359240069,1737.0,1021.7647058823529,4342.5,3,0.3,0.0,0.625,0.071738457,0.056540550611111115,0.0869060857666667,0.628261543,0.30815054543750003,0.9198769308194444,0.005425401925734024,0.001512545475388601,0.00961866379015533,6.28261543,1.7515276604999999,11.138412668999871
all,0.9,1158,991,0.8557858376511226,8,0.0069084628670120895,0.0025906735751295338,0.012089810017271158,2171.25,1240.7142857142858,5790.0,3,0.375,0.0,0.75,0.06351179125,0.04884041340714286,0.07664826893452381,0.5614882087499999,0.19377327500000002,0.9286946564999999,0.0038790204404145073,0.0006929712174006909,0.007729253024611394,4.4919056699999995,0.8024606697500001,8.950475002499994
all,0.91,1158,991,0.8557858376511226,8,0.0069084628670120895,0.0025906735751295338,0.012089810017271158,2171.25,1240.7142857142858,5790.0,3,0.375,0.0,0.75,0.05903169125,0.046279280900000004,0.06942087599999999,0.56596830875,0.195069217625,0.935828074,0.0039099710449050085,0.0007055071675302246,0.0078033116332038,4.52774647,0.8169773,9.03623487125
all,0.92,1158,991,0.8557858376511226,8,0.0069084628670120895,0.0025906735751295338,0.012089810017271158,2171.25,1240.7142857142858,5790.0,3,0.375,0.0,0.75,0.05903169125,0.046279280900000004,0.06942087599999999,0.56596830875,0.195069217625,0.935828074,0.0039099710449050085,0.0007055071675302246,0.0078033116332038,4.52774647,0.8169773,9.03623487125
all,0.93,1158,991,0.8557858376511226,8,0.0069084628670120895,0.0025906735751295338,0.012089810017271158,2171.25,1240.7142857142858,5790.0,3,0.375,0.0,0.75,0.05360334125,0.042500102,0.06308950298809524,0.57139665875,0.2000432818125,0.9449280938285716,0.003947472599309154,0.0007064093914075993,0.007891772564766837,4.57117327,0.81802207525,9.138672629999999
all,0.94,1158,991,0.8557858376511226,5,0.004317789291882556,0.0008635578583765112,0.008635578583765112,3474.0,1737.0,17370.0,2,0.4,0.0,1.0,0.038376864,0.02322295,0.05154320999999999,0.561623136,-0.022900809999999997,0.9551898750000001,0.0024249703626943006,-3.843960276338514e-05,0.0056959425397236614,2.8081156800000002,-0.04451305999999999,6.595901461
all,0.95,1158,991,0.8557858376511226,5,0.004317789291882556,0.0008635578583765112,0.008635578583765112,3474.0,1737.0,17370.0,2,0.4,0.0,1.0,0.033761536,0.02322295,0.044810125,0.5662384639999999,-0.022900809999999997,0.962453235,0.002444898376511226,-3.843960276338514e-05,0.005737689143350605,2.8311923199999995,-0.04451305999999999,6.644244027999999
all,0.96,1158,991,0.8557858376511226,4,0.0034542314335060447,0.0008635578583765112,0.0069084628670120895,4342.5,2171.25,17370.0,2,0.5,0.0,1.0,0.02429225,0.01798157,0.032741530000000005,0.47570775,-0.02418937,0.98201843,0.0016432046632124352,-6.099764248704663e-05,0.004188962979274611,1.902831,-0.07063527,4.85081913
all,0.97,1158,991,0.8557858376511226,3,0.0025906735751295338,0.0,0.006044905008635579,5790.0,2481.4285714285716,17370.0,2,0.6666666666666666,0.0,1.0,0.021475823333333335,0.01798157,0.02418937,0.31185751,-0.02418937,0.98201843,0.0008079210103626943,-8.188656303972366e-05,0.0025440891968911915,0.93557253,-0.09482464,2.94605529
all,0.98,1158,991,0.8557858376511226,2,0.0017271157167530224,0.0,0.004317789291882556,8685.0,3474.0,17370.0,1,0.5,0.0,1.0,0.01584297,0.013704370000000002,0.01798157,0.48415703,-0.013704370000000002,0.98201843,0.0008361952158894646,-3.550354922279793e-05,0.0025440891968911915,0.96831406,-0.04111311000000001,2.94605529
all,0.99,1158,991,0.8557858376511226,0,0.0,0.0,0.0,inf,,,0,,,,,,,,,,0.0,0.0,0.0,0.0,0.0,0.0
