filter,intervals,pct_pos,n_pos,mean_ev_all,ci95_lo,ci95_hi,bonf_lo,bonf_hi,avg_n,p_s0_49,m_s0_49,p_s50_99,m_s50_99,p_s100_199,m_s100_199
"[0.10,0.20)∪[0.40,0.50)","[(0.1, 0.2), (0.4, 0.5)]",0.57,114,0.004214903846153847,0.0016670673076923086,0.006618713942307691,0.00046081146049896187,0.007940370647089379,14.525,0.64,0.006846153846153848,0.62,0.004203846153846154,0.51,0.002904807692307694
"[0.40,0.50)","[(0.4, 0.5)]",0.57,114,0.003257692307692309,0.0008513341346153865,0.0056657932692307685,-0.0004048093165280652,0.006903217905405355,12.205,0.6,0.006144230769230772,0.64,0.002423076923076925,0.52,0.0022317307692307714
"[0.40,0.50)∪[0.80,0.90)","[(0.4, 0.5), (0.8, 0.9)]",0.57,114,0.0031182692307692318,0.0005387740384615397,0.005688665865384615,-0.0011964640722453208,0.007031549831081,15.43,0.66,0.005821153846153847,0.56,0.001998076923076924,0.53,0.0023269230769230784
"[0.20,0.30)∪[0.40,0.50)","[(0.2, 0.30000000000000004), (0.4, 0.5)]",0.52,104,0.003117788461538462,0.00020491586538461551,0.006194855769230769,-0.0012991940618503114,0.008030825103949932,20.04,0.58,0.009203846153846156,0.52,0.00022115384615384727,0.49,0.0015230769230769228
"[0.40,0.50)∪[0.70,0.80)","[(0.4, 0.5), (0.7, 0.7999999999999999)]",0.505,101,0.0024716346153846173,-0.0004303605769230749,0.005307439903846153,-0.0017275409303534283,0.0070550347583157895,20.68,0.64,0.007569230769230772,0.38,-0.003261538461538459,0.5,0.0027894230769230787
"[0.40,0.60)","[(0.4, 0.6)]",0.535,107,0.0022653846153846153,-0.001298689903846154,0.005882367788461539,-0.003203142866424117,0.007731228560291024,24.445,0.62,0.007453846153846153,0.62,0.0036038461538461532,0.45,-0.0009980769230769225
"[0.10,0.20)","[(0.1, 0.2)]",0.41,82,0.0009572115384615381,0.00024374999999999958,0.0016620673076923073,-0.00019996849012474054,0.002049703417359625,2.32,0.38,0.0007019230769230767,0.48,0.0017807692307692299,0.39,0.0006730769230769226
"[0.10,0.20)∪[0.80,0.90)","[(0.1, 0.2), (0.8, 0.9)]",0.58,116,0.0008177884615384607,-0.0003466706730769239,0.0018943749999999987,-0.00097890819906445,0.0024498934511434445,5.545,0.56,0.00037884615384615295,0.58,0.0013557692307692298,0.59,0.00076826923076923
"[0.10,0.30)","[(0.1, 0.30000000000000004)]",0.485,97,0.0008173076923076914,-0.0008169831730769241,0.0025351201923076907,-0.0016674132666320176,0.0037921413721412334,10.155,0.58,0.0037615384615384603,0.46,-0.00042115384615384687,0.45,-3.5576923076923864e-05
"[0.10,0.20)∪[0.70,0.80)","[(0.1, 0.2), (0.7, 0.7999999999999999)]",0.51,102,0.00017115384615384616,-0.001698581730769231,0.002048605769230769,-0.0026885485966735966,0.0032577689708939103,10.795,0.54,0.0021269230769230775,0.44,-0.003903846153846154,0.53,0.0012307692307692306
"[0.10,0.20)∪[0.50,0.60)","[(0.1, 0.2), (0.5, 0.6)]",0.515,103,-3.509615384615597e-05,-0.002328713942307694,0.00247854567307692,-0.003923408588877341,0.003629078417359598,14.56,0.6,0.00201153846153846,0.48,0.0029615384615384586,0.49,-0.002556730769230771
"[0.80,0.90)","[(0.8, 0.9)]",0.58,116,-0.00013942307692307727,-0.001032704326923077,0.0007207451923076915,-0.0015027455821205824,0.0012540579521828612,3.225,0.56,-0.00032307692307692343,0.6,-0.0004250000000000003,0.58,9.519230769230736e-05
"[0.20,0.30)","[(0.2, 0.30000000000000004)]",0.425,85,-0.00013990384615384703,-0.0016775240384615394,0.00153213942307692,-0.002332760849792101,0.002506635265072739,7.835,0.48,0.0030596153846153833,0.36,-0.002201923076923078,0.43,-0.0007086538461538469
"[0.20,0.30)∪[0.80,0.90)","[(0.2, 0.30000000000000004), (0.8, 0.9)]",0.485,97,-0.0002793269230769245,-0.0021077524038461554,0.001599218749999998,-0.00293284790800416,0.002933876689189078,11.06,0.54,0.0027365384615384604,0.42,-0.0026269230769230783,0.49,-0.0006134615384615397
"[0.70,0.80)","[(0.7, 0.7999999999999999)]",0.485,97,-0.0007860576923076922,-0.002524543269230769,0.0009969350961538444,-0.0032682487655925152,0.002189915865384609,8.475,0.6,0.0014249999999999998,0.32,-0.005684615384615384,0.51,0.0005576923076923079
"[0.70,0.90)","[(0.7, 0.9)]",0.47,94,-0.0009254807692307694,-0.00285578125,0.0010083413461538452,-0.0041705018840956344,0.0023499675155924985,11.7,0.6,0.0011019230769230767,0.3,-0.006109615384615385,0.49,0.0006528846153846151
"[0.20,0.30)∪[0.70,0.80)","[(0.2, 0.30000000000000004), (0.7, 0.7999999999999999)]",0.475,95,-0.0009259615384615397,-0.003248774038461539,0.0016486177884615367,-0.004572521114864866,0.0031739215176714553,16.31,0.66,0.004484615384615383,0.32,-0.007886538461538462,0.46,-0.00015096153846153978
"[0.40,0.50)∪[0.60,0.70)","[(0.4, 0.5), (0.6, 0.7)]",0.475,95,-0.0009524038461538462,-0.004076045673076924,0.0023720793269230746,-0.005819397414241165,0.004828392996361698,23.88,0.44,0.0012923076923076918,0.5,0.0002461538461538458,0.48,-0.0026740384615384616
"[0.50,0.60)","[(0.5, 0.6)]",0.455,91,-0.0009923076923076938,-0.003222932692307693,0.0013348317307692282,-0.004769457510395011,0.002772846933471862,12.24,0.54,0.0013096153846153835,0.54,0.0011807692307692294,0.37,-0.003229807692307694
"[0.50,0.60)∪[0.80,0.90)","[(0.5, 0.6), (0.8, 0.9)]",0.45,90,-0.0011317307692307714,-0.0034400721153846174,0.0013135096153846129,-0.005060522674116427,0.002613615189708904,15.465,0.48,0.0009865384615384595,0.48,0.000755769230769228,0.42,-0.0031346153846153863
"[0.20,0.30)∪[0.50,0.60)","[(0.2, 0.30000000000000004), (0.5, 0.6)]",0.46,92,-0.0011322115384615411,-0.00376972355769231,0.0017353485576923047,-0.0052646683341995865,0.003718755197505097,20.075,0.56,0.004369230769230767,0.44,-0.001021153846153849,0.42,-0.003938461538461541
"[0.30,0.50)","[(0.3, 0.5)]",0.465,93,-0.0015750000000000002,-0.004627620192307692,0.0015584855769230723,-0.005997456146049896,0.002909936655405359,22.965,0.54,0.0019057692307692298,0.44,-0.0026423076923076934,0.44,-0.002781730769230769
"[0.50,0.60)∪[0.70,0.80)","[(0.5, 0.6), (0.7, 0.7999999999999999)]",0.44,88,-0.0017783653846153863,-0.004542187500000001,0.0010833293269230746,-0.006298924441268195,0.0022672817047816895,20.715,0.52,0.0027346153846153813,0.36,-0.004503846153846157,0.44,-0.0026721153846153865
"[0.10,0.20)∪[0.60,0.70)","[(0.1, 0.2), (0.6, 0.7)]",0.44,88,-0.003252884615384617,-0.005313978365384616,-0.001145673076923079,-0.0065729229469854485,1.6737915800392324e-05,13.995,0.46,-0.004150000000000003,0.42,-0.0003961538461538488,0.44,-0.00423269230769231
"[0.10,0.20)∪[0.30,0.40)","[(0.1, 0.2), (0.3, 0.4)]",0.4,80,-0.0038754807692307717,-0.005734495192307695,-0.0019278485576923099,-0.006924755392411644,-0.00045089527027038895,13.08,0.4,-0.003536538461538464,0.42,-0.0032846153846153876,0.39,-0.004340384615384618
"[0.20,0.40)","[(0.2, 0.4)]",0.45,90,-0.0040923076923076954,-0.006487824519230771,-0.001580853365384625,-0.007754266502079004,-0.0002702582510395508,17.59,0.58,-0.00030000000000000274,0.4,-0.00594423076923077,0.41,-0.005062500000000002
"[0.60,0.70)","[(0.6, 0.7)]",0.385,77,-0.004210096153846155,-0.006203858173076926,-0.002211286057692311,-0.007289671257796259,-0.0010181837967777432,11.675,0.38,-0.004851923076923078,0.42,-0.002176923076923078,0.37,-0.004905769230769232
"[0.60,0.70)∪[0.80,0.90)","[(0.6, 0.7), (0.8, 0.9)]",0.375,75,-0.004349519230769232,-0.0066336778846153854,-0.0022013822115384634,-0.007622501624220375,-0.00120444646569648,14.9,0.38,-0.005175000000000002,0.38,-0.0026019230769230785,0.37,-0.004810576923076924
"[0.20,0.30)∪[0.60,0.70)","[(0.2, 0.30000000000000004), (0.6, 0.7)]",0.395,79,-0.004350000000000003,-0.007047620192307694,-0.001579687500000006,-0.008710811135654887,-0.00038678599272354915,19.51,0.46,-0.0017923076923076961,0.36,-0.004378846153846156,0.38,-0.0056144230769230785
"[0.30,0.40)","[(0.3, 0.4)]",0.365,73,-0.0048326923076923095,-0.006676033653846155,-0.002885096153846156,-0.007822207965176717,-0.001953802624740129,10.76,0.34,-0.004238461538461541,0.36,-0.005065384615384617,0.38,-0.0050134615384615396
"[0.30,0.40)∪[0.80,0.90)","[(0.3, 0.4), (0.8, 0.9)]",0.375,75,-0.004972115384615387,-0.006867451923076926,-0.0029958653846153885,-0.008104455561330564,-0.001964980834199614,13.985,0.42,-0.004561538461538463,0.36,-0.005490384615384617,0.36,-0.004918269230769233
"[0.60,0.80)","[(0.6, 0.7999999999999999)]",0.39,78,-0.004996153846153848,-0.007701081730769232,-0.0023145192307692337,-0.009215908913721415,-0.0009214484797297467,20.15,0.48,-0.0034269230769230774,0.28,-0.007861538461538461,0.4,-0.004348076923076924
"[0.50,0.70)","[(0.5, 0.7)]",0.41,82,-0.0052024038461538505,-0.008032103365384619,-0.002223461538461542,-0.009672944386694391,-0.0006446348752599391,23.915,0.44,-0.0035423076923076957,0.42,-0.0009961538461538489,0.39,-0.008135576923076928
"[0.30,0.40)∪[0.70,0.80)","[(0.3, 0.4), (0.7, 0.7999999999999999)]",0.39,78,-0.005618750000000001,-0.008226057692307694,-0.0028373798076923125,-0.010131446855509357,-0.0009463393321206429,19.235,0.44,-0.0028134615384615403,0.34,-0.010750000000000003,0.39,-0.004455769230769232
"[0.30,0.40)∪[0.50,0.60)","[(0.3, 0.4), (0.5, 0.6)]",0.43,86,-0.005825000000000002,-0.008800348557692312,-0.002710312500000005,-0.010793864345114349,-0.0009676601481290229,23.0,0.52,-0.0029288461538461564,0.38,-0.0038846153846153887,0.41,-0.008243269230769235
baseline,"[(0.0, 1.0)]",0.435,87,-0.005832211538461545,-0.011008750000000005,-0.00034831730769231575,-0.01406444029365905,0.002092701403326148,68.585,0.6,0.004388461538461529,0.4,-0.008807692307692313,0.37,-0.0094548076923077
"[0.30,0.40)∪[0.60,0.70)","[(0.3, 0.4), (0.6, 0.7)]",0.39,78,-0.009042788461538465,-0.011873028846153849,-0.006203605769230776,-0.013683135070166323,-0.004879791125259907,22.435,0.42,-0.00909038461538462,0.38,-0.007242307692307695,0.38,-0.009919230769230772
