filter,seed,ev_all,ev_filtered,n_filtered
baseline,0,0.020865,0.028933,75
baseline,1,-0.030865,-0.052623,61
baseline,2,-0.02125,-0.040182,55
baseline,3,-0.052885,-0.065476,84
baseline,4,-0.003846,-0.006897,58
baseline,5,-0.017404,-0.022625,80
baseline,6,0.032019,0.0444,75
baseline,7,-0.032115,-0.047714,70
baseline,8,0.062596,0.120556,54
baseline,9,0.057308,0.108364,55
baseline,10,0.01375,0.01625,88
baseline,11,0.039904,0.054605,76
baseline,12,-0.039519,-0.057083,72
baseline,13,0.011154,0.018413,63
baseline,14,-0.042981,-0.058052,77
baseline,15,0.046058,0.085536,56
baseline,16,0.079712,0.102346,81
baseline,17,0.036827,0.043034,89
baseline,18,0.018173,0.029077,65
baseline,19,-0.063942,-0.082099,81
baseline,20,0.066058,0.088077,78
baseline,21,0.003462,0.005455,66
baseline,22,0.014904,0.021831,71
baseline,23,-0.011923,-0.015696,79
baseline,24,-0.025962,-0.035065,77
baseline,25,-0.051827,-0.066543,81
baseline,26,0.008846,0.011646,79
baseline,27,0.027981,0.0485,60
baseline,28,0.011346,0.017101,69
baseline,29,-0.079135,-0.11274,73
baseline,30,0.017019,0.025286,70
baseline,31,0.016635,0.024714,70
baseline,32,-0.02375,-0.048431,51
baseline,33,0.011827,0.019219,64
baseline,34,0.009423,0.016333,60
baseline,35,-0.051538,-0.08375,64
baseline,36,0.056923,0.084571,70
baseline,37,0.051731,0.080299,67
baseline,38,0.010288,0.014658,73
baseline,39,-0.001635,-0.002787,61
baseline,40,0.010096,0.014,75
baseline,41,0.022308,0.043774,53
baseline,42,-0.036923,-0.04987,77
baseline,43,0.049327,0.073286,70
baseline,44,0.005962,0.009254,67
baseline,45,-0.012115,-0.0175,72
baseline,46,0.058558,0.099836,61
baseline,47,-0.038462,-0.056338,71
baseline,48,-0.026538,-0.041194,67
baseline,49,0.012981,0.020455,66
baseline,50,-0.030577,-0.053898,59
baseline,51,-0.021635,-0.038136,59
baseline,52,0.022885,0.037778,63
baseline,53,-0.000865,-0.001184,76
baseline,54,-0.025,-0.038235,68
baseline,55,-0.013173,-0.019296,71
baseline,56,0.017212,0.023553,76
baseline,57,-0.100096,-0.148714,70
baseline,58,0.038173,0.063016,63
baseline,59,0.013942,0.019333,75
baseline,60,0.043269,0.061644,73
baseline,61,-0.017885,-0.029524,63
baseline,62,-0.024712,-0.031728,81
baseline,63,-0.044038,-0.06274,73
baseline,64,0.025481,0.051961,51
baseline,65,-0.03375,-0.061579,57
baseline,66,0.078077,0.112778,72
baseline,67,-0.053365,-0.080435,69
baseline,68,-0.023269,-0.039032,62
baseline,69,-0.029327,-0.040667,75
baseline,70,-0.050769,-0.073333,72
baseline,71,-0.025288,-0.036027,73
baseline,72,-0.001058,-0.001571,70
baseline,73,-0.033654,-0.057377,61
baseline,74,0.017788,0.031356,59
baseline,75,0.033942,0.057869,61
baseline,76,-0.085385,-0.143226,62
baseline,77,0.025673,0.038696,69
baseline,78,0.018558,0.026806,72
baseline,79,0.005288,0.007534,73
baseline,80,0.045577,0.064932,73
baseline,81,-0.010385,-0.018305,59
baseline,82,-0.020481,-0.032769,65
baseline,83,0.006923,0.0144,50
baseline,84,-0.000481,-0.000704,71
baseline,85,0.004808,0.009804,51
baseline,86,-0.040673,-0.057945,73
baseline,87,-0.050288,-0.083016,63
baseline,88,0.009615,0.016129,62
baseline,89,-0.025769,-0.032289,83
baseline,90,-0.009904,-0.014928,69
baseline,91,0.001442,0.003,50
baseline,92,0.010192,0.015362,69
baseline,93,0.023558,0.036029,68
baseline,94,-0.017115,-0.034231,52
baseline,95,-0.027692,-0.04,72
baseline,96,-0.077596,-0.106184,76
baseline,97,-0.013173,-0.017792,77
baseline,98,-0.005673,-0.008806,67
baseline,99,0.030288,0.042568,74
baseline,100,-0.02375,-0.045741,54
baseline,101,-0.005096,-0.007361,72
baseline,102,-0.056923,-0.078933,75
baseline,103,-0.001058,-0.00193,57
baseline,104,0.052981,0.073467,75
baseline,105,-0.002596,-0.005,54
baseline,106,0.0575,0.104912,57
baseline,107,-0.018173,-0.024545,77
baseline,108,0.017019,0.025286,70
baseline,109,-0.021442,-0.036557,61
baseline,110,0.027596,0.036795,78
baseline,111,0.018077,0.025067,75
baseline,112,0.066827,0.081765,85
baseline,113,-0.050673,-0.066709,79
baseline,114,0.027404,0.0375,76
baseline,115,-0.036538,-0.058462,65
baseline,116,-0.021346,-0.027073,82
baseline,117,-0.076731,-0.117353,68
baseline,118,-0.051635,-0.083906,64
baseline,119,-0.009615,-0.012987,77
baseline,120,-0.029615,-0.042778,72
baseline,121,0.023558,0.041525,59
baseline,122,0.043558,0.07678,59
baseline,123,-0.052212,-0.075417,72
baseline,124,-0.017885,-0.027353,68
baseline,125,0.07125,0.114,65
baseline,126,0.061154,0.100952,63
baseline,127,-0.035096,-0.049324,74
baseline,128,0.006827,0.011639,61
baseline,129,0.034904,0.047143,77
baseline,130,-0.055673,-0.073291,79
baseline,131,0.008462,0.016,55
baseline,132,0.037596,0.055857,70
baseline,133,-0.022212,-0.031644,73
baseline,134,-0.022981,-0.03918,61
baseline,135,0.016346,0.025758,66
baseline,136,-0.069423,-0.122373,59
baseline,137,0.021346,0.032174,69
baseline,138,-0.0325,-0.051212,66
baseline,139,0.040673,0.063134,67
baseline,140,0.003462,0.004865,74
baseline,141,-0.024904,-0.038657,67
baseline,142,-0.016731,-0.023514,74
baseline,143,0.069038,0.125965,57
baseline,144,0.029135,0.034432,88
baseline,145,0.052885,0.096491,57
baseline,146,0.009327,0.016167,60
baseline,147,-0.064231,-0.092778,72
baseline,148,-0.037981,-0.047024,84
baseline,149,-0.04625,-0.080167,60
baseline,150,-0.000769,-0.001455,55
baseline,151,-0.033462,-0.045195,77
baseline,152,-0.035,-0.053529,68
baseline,153,-0.067981,-0.102464,69
baseline,154,-0.055865,-0.080694,72
baseline,155,0.010481,0.014156,77
baseline,156,0.042308,0.053659,82
baseline,157,-0.001731,-0.003273,55
baseline,158,-0.070288,-0.105942,69
baseline,159,0.016442,0.030536,56
baseline,160,-0.00625,-0.009286,70
baseline,161,-0.014712,-0.020959,73
baseline,162,-0.051538,-0.074444,72
baseline,163,0.029135,0.043913,69
baseline,164,-0.058942,-0.083973,73
baseline,165,-0.065096,-0.102576,66
baseline,166,-0.021635,-0.040179,56
baseline,167,-0.031058,-0.045493,71
baseline,168,-0.013942,-0.017262,84
baseline,169,0.045096,0.071061,66
baseline,170,0.009327,0.012763,76
baseline,171,-0.042596,-0.071452,62
baseline,172,0.070096,0.093462,78
baseline,173,-0.025577,-0.038,70
baseline,174,-0.024808,-0.046909,55
baseline,175,-0.010481,-0.013797,79
baseline,176,0.014327,0.019605,76
baseline,177,-0.022212,-0.036094,64
baseline,178,-0.033077,-0.063704,54
baseline,179,0.055865,0.079589,73
baseline,180,-0.021154,-0.032836,67
baseline,181,0.007019,0.008902,82
baseline,182,-0.068365,-0.0948,75
baseline,183,-0.026154,-0.05037,54
baseline,184,-0.014904,-0.024219,64
baseline,185,-0.021058,-0.028077,78
baseline,186,-0.000577,-0.000923,65
baseline,187,9.6e-05,0.000139,72
baseline,188,-0.011058,-0.026136,44
baseline,189,-0.086154,-0.128,70
baseline,190,-0.057404,-0.077532,77
baseline,191,-0.009615,-0.015873,63
baseline,192,-0.008942,-0.012917,72
baseline,193,-0.120865,-0.190455,66
baseline,194,0.006635,0.008519,81
baseline,195,0.017885,0.024156,77
baseline,196,-0.035865,-0.059206,63
baseline,197,-0.043173,-0.056125,80
baseline,198,-0.013173,-0.016506,83
baseline,199,0.061635,0.108644,59
conf_40_50,0,-0.001058,-0.006471,17
conf_40_50,1,0.000385,0.003636,11
conf_40_50,2,-0.008173,-0.121429,7
conf_40_50,3,-0.024135,-0.278889,9
conf_40_50,4,-0.015865,-0.183333,9
conf_40_50,5,0.004712,0.023333,21
conf_40_50,6,0.010385,0.135,8
conf_40_50,7,-0.011538,-0.08,15
conf_40_50,8,9.6e-05,0.001111,9
conf_40_50,9,0.005865,0.067778,9
conf_40_50,10,-0.000577,-0.0075,8
conf_40_50,11,0.012981,0.135,10
conf_40_50,12,-0.010865,-0.125556,9
conf_40_50,13,0.024231,0.21,12
conf_40_50,14,-0.004231,-0.024444,18
conf_40_50,15,0.011442,0.119,10
conf_40_50,16,0.007885,0.074545,11
conf_40_50,17,0.009519,0.066,15
conf_40_50,18,0.016154,0.093333,18
conf_40_50,19,-0.063846,-0.255385,26
conf_40_50,20,0.006346,0.04125,16
conf_40_50,21,-0.002404,-0.027778,9
conf_40_50,22,-0.000865,-0.006,15
conf_40_50,23,0.006731,0.05,14
conf_40_50,24,-0.011731,-0.135556,9
conf_40_50,25,0.012885,0.089333,15
conf_40_50,26,0.019615,0.226667,9
conf_40_50,27,-0.000192,-0.001818,11
conf_40_50,28,0.016346,0.188889,9
conf_40_50,29,-0.031731,-0.3,11
conf_40_50,30,-0.008462,-0.176,5
conf_40_50,31,-0.016346,-0.080952,21
conf_40_50,32,-0.004327,-0.45,1
conf_40_50,33,-0.012885,-0.089333,15
conf_40_50,34,0.01,0.104,10
conf_40_50,35,0.008942,0.155,6
conf_40_50,36,0.019038,0.282857,7
conf_40_50,37,0.007981,0.2075,4
conf_40_50,38,-0.000577,-0.0075,8
conf_40_50,39,-0.005962,-0.103333,6
conf_40_50,40,-0.031058,-0.19,17
conf_40_50,41,-0.001538,-0.022857,7
conf_40_50,42,0.014808,0.064167,24
conf_40_50,43,0.009519,0.045,22
conf_40_50,44,-0.011442,-0.099167,12
conf_40_50,45,0.030865,0.229286,14
conf_40_50,46,0.006731,0.077778,9
conf_40_50,47,-0.011635,-0.080667,15
conf_40_50,48,-0.021538,-0.28,8
conf_40_50,49,-0.011731,-0.050833,24
conf_40_50,50,-0.00125,-0.013,10
conf_40_50,51,0.006346,0.047143,14
conf_40_50,52,0.013077,0.151111,9
conf_40_50,53,0.017692,0.096842,19
conf_40_50,54,0.002596,0.0225,12
conf_40_50,55,0.036731,0.4775,8
conf_40_50,56,0.009231,0.106667,9
conf_40_50,57,-0.016635,-0.173,10
conf_40_50,58,0.014327,0.248333,6
conf_40_50,59,0.007981,0.2075,4
conf_40_50,60,0.004712,0.021304,23
conf_40_50,61,-0.005288,-0.091667,6
conf_40_50,62,0.001442,0.0125,12
conf_40_50,63,-0.013654,-0.473333,3
conf_40_50,64,0.006635,0.046,15
conf_40_50,65,-9.6e-05,-0.002,5
conf_40_50,66,0.007019,0.09125,8
conf_40_50,67,-0.009327,-0.080833,12
conf_40_50,68,-0.012596,-0.048519,27
conf_40_50,69,0.020481,0.355,6
conf_40_50,70,-0.009327,-0.057059,17
conf_40_50,71,0.003654,0.038,10
conf_40_50,72,0.024904,0.152353,17
conf_40_50,73,-0.005,-0.104,5
conf_40_50,74,-0.011154,-0.193333,6
conf_40_50,75,-0.005673,-0.065556,9
conf_40_50,76,-0.045673,-0.22619,21
conf_40_50,77,-0.011635,-0.100833,12
conf_40_50,78,0.012596,0.093571,14
conf_40_50,79,0.004615,0.043636,11
conf_40_50,80,-0.002981,-0.028182,11
conf_40_50,81,-0.014904,-0.119231,13
conf_40_50,82,-0.005962,-0.068889,9
conf_40_50,83,0.028558,0.2475,12
conf_40_50,84,-0.020769,-0.18,12
conf_40_50,85,-0.005481,-0.057,10
conf_40_50,86,-0.021538,-0.203636,11
conf_40_50,87,-0.000865,-0.008182,11
conf_40_50,88,0.003269,0.068,5
conf_40_50,89,-0.002596,-0.09,3
conf_40_50,90,-0.003846,-0.025,16
conf_40_50,91,0.028269,0.172941,17
conf_40_50,92,0.007692,0.044444,18
conf_40_50,93,0.002404,0.017857,14
conf_40_50,94,0.013365,0.3475,4
conf_40_50,95,0.005769,0.3,2
conf_40_50,96,0.004904,0.034,15
conf_40_50,97,-0.005096,-0.106,5
conf_40_50,98,-0.025481,-0.165625,16
conf_40_50,99,0.010865,0.113,10
conf_40_50,100,-0.006442,-0.051538,13
conf_40_50,101,-0.004904,-0.028333,18
conf_40_50,102,-0.023462,-0.11619,21
conf_40_50,103,0.015962,0.10375,16
conf_40_50,104,-0.003173,-0.04125,8
conf_40_50,105,0.002596,0.038571,7
conf_40_50,106,0.005385,0.112,5
conf_40_50,107,-0.019135,-0.117059,17
conf_40_50,108,-0.001538,-0.026667,6
conf_40_50,109,-0.016538,-0.101176,17
conf_40_50,110,0.006442,0.051538,13
conf_40_50,111,-0.009615,-0.142857,7
conf_40_50,112,-0.0125,-0.108333,12
conf_40_50,113,-0.024808,-0.16125,16
conf_40_50,114,-0.004519,-0.078333,6
conf_40_50,115,-0.011058,-0.164286,7
conf_40_50,116,-0.006731,-0.077778,9
conf_40_50,117,-0.006923,-0.09,8
conf_40_50,118,-0.01875,-0.325,6
conf_40_50,119,0.004423,0.076667,6
conf_40_50,120,-0.005865,-0.1525,4
conf_40_50,121,0.004038,0.038182,11
conf_40_50,122,0.012212,0.254,5
conf_40_50,123,-0.018462,-0.213333,9
conf_40_50,124,0.001923,0.028571,7
conf_40_50,125,0.021346,0.158571,14
conf_40_50,126,0.012692,0.188571,7
conf_40_50,127,-0.013365,-0.081765,17
conf_40_50,128,-0.01625,-0.241429,7
conf_40_50,129,0.022115,0.176923,13
conf_40_50,130,-0.009712,-0.101,10
conf_40_50,131,0.006346,0.066,10
conf_40_50,132,0.029519,0.161579,19
conf_40_50,133,-0.009615,-0.066667,15
conf_40_50,134,-0.005673,-0.196667,3
conf_40_50,135,0.0,,0
conf_40_50,136,0.003077,0.029091,11
conf_40_50,137,-0.014904,-0.119231,13
conf_40_50,138,-0.003077,-0.064,5
conf_40_50,139,-0.007788,-0.057857,14
conf_40_50,140,-0.010577,-0.06875,16
conf_40_50,141,-0.000673,-0.007778,9
conf_40_50,142,-9.6e-05,-0.001,10
conf_40_50,143,0.017981,0.187,10
conf_40_50,144,-0.005865,-0.033889,18
conf_40_50,145,-0.014327,-0.298,5
conf_40_50,146,-0.021827,-0.28375,8
conf_40_50,147,-0.02375,-0.247,10
conf_40_50,148,-0.005865,-0.038125,16
conf_40_50,149,-0.018077,-0.134286,14
conf_40_50,150,-0.007115,-0.082222,9
conf_40_50,151,-0.023558,-0.163333,15
conf_40_50,152,-0.047212,-0.288824,17
conf_40_50,153,-0.005577,-0.064444,9
conf_40_50,154,0.005288,0.045833,12
conf_40_50,155,0.004423,0.035385,13
conf_40_50,156,0.031538,0.192941,17
conf_40_50,157,0.013462,0.233333,6
conf_40_50,158,-0.016346,-0.130769,13
conf_40_50,159,0.01,0.208,5
conf_40_50,160,-0.001346,-0.07,2
conf_40_50,161,-0.003269,-0.085,4
conf_40_50,162,0.000673,0.004667,15
conf_40_50,163,0.026346,0.391429,7
conf_40_50,164,-0.022019,-0.327143,7
conf_40_50,165,-0.013846,-0.18,8
conf_40_50,166,0.013558,0.088125,16
conf_40_50,167,-0.035,-0.28,13
conf_40_50,168,0.011346,0.084286,14
conf_40_50,169,0.032308,0.224,15
conf_40_50,170,-0.000577,-0.006,10
conf_40_50,171,-0.019135,-0.132667,15
conf_40_50,172,-0.014327,-0.212857,7
conf_40_50,173,-0.017115,-0.148333,12
conf_40_50,174,-0.022981,-0.140588,17
conf_40_50,175,-0.006442,-0.074444,9
conf_40_50,176,0.002692,0.012727,22
conf_40_50,177,-0.002212,-0.038333,6
conf_40_50,178,-0.017308,-0.18,10
conf_40_50,179,0.004423,0.046,10
conf_40_50,180,-0.001154,-0.010909,11
conf_40_50,181,0.002212,0.014375,16
conf_40_50,182,-0.007788,-0.115714,7
conf_40_50,183,-0.009904,-0.103,10
conf_40_50,184,0.010865,0.080714,14
conf_40_50,185,-0.001346,-0.028,5
conf_40_50,186,0.001058,0.012222,9
conf_40_50,187,-0.021154,-0.22,10
conf_40_50,188,0.009231,0.073846,13
conf_40_50,189,-0.012404,-0.099231,13
conf_40_50,190,0.007981,0.138333,6
conf_40_50,191,-0.014327,-0.18625,8
conf_40_50,192,9.6e-05,0.002,5
conf_40_50,193,-0.0125,-0.108333,12
conf_40_50,194,-0.003173,-0.015,22
conf_40_50,195,0.022692,0.157333,15
conf_40_50,196,-0.004904,-0.06375,8
conf_40_50,197,-0.010385,-0.083077,13
conf_40_50,198,-0.029808,-0.182353,17
conf_40_50,199,0.0,,0
cost_10_30,0,0.028365,0.184375,16
cost_10_30,1,-0.002404,-0.05,5
cost_10_30,2,-0.007981,-0.118571,7
cost_10_30,3,-0.022596,-0.130556,18
cost_10_30,4,0.009327,0.2425,4
cost_10_30,5,-0.003558,-0.041111,9
cost_10_30,6,0.011731,0.110909,11
cost_10_30,7,-0.006923,-0.065455,11
cost_10_30,8,0.014904,0.258333,6
cost_10_30,9,-0.008365,-0.2175,4
cost_10_30,10,0.006442,0.074444,9
cost_10_30,11,0.002788,0.03625,8
cost_10_30,12,-0.011827,-0.246,5
cost_10_30,13,-0.005577,-0.082857,7
cost_10_30,14,-0.024808,-0.234545,11
cost_10_30,15,0.009135,0.2375,4
cost_10_30,16,0.022596,0.213636,11
cost_10_30,17,-0.020288,-0.162308,13
cost_10_30,18,-0.0,-0.0,4
cost_10_30,19,-0.017404,-0.258571,7
cost_10_30,20,0.011635,0.071176,17
cost_10_30,21,0.015865,0.165,10
cost_10_30,22,-0.003269,-0.030909,11
cost_10_30,23,-0.002596,-0.054,5
cost_10_30,24,0.007596,0.079,10
cost_10_30,25,0.001154,0.015,8
cost_10_30,26,-0.000865,-0.01,9
cost_10_30,27,0.039423,0.341667,12
cost_10_30,28,-0.001058,-0.012222,9
cost_10_30,29,-0.009519,-0.11,9
cost_10_30,30,0.010192,0.265,4
cost_10_30,31,0.015673,0.326,5
cost_10_30,32,0.004327,0.225,2
cost_10_30,33,0.000577,0.004286,14
cost_10_30,34,0.019038,0.165,12
cost_10_30,35,0.015288,0.159,10
cost_10_30,36,0.016058,0.334,5
cost_10_30,37,-0.0,-0.0,5
cost_10_30,38,0.001154,0.0075,16
cost_10_30,39,-0.0025,-0.26,1
cost_10_30,40,0.015481,0.161,10
cost_10_30,41,0.014423,0.136364,11
cost_10_30,42,0.013269,0.1725,8
cost_10_30,43,0.017885,0.2325,8
cost_10_30,44,0.009615,0.083333,12
cost_10_30,45,-0.004135,-0.043,10
cost_10_30,46,0.027404,0.219231,13
cost_10_30,47,-0.002981,-0.051667,6
cost_10_30,48,0.011923,0.112727,11
cost_10_30,49,0.017404,0.139231,13
cost_10_30,50,-0.009519,-0.061875,16
cost_10_30,51,0.005096,0.075714,7
cost_10_30,52,-0.014135,-0.147,10
cost_10_30,53,0.018558,0.214444,9
cost_10_30,54,-0.017019,-0.1475,12
cost_10_30,55,-0.000288,-0.0025,12
cost_10_30,56,0.0,,0
cost_10_30,57,-0.008654,-0.075,12
cost_10_30,58,-0.000962,-0.02,5
cost_10_30,59,-0.002115,-0.044,5
cost_10_30,60,0.002212,0.02875,8
cost_10_30,61,0.004904,0.085,6
cost_10_30,62,-0.008462,-0.125714,7
cost_10_30,63,-0.011346,-0.131111,9
cost_10_30,64,-0.010577,-0.22,5
cost_10_30,65,-0.011346,-0.131111,9
cost_10_30,66,0.025288,0.175333,15
cost_10_30,67,-0.009423,-0.075385,13
cost_10_30,68,0.012019,0.416667,3
cost_10_30,69,0.015962,0.166,10
cost_10_30,70,-0.006635,-0.062727,11
cost_10_30,71,-0.003846,-0.036364,11
cost_10_30,72,-0.012308,-0.128,10
cost_10_30,73,-0.011923,-0.124,10
cost_10_30,74,0.009231,0.073846,13
cost_10_30,75,0.012788,0.120909,11
cost_10_30,76,-0.000385,-0.008,5
cost_10_30,77,-0.001635,-0.01,17
cost_10_30,78,0.030962,0.322,10
cost_10_30,79,0.004038,0.02625,16
cost_10_30,80,0.00625,0.108333,6
cost_10_30,81,-0.000673,-0.007778,9
cost_10_30,82,0.000288,0.0075,4
cost_10_30,83,0.006635,0.138,5
cost_10_30,84,0.010865,0.102727,11
cost_10_30,85,0.01625,0.281667,6
cost_10_30,86,0.006154,0.058182,11
cost_10_30,87,-0.016635,-0.21625,8
cost_10_30,88,0.006635,0.069,10
cost_10_30,89,0.000673,0.00875,8
cost_10_30,90,0.020288,0.26375,8
cost_10_30,91,-0.006923,-0.24,3
cost_10_30,92,-0.016827,-0.21875,8
cost_10_30,93,0.027596,0.220769,13
cost_10_30,94,-0.014712,-0.0765,20
cost_10_30,95,0.007885,0.063077,13
cost_10_30,96,-0.019327,-0.1675,12
cost_10_30,97,-0.011058,-0.067647,17
cost_10_30,98,0.011058,0.095833,12
cost_10_30,99,0.010192,0.265,4
cost_10_30,100,0.013942,0.131818,11
cost_10_30,101,0.014038,0.121667,12
cost_10_30,102,-0.021346,-0.222,10
cost_10_30,103,-0.000962,-0.02,5
cost_10_30,104,0.015673,0.271667,6
cost_10_30,105,-0.012885,-0.134,10
cost_10_30,106,0.001635,0.024286,7
cost_10_30,107,-0.015962,-0.150909,11
cost_10_30,108,-0.000769,-0.01,8
cost_10_30,109,0.011731,0.101667,12
cost_10_30,110,-0.008846,-0.115,8
cost_10_30,111,-0.013654,-0.142,10
cost_10_30,112,0.005577,0.096667,6
cost_10_30,113,-0.000962,-0.01,10
cost_10_30,114,-0.005288,-0.025,22
cost_10_30,115,-0.006731,-0.063636,11
cost_10_30,116,0.006538,0.068,10
cost_10_30,117,-0.017308,-0.257143,7
cost_10_30,118,0.005385,0.062222,9
cost_10_30,119,-0.014231,-0.077895,19
cost_10_30,120,-0.011346,-0.131111,9
cost_10_30,121,-0.000481,-0.01,5
cost_10_30,122,0.01625,0.338,5
cost_10_30,123,-0.01375,-0.143,10
cost_10_30,124,0.002885,0.027273,11
cost_10_30,125,0.011154,0.386667,3
cost_10_30,126,0.017788,0.185,10
cost_10_30,127,-0.010962,-0.126667,9
cost_10_30,128,0.008654,0.069231,13
cost_10_30,129,-0.013269,-0.138,10
cost_10_30,130,0.010865,0.094167,12
cost_10_30,131,0.004135,0.030714,14
cost_10_30,132,0.010962,0.162857,7
cost_10_30,133,0.005769,0.1,6
cost_10_30,134,0.001635,0.02125,8
cost_10_30,135,-0.003077,-0.035556,9
cost_10_30,136,-0.008462,-0.125714,7
cost_10_30,137,0.003846,0.033333,12
cost_10_30,138,0.003558,0.123333,3
cost_10_30,139,0.010288,0.13375,8
cost_10_30,140,0.021442,0.139375,16
cost_10_30,141,-0.006154,-0.091429,7
cost_10_30,142,0.012308,0.085333,15
cost_10_30,143,-0.014423,-0.214286,7
cost_10_30,144,0.016923,0.16,11
cost_10_30,145,-0.009038,-0.235,4
cost_10_30,146,0.012115,0.105,12
cost_10_30,147,0.001442,0.0375,4
cost_10_30,148,0.022115,0.153333,15
cost_10_30,149,-0.01,-0.061176,17
cost_10_30,150,0.018558,0.24125,8
cost_10_30,151,-0.003558,-0.026429,14
cost_10_30,152,-0.006058,-0.09,7
cost_10_30,153,-0.007404,-0.07,11
cost_10_30,154,-0.006346,-0.044,15
cost_10_30,155,-0.009423,-0.057647,17
cost_10_30,156,0.007019,0.073,10
cost_10_30,157,0.004135,0.143333,3
cost_10_30,158,-0.003077,-0.064,5
cost_10_30,159,0.0,,0
cost_10_30,160,0.004712,0.07,7
cost_10_30,161,-0.004135,-0.043,10
cost_10_30,162,-0.016827,-0.159091,11
cost_10_30,163,0.022115,0.209091,11
cost_10_30,164,-0.007115,-0.246667,3
cost_10_30,165,-0.004231,-0.062857,7
cost_10_30,166,-0.014423,-0.25,6
cost_10_30,167,-0.017404,-0.150833,12
cost_10_30,168,0.000481,0.007143,7
cost_10_30,169,0.013173,0.124545,11
cost_10_30,170,-0.001923,-0.025,8
cost_10_30,171,0.006058,0.105,6
cost_10_30,172,0.01875,0.216667,9
cost_10_30,173,0.003173,0.055,6
cost_10_30,174,0.014327,0.165556,9
cost_10_30,175,-0.006154,-0.042667,15
cost_10_30,176,0.001827,0.02375,8
cost_10_30,177,0.000192,0.002857,7
cost_10_30,178,-0.008173,-0.283333,3
cost_10_30,179,0.005288,0.055,10
cost_10_30,180,-0.014423,-0.25,6
cost_10_30,181,-0.003462,-0.072,5
cost_10_30,182,0.011154,0.105455,11
cost_10_30,183,-9.6e-05,-0.00125,8
cost_10_30,184,-0.006538,-0.061818,11
cost_10_30,185,-0.008462,-0.22,4
cost_10_30,186,-0.008365,-0.0725,12
cost_10_30,187,0.013173,0.195714,7
cost_10_30,188,0.002788,0.03625,8
cost_10_30,189,0.009135,0.2375,4
cost_10_30,190,0.02875,0.199333,15
cost_10_30,191,-0.006058,-0.09,7
cost_10_30,192,0.004231,0.029333,15
cost_10_30,193,-0.011058,-0.23,5
cost_10_30,194,0.006827,0.071,10
cost_10_30,195,-0.003173,-0.055,6
cost_10_30,196,-0.002019,-0.042,5
cost_10_30,197,0.005288,0.055,10
cost_10_30,198,-0.009712,-0.101,10
cost_10_30,199,0.002115,0.02,11
combined,0,0.012308,0.426667,3
combined,1,-0.002596,-0.27,1
combined,2,-0.002788,-0.29,1
combined,3,-0.002885,-0.3,1
combined,4,-0.002885,-0.3,1
combined,5,-0.005288,-0.275,2
combined,6,-0.003269,-0.17,2
combined,7,-0.004231,-0.22,2
combined,8,0.0,,0
combined,9,0.0,,0
combined,10,-0.002885,-0.3,1
combined,11,0.003558,0.123333,3
combined,12,0.0,,0
combined,13,-0.001923,-0.2,1
combined,14,-0.001635,-0.17,1
combined,15,-0.002212,-0.23,1
combined,16,-0.001635,-0.17,1
combined,17,-0.006538,-0.226667,3
combined,18,-0.002212,-0.23,1
combined,19,-0.005481,-0.285,2
combined,20,-0.004808,-0.25,2
combined,21,-0.002885,-0.3,1
combined,22,0.003654,0.126667,3
combined,23,-0.002596,-0.27,1
combined,24,-0.002596,-0.27,1
combined,25,0.004615,0.24,2
combined,26,0.004808,0.25,2
combined,27,0.006346,0.33,2
combined,28,0.0,,0
combined,29,-0.004712,-0.245,2
combined,30,0.0,,0
combined,31,0.006731,0.7,1
combined,32,0.0,,0
combined,33,-0.002596,-0.27,1
combined,34,0.001442,0.05,3
combined,35,0.005096,0.265,2
combined,36,0.0,,0
combined,37,0.0,,0
combined,38,0.0,,0
combined,39,-0.0025,-0.26,1
combined,40,-0.005481,-0.285,2
combined,41,0.003942,0.205,2
combined,42,-0.00125,-0.13,1
combined,43,0.011538,0.4,3
combined,44,0.004231,0.22,2
combined,45,0.013558,0.705,2
combined,46,0.009135,0.2375,4
combined,47,0.007212,0.75,1
combined,48,0.0,,0
combined,49,0.002885,0.1,3
combined,50,-0.005769,-0.3,2
combined,51,0.008269,0.86,1
combined,52,0.003269,0.113333,3
combined,53,0.009615,0.25,4
combined,54,-0.006923,-0.24,3
combined,55,0.013558,0.705,2
combined,56,0.0,,0
combined,57,-0.001635,-0.17,1
combined,58,-0.0025,-0.26,1
combined,59,0.0,,0
combined,60,-9.6e-05,-0.002,5
combined,61,0.0,,0
combined,62,-0.005,-0.26,2
combined,63,0.0,,0
combined,64,-0.00375,-0.195,2
combined,65,0.004615,0.24,2
combined,66,0.008365,0.2175,4
combined,67,0.0,,0
combined,68,-0.002885,-0.3,1
combined,69,-0.001923,-0.2,1
combined,70,-0.004904,-0.255,2
combined,71,-0.0025,-0.26,1
combined,72,0.007404,0.77,1
combined,73,-0.002212,-0.23,1
combined,74,-0.001154,-0.12,1
combined,75,0.004423,0.23,2
combined,76,0.0,,0
combined,77,-0.007115,-0.246667,3
combined,78,0.006827,0.71,1
combined,79,-0.000673,-0.014,5
combined,80,0.007019,0.73,1
combined,81,-0.002404,-0.25,1
combined,82,0.0,,0
combined,83,0.006731,0.7,1
combined,84,-0.002596,-0.27,1
combined,85,0.0,,0
combined,86,-0.001635,-0.17,1
combined,87,0.0,,0
combined,88,0.0,,0
combined,89,0.0,,0
combined,90,0.011923,0.413333,3
combined,91,-0.004519,-0.235,2
combined,92,-0.009327,-0.2425,4
combined,93,-0.0025,-0.26,1
combined,94,0.005,0.26,2
combined,95,0.0,,0
combined,96,0.002308,0.08,3
combined,97,0.0,,0
combined,98,-0.009808,-0.255,4
combined,99,0.0,,0
combined,100,0.012981,0.45,3
combined,101,0.007212,0.75,1
combined,102,-0.002596,-0.27,1
combined,103,0.003269,0.113333,3
combined,104,0.0,,0
combined,105,-0.001635,-0.17,1
combined,106,-0.002404,-0.25,1
combined,107,-0.007885,-0.273333,3
combined,108,0.0,,0
combined,109,0.0,,0
combined,110,-0.004712,-0.245,2
combined,111,-0.0025,-0.26,1
combined,112,-0.004135,-0.215,2
combined,113,0.00125,0.0325,4
combined,114,-0.001923,-0.2,1
combined,115,-0.007404,-0.256667,3
combined,116,0.0,,0
combined,117,-0.002788,-0.29,1
combined,118,-0.002885,-0.3,1
combined,119,-0.004135,-0.215,2
combined,120,-0.001635,-0.17,1
combined,121,-0.001731,-0.18,1
combined,122,-0.002885,-0.3,1
combined,123,-0.006442,-0.223333,3
combined,124,0.0,,0
combined,125,0.0,,0
combined,126,0.005673,0.295,2
combined,127,-0.007212,-0.25,3
combined,128,-0.005,-0.26,2
combined,129,-0.005673,-0.295,2
combined,130,0.005,0.26,2
combined,131,0.002115,0.073333,3
combined,132,0.007404,0.77,1
combined,133,-0.001346,-0.14,1
combined,134,0.0,,0
combined,135,0.0,,0
combined,136,-0.007981,-0.276667,3
combined,137,0.007115,0.148,5
combined,138,0.0,,0
combined,139,-0.006923,-0.24,3
combined,140,0.002115,0.055,4
combined,141,0.0,,0
combined,142,-0.005288,-0.275,2
combined,143,0.0,,0
combined,144,0.004423,0.153333,3
combined,145,-0.002885,-0.3,1
combined,146,-0.002885,-0.3,1
combined,147,-0.001923,-0.2,1
combined,148,0.009231,0.24,4
combined,149,-0.002115,-0.22,1
combined,150,0.001731,0.06,3
combined,151,-0.006154,-0.213333,3
combined,152,0.0,,0
combined,153,0.0,,0
combined,154,0.004519,0.235,2
combined,155,-0.002212,-0.23,1
combined,156,-0.002885,-0.3,1
combined,157,0.0,,0
combined,158,-0.005385,-0.28,2
combined,159,0.0,,0
combined,160,0.0,,0
combined,161,0.0,,0
combined,162,-0.003558,-0.185,2
combined,163,0.007404,0.77,1
combined,164,-0.002692,-0.28,1
combined,165,-0.00125,-0.13,1
combined,166,-0.007019,-0.243333,3
combined,167,-0.00625,-0.216667,3
combined,168,0.0,,0
combined,169,0.003942,0.136667,3
combined,170,-0.005577,-0.29,2
combined,171,0.0075,0.78,1
combined,172,-0.002115,-0.22,1
combined,173,0.0,,0
combined,174,-0.002885,-0.3,1
combined,175,-0.002788,-0.29,1
combined,176,0.0,,0
combined,177,0.0,,0
combined,178,0.0,,0
combined,179,-0.003942,-0.205,2
combined,180,-0.002788,-0.29,1
combined,181,0.0,,0
combined,182,-0.0025,-0.26,1
combined,183,-0.008173,-0.283333,3
combined,184,-0.006827,-0.236667,3
combined,185,-0.002212,-0.23,1
combined,186,-0.009231,-0.24,4
combined,187,0.0,,0
combined,188,0.004712,0.163333,3
combined,189,0.004904,0.255,2
combined,190,0.007115,0.74,1
combined,191,-0.0025,-0.26,1
combined,192,0.007885,0.82,1
combined,193,0.0,,0
combined,194,0.005673,0.295,2
combined,195,-0.002212,-0.23,1
combined,196,-0.002404,-0.25,1
combined,197,0.007885,0.82,1
combined,198,-0.003942,-0.205,2
combined,199,0.0,,0
