UP,FLAT,DOWN,ALL,v3.2,v3p1_on_UP,v3p1_on_FLAT,v3p1_on_DOWN
0.03952945925801394,0.10735074352618817,0.12428180478445752,0.07294603805209866,-0.05088253197400936,0.04017838430466509,0.023941033648846397,0.008826620098587177
0.05650670341553475,0.003907474495711045,0.12230845267370426,-0.006907536523889862,0.08175773543550861,-0.012542587531910544,-0.026517243227635708,0.03215229423565639
-0.09010163322780036,0.08248558411233566,0.2726822861259292,0.08843320368304232,0.10451662544926422,-0.0307898467846253,0.031194019110416842,0.08802903135725076
-0.020425552558981656,-0.06152518413918405,-0.016155884327489135,0.11555216569685064,0.08478078664543709,0.051723040179330174,0.023218091960683272,0.040611033556837206
0.03223666031521282,0.09262492368784142,-0.05708636569004678,0.10319934118207533,0.11151043802532232,-0.010914983460014939,0.03513619048410316,0.0789781341579871
0.0623516435000453,0.1315103241808517,0.015718585682836975,0.06629258464977707,0.039692537783987666,0.029791341141998703,0.009498472680109366,0.027002770827668995
0.09962862076105021,0.005832273773712609,-0.08618618464460288,0.014306508686919541,0.041546699725814186,-0.011787062216167392,0.0020860850946408356,0.024007485808446097
-0.01173964512406249,-0.031637190534218054,0.20762898096048507,0.10179153394336274,0.0456987382632256,0.03688934497735442,-0.027997798469705622,0.09289998743571394
0.028453729122788624,-0.12587295200968257,-0.09337030510451101,-0.014450698636029768,0.00972322267628854,-0.04006310831062721,0.020948886123035502,0.004663523551561946
-0.08876122713800444,-0.20013661879641997,0.38971988887327624,0.11584477234004444,0.1282998920897528,-0.006945351954710239,0.018745901035297614,0.10404422325945707
-0.020948488002118067,0.06569955580964411,0.03659213653607225,0.06283518290750406,0.06304782142426942,0.02692645883176175,0.018630259687100734,0.01727846438864158
0.03819014695757096,-0.03669888875210361,-0.061974615249766024,0.012572536364343372,0.037770825580490316,0.0021499305959985443,-0.0011088671953795402,0.011531472963724367
-0.11485962386199326,-0.2125625384699703,-0.03655878029754494,0.06776524488248706,0.07934839281091445,0.005512258532730056,0.009740496313705565,0.05251249003605145
-0.08166873653699244,0.11373217273080141,0.2604063446506877,0.06507534519379009,0.04980927560499515,0.06184165575891617,-0.01581541448482778,0.019049103919701705
-0.08291892899916647,-0.017051770433811116,-0.031017822441483153,0.018915873584035,0.05365648411649595,-0.021297065314435544,0.02149079578173669,0.01872214311673386
-0.043323496865248806,-0.02015561833560318,0.12741147887690452,0.0363329378354634,0.06930393177494434,-0.012178264889513088,0.009029584471318356,0.03948161825365813
0.09978934779010651,0.09801209551212733,0.04130970878293541,0.0401438767713505,0.10606825275686152,0.0055657319343966685,0.008128348825310222,0.02644979601164361
-0.05960714593036196,-0.023160101578088624,-0.0940570951406368,-0.0012721406088417487,-0.004481104275414368,-0.032345493824076386,0.005856062919840143,0.025217290295394493
0.028909554244482143,-0.07371977570230873,0.173200298448508,0.03674566002976786,-0.016771195382854435,0.0010946224137698924,0.03959061724943714,-0.003939579633439174
-0.0410627569066375,-0.03880086833695001,0.07670223416607624,0.15455846984570543,0.11047974763771583,0.020222462045877188,0.04432900574181164,0.0900070020580166
-0.06984855035310197,0.15888414842735954,-0.01425023121404837,0.10095293211473413,0.07191095020814262,0.00365029925820748,-0.003723257667980706,0.10102589052450738
-0.04772140140131482,0.0314231257696385,0.11281013087946538,0.15635502238832882,0.17591916283685963,0.0032820625179605595,0.066946390777933,0.08612656909243525
0.003918181670894157,0.15773719083465848,0.16394817818365845,0.047952052144947646,0.0239199742101539,0.022856979329434368,-0.0012092473092492721,0.02630432012476255
-0.05241292591975782,-0.1291096121649496,0.07373280397011951,0.02789632494398482,0.03585095772907625,0.011756560683162514,-0.005730198679862375,0.021869962940684683
-0.14262134016862177,-0.16260793430957599,0.0059409834121154186,0.1539669369205843,0.07898235660245345,0.04268957464563291,0.07402237365104883,0.037254988623902564
0.002394152569627943,0.09284272244492224,-0.07898600627088415,-0.029964138989754578,0.016242067994696605,-0.0180856064490098,-0.020749674348016677,0.008871141807271894
-0.010879909223672171,0.1625081846645944,-0.02671656160683046,0.07697545328512953,0.06872523898003131,0.012143756872663967,-0.0064006265983240695,0.07123232301078963
-0.12397544315671949,0.03307587241422976,0.037507104241851275,0.02109768269227461,0.009276289728869336,-0.016686690086862396,0.05479671366296914,-0.01701234088383214
-0.05807104773850063,0.08199649177053274,0.0069636489387692475,0.04000786556175622,0.037031918502746584,0.020017271409849022,-0.0018679697442593962,0.021858563896166597
-0.06933575203085503,0.15032940474635215,0.050143843940194895,0.051632143313498524,0.048775515305479696,-0.03462618049982002,0.010153940504605247,0.07610438330871329
0.06518603023043955,-0.09300201568480615,-0.052667039333385214,0.05764922335120828,0.07927106913352303,0.025169603539318044,0.02176185941119513,0.010717760400695098
-0.06857372361955817,0.053771100479531174,0.02390098093740611,0.02398082718272324,0.04132344577548566,0.038763856764720446,-0.040753571599548344,0.025970542017551144
-0.04587236479749609,-0.09879493471846067,0.08507989680462166,0.003760351732200945,0.03758483163354854,0.0015057173052875263,-0.0102041972174439,0.012458831644357318
-0.0354899377293906,-0.055432961428683016,0.17446155919599873,0.02714704799462004,-0.02476438249561928,-0.016366892641736453,0.018329116909612128,0.02518482372674436
-0.05182150727496993,0.14089200046380973,0.14108373510282243,0.025878710196280318,0.03204548659182785,-0.016043706498679748,0.03743034060237053,0.004492076092589528
0.04589192561175511,0.10497463999476342,0.032086317659244995,0.14545506937843808,0.12177853731603491,0.012906203728793041,0.042190590485747914,0.09035827516389712
-0.021297161898255427,-0.07084916206334013,-0.07861230345765252,0.14596600424663414,0.09528607120398153,-0.03484708580238167,0.04537605470462164,0.13543703534439416
0.023687343651847284,0.09017453557516034,0.05026004139630171,0.0990893471463291,0.04243584834882919,0.057378617431465155,0.021555155389376336,0.020155574325487598
-0.010964746341929815,0.006661752046932984,0.007847674007838742,0.1692809127472033,0.16874794494293466,0.02057143344839633,0.01725833329157567,0.1314511460072313
-0.18714756165674815,-0.0021187237502298607,0.09790710044237409,0.13192462584140935,0.1488534256965041,0.025214532396063225,0.022296523602121494,0.08441356984322462
-0.10598334501641501,0.07913371133947121,0.2519775890743872,0.0596719968538171,0.05267934516243639,-0.02821326417304415,0.04537434144345222,0.042510919583409024
0.01633354662338884,0.006221890540904565,0.0753676297543808,0.03661973071377465,0.038371532085632945,-0.0014605913930779096,-0.009082032287769286,0.04716235439462184
-0.02922528089156345,0.0855476222456307,0.31417129682828193,0.10194467112606623,0.11769901321019294,0.001714626141175354,0.043603034043751904,0.05662701094113898
0.08751206637498164,-0.08346466486887588,-0.0034660951545238197,0.10254562888244673,0.07629715625849844,0.014733352683708905,0.04362395157913032,0.044188324619607505
-0.054767236882008706,0.03970562888723227,0.06375035943257912,0.01277657841022071,0.08479374571891644,0.027701002556024874,0.0007363949072828095,-0.015660819053086972
-0.02135150724116893,-0.045073272407517094,0.12564974090188255,0.10237017849836795,0.019087722078785785,-0.0074986465430760645,0.044281505696858896,0.06558731934458513
-0.13703411375371535,-0.19729865951578363,-0.004845778591456436,0.07266221074558585,0.030081985160002163,0.010937368780429807,0.025106350523595798,0.03661849144156023
0.016516913516102967,-0.02700228906084453,0.36768683068153657,0.0009638312044095888,0.012941694895332355,-0.03214626219876386,0.012440701299329194,0.02066939210384426
-0.05911274177633833,0.07467592753730767,0.1241529590358448,0.0227313977905284,0.031330794795853115,-0.021963893139619765,-0.02221700919602205,0.06691230012617022
0.03836476418722332,0.033998462086761286,0.024462617916497335,0.07648443905815079,0.048553039659211,0.030442476358907858,0.01815407583163464,0.02788788686760829
-0.05280590712974529,0.01923953840951413,-0.07426150228548606,0.046122466967241066,0.058429826728090536,0.023487466276435873,-0.0027718215456553515,0.025406822236460545
-0.13361357740333438,-0.07334115064109302,0.05874802982949146,0.09574026406179552,0.07783400301148115,0.012224474454164023,0.04078229319804409,0.0427334964095874
0.07579357062189883,-0.06566193311043089,-0.029098832575879474,0.09631001990515406,-0.0002700726681677547,0.01252807978839094,0.0660033473526935,0.01777859276406963
-0.07420770260782993,-0.054160627934065696,0.2125797942086691,0.01665007775535715,0.011965297899381925,-0.011863506594652037,0.021171323802372764,0.007342260547636423
-0.046710538693066114,0.020821923951082344,0.07616758056650633,0.15539191419699597,0.11680730646557184,-0.024473046627279244,0.06304136176001433,0.11682359906426086
0.03643500821876872,0.049017486917416205,0.12701800629240817,0.09071059925729272,0.10794995277043415,0.004413965907309108,0.05363576599850998,0.03266086735147363
0.024679833049380876,-0.06141168840887831,0.15710343785176306,0.06397089983673648,0.05805920510818093,-0.015252242626465917,0.023758038129776126,0.05546510433342628
-0.05153168070920324,-0.08064974272487366,0.06154356243734855,0.04933748609579612,0.06605902659999692,0.009088193468207684,0.021490409563964984,0.018758883063623458
-0.032113291014675284,0.014647241130974204,-0.031940152990142315,0.05538499929958118,0.06820754709898752,0.023096829451924497,0.04186985071115231,-0.009581680863495631
-0.1116605986361578,-0.038330068986273176,-0.012222000143328735,0.08827960736284603,0.12345477128415451,0.0382297475719647,0.024365225515246284,0.02568463427563504
0.007084769719822475,0.06694004428450409,0.11965841268999261,0.13288980482203072,0.09720382842662288,0.07520391119714742,-0.01658392726098995,0.07426982088587326
-0.03376349885811911,0.036560919738487775,0.2122552271961647,0.1001381030290751,0.13811488969231417,0.05567541038612412,-0.006672439049791104,0.051135131692742086
-0.05571278161238819,0.0006691875138805304,0.041761508911712174,-0.07570922479848867,-0.06978586304170652,-0.04225078857500507,-0.03766019177489856,0.004201755551414963
-0.012970664547308703,-0.08784485373774684,0.04494479466677277,0.14320151902773226,0.07068056794670756,0.022741978344072926,0.029946340694698075,0.09051319998896125
-0.05154934526578553,0.03141158571586751,0.029763673241372426,0.08941807087473685,0.08249042522540055,0.08367345271911805,-0.004547074633674563,0.010291692789293382
-0.012065220399784188,-0.07559509329709815,0.19613393577563168,0.03577502991011903,0.006703947550298479,0.002103147651132487,-0.037039555621180144,0.07071143788016669
-0.016119677614880538,-0.053382072304714555,-0.035590587610427236,0.06603216597308344,0.14090900749514745,0.022084722305453643,-0.016249958137395253,0.06019740180502503
-0.15873037072635346,-0.06491553653508769,-0.0677798507442742,0.08278223280307209,0.12064445095667355,-0.011027503336502405,0.013376901310976708,0.0804328348285978
0.018520174161717383,-0.01814325748148106,-0.01708103138119445,0.10131121135919921,0.0623536618507667,0.0221132582629142,0.06930087045828766,0.00989708263799736
-0.04660800103249182,-0.0724587983409175,0.025449551219773037,0.07358373715273325,0.0436117206339599,-0.0035347621064241936,-0.03378413201559131,0.11090263127474877
-0.029112961883900623,-0.02314419016032682,-0.027436394569699717,-0.087515202960536,-0.05226365652998284,-0.043602570800827085,-0.023282193527117395,-0.020630438632591515
-0.11094404576845948,0.16141380547669254,-0.011500230585256708,0.10273700114068954,0.11961302759135416,0.027084061231149297,0.032970331670883035,0.04268260823865721
-0.11914541097938171,0.03751949239241197,-0.10829054436038062,0.015468948011923715,0.034426009546289084,-0.014031208449276609,0.02110261321273168,0.008397543248468644
-0.06507924669973479,0.04431167266914789,0.052978968230808575,0.013651142155424557,0.01592768978963654,-0.029440069290141573,0.025479544825713477,0.01761166661985265
0.0359532287366329,0.0009384461334601622,0.27452793273376963,0.06409626661080399,0.04836199476168389,-0.005197222377240824,0.02798765148745571,0.0413058375005891
-0.1105971725757378,-0.01497459898869153,-0.010027464666718475,0.018522441287290872,0.046859489584289024,0.010749138272036649,-0.026414315581266744,0.034187618596520974
-0.11565600922240557,0.1167496122896595,-0.02468510033889194,0.01468141722590803,0.024236286570412473,-0.035769607772365666,-0.023698117647796835,0.07414914264607053
0.07372607656015413,0.1199628048804027,0.20199995751841926,0.030120810448940383,0.08360129498080252,-0.036908953840504015,-0.001205347277946306,0.0682351115673907
-0.08199500934105938,-0.1123934678660265,0.1206159725809131,0.12349672194486518,0.06976727144815728,-0.02469449721726545,0.09346588199389116,0.05472533716823946
-0.0241925357289629,-0.1192551018644251,-0.047975311930145495,0.07294803754728041,0.03831481538780389,0.01152662909556269,0.06713314483614637,-0.005711736384428646
0.030859760472984957,0.01850893560619606,0.07661545534365426,0.114400321046836,0.12730756873110022,0.022045039683012857,0.01651240332907313,0.07584287803475001
0.005281213288580938,-0.054479691886098,0.07533463983673062,0.0005974126282463737,0.013206444910947659,-0.0453632284879809,0.04447162390337063,0.001489017212856639
-0.048071466791577346,-0.07834407825444022,0.38674110477895224,0.03197810270120094,0.02670573184481948,0.015375016471095009,0.028022068194935877,-0.011418981964829948
-0.012221273184945524,-0.038691257732943074,0.041669855950061084,0.05170613717674983,0.049101106029144574,0.03230055783014545,-0.042672057301785304,0.06207763664838968
-0.013030153211660567,0.027059199521828746,0.15036385421957363,0.027171274699208475,0.016742922519358293,0.01083471899452595,-0.016410687604848432,0.03274724330953095
0.004773087328308289,-0.08359623961975884,-0.043609032441094916,0.1399289516629037,0.15340919193209798,7.462967800973922e-05,0.028025810790633852,0.11182851119426011
0.09193155883863746,0.02921174026970835,0.34265405030568624,0.037094470395453764,-0.026158092726861516,0.016964218981004094,0.00856784904427601,0.011562402370173662
0.08887190549292162,0.17281800713022108,-0.06302076357247263,0.03511008580640448,0.015949304150746198,-0.0016101444334465993,0.030215728032606828,0.006504502207244251
-0.11698763528032831,-0.017855183055842265,-0.08979704287772891,0.10868241459137826,0.07471076159034085,0.04354912364548419,0.022841523285061175,0.0422917676608329
0.03244150187015278,0.017842430968900622,0.10736482227575016,0.11143686040776693,0.12704389245442083,0.00010975927236898294,0.0393126420847327,0.07201445905066525
-0.006979458452714638,-0.08136366137891025,-0.1036810619413534,0.016991865379981753,-0.0031912403143462874,-0.019134209895267002,0.018559499083237216,0.01756657619201154
-0.03413030688461141,0.022130250050433682,0.09949395289422222,0.04609668608044357,0.031359917222110754,0.01625780115605844,0.02073741041268834,0.009101474511696793
0.010157525679663772,-0.02955322403125203,0.12110769058979425,0.004148606264100574,0.06525751314445978,-0.03168939106958021,0.01135216649533724,0.024485830838343537
-0.07391750639452636,0.027181010228696553,0.04922735958601539,0.06514387518822938,0.044776578137285895,-0.04332431634554826,0.04304191778327005,0.06542627375050758
-0.09071579469731225,0.056122316472410505,0.04590081678923696,-0.023262039800413966,-0.046884931265223966,-0.039164045841484876,-0.003926371242597442,0.019828377283668354
-0.20760730261694565,-0.04446093025263001,-0.049330820836993215,0.17496338764139258,0.11223905494446451,0.038045058222529377,0.03608878928024886,0.10082954013861435
0.03444883192682373,0.19691896909135567,0.3029682628555025,0.07301138506741514,0.05718180832212199,0.014740459656869945,0.03266001573311517,0.02561090967743002
-0.08085016017538411,0.11819329444796903,0.16531741664626695,0.08324770761435496,0.01672418109204589,0.05122392754890846,0.031107241388474254,0.0009165386769722432
-0.01310581991408879,-0.016643125230704273,0.14325033078079663,0.038763723176651964,0.052208247388467646,-0.011410012516080535,-0.028651251465997014,0.07882498715872951
-0.005826284980109657,0.04361559296184564,0.10022285932876501,0.07911458266209946,0.09353243415365123,0.007537054657407625,0.007533433260516604,0.06404409474417525
-0.011876973514848036,0.18141709209653153,0.17405556271127579,0.08488621973304065,0.06633612235255043,-0.015266583955730854,0.0729531176803248,0.027199686008446723
-0.10388207969152237,0.04417223276509111,-0.04412598058909754,0.03060675051988463,-0.01668658142053705,-0.00011360480566053815,0.011509103736679809,0.01921125158886536
-0.013405176936532108,0.12993768580857717,0.1623174417345094,0.08077910926051957,0.009146102315869488,0.013962874807439461,0.03788433922279768,0.028931895230282424
-0.06649951892449411,-0.09648881716303928,0.2043375259524216,0.017033758130066357,0.014815813031646695,0.03168987296939864,-0.03873530652098357,0.024079191681651294
-0.06388287742562382,0.11206915691291948,0.039626031188907965,0.12860590403439393,0.11901388153414698,0.014169737770439469,0.030546911367121114,0.08388925489683334
0.11909244889973172,0.0693248481761035,-0.025016454163259223,0.05636429882416239,0.02740013642869121,-0.0019111101697518458,0.030532151301167994,0.027743257692746243
-0.034502664789811004,0.04481874532175472,0.13763307874104952,0.049812553527088146,-0.019254426415905412,0.01725900033079515,-0.0016137547970700389,0.03416730799336303
-0.06246811811873399,-0.010904288651945345,0.020972506785483232,0.0662810222005555,0.035654152937179676,0.0305558948654026,0.016908843392762798,0.018816283942390096
-0.050649963632684626,-0.09598175356980704,0.38499104527449807,0.14493953897973622,0.13291054007207406,0.0015047023006936765,0.05683612732575636,0.0865987093532862
0.12987770566277543,0.013435095885707002,0.04695663771545553,0.028549311201318418,-0.023702910065818435,0.016218164471390937,-0.03467465833324183,0.04700580506316931
-0.09334695507115,-0.0026470504529106332,0.0734860410300891,-0.0007614265338348192,-0.0450064505136091,0.024457840880010517,0.0007415913529934901,-0.025960858766838825
-0.09700526243817398,0.005716191645791378,0.06556991577948715,0.05274708715564694,0.16761458782805946,0.008599125060341224,0.015666909921090287,0.028481052174215427
-0.034098762028674984,0.038875553191207626,0.031456021373854615,0.07818599620857332,0.04508119424311926,0.044519933839954166,0.010369097975478287,0.023296964393140863
-0.053510702259715257,0.1781114621834338,0.11591607066312232,0.06990510004166794,0.1133829801061758,-0.04111574586306487,0.011815835074757912,0.0992050108299749
0.09066842422528343,-0.18551551584962525,-0.004976363147913243,0.048712463909002475,0.029181687802854572,0.01043997182934852,0.04589092448844302,-0.0076184324087890665
-0.11842129692639021,0.1079746944018307,0.12051656235488947,0.06746610132746486,0.035900428271474674,0.03690692240066688,0.03972988679319128,-0.009170707866393306
0.11154398259245936,-0.003939610398722243,0.07839668397225381,0.105334546338508,0.10630365326794854,-0.024499672301014172,0.03951809858214781,0.09031612005737437
-0.025370764191981726,0.04322179828442709,0.1089919896164586,0.04932579100028499,0.02426937603507822,0.007055400858752946,0.013866848724496922,0.028403541417035123
0.08078040189463127,0.033132824115397,0.1699123410538591,0.07419014654423783,0.07972984642492217,0.0021670612068374014,0.030395433273492298,0.04162765206390814
0.13078158808255053,-0.07287050835412526,0.25490325463111857,0.11299956364013879,0.104011900269491,0.003165710730400423,0.06940352385829186,0.04043032905144651
-0.14170697057137463,-0.12645428869459469,0.1462922235376446,0.10210458166603255,0.09109621569491719,-0.006198872433929862,0.03712170560198213,0.07118174849798029
-0.028659822820437924,0.01745105146941074,-0.15446682937403577,0.0018802360750545717,0.01887962045558522,-0.011625221807439363,-0.01194916951435357,0.025454627396847507
-0.1654209151288352,0.022116898426833825,0.15362801110952395,0.057232039112132684,0.06838882564507756,0.0028357359373258066,0.020318568082940563,0.03407773509186631
-0.0069960943541800815,0.025960891699044558,0.21831341545529112,0.0904250786048682,0.02614508136046098,0.07399263960923769,-0.043598873492745924,0.06003131248837645
-0.04010224527005989,-0.023748478171649448,-0.014082026361298627,0.12720148909890533,0.13185896001436187,0.010028794478422453,0.03537357983172425,0.08179911478875863
-0.10672089119359757,0.014674335095747225,0.15392347229938907,0.11146984233755784,0.0736166127928355,0.038197016098240236,0.07958967202887621,-0.006316845789558603
0.08479457628412508,0.08182472349353545,0.05784054660967472,0.06980584163963433,0.00956048850750071,0.02307211962308094,0.024473953177885012,0.022259768838668374
0.09643607010066613,-0.19453971977878243,-0.0058608661399998496,0.045761603832333075,0.05487185971992069,-0.020674486226169707,0.013567141602152834,0.05286894845634995
-0.06010838306634213,0.056921573978393356,0.01143397288948711,0.041129379716617766,0.02484130319815107,-0.017124622643139516,0.005597799301126089,0.052656203058631196
-0.029679415506770133,0.1757746974950458,0.12881867995976373,-0.0006255244918376454,0.044334578173735956,-0.03452672395426884,0.005175804011789331,0.02872539545064186
-0.002743957610898981,-0.17055863236021282,0.07454501148270971,0.005501678512066194,0.004390815312788252,-0.016516253047798746,0.033735386867071546,-0.011717455307206604
-0.056437411335819546,0.0641790404468515,-0.02924014072192927,0.05506236780073175,0.12011222647703303,0.013296772126972443,0.05698219074139273,-0.015216595067633423
-0.15452761760887404,-0.037583479789103945,-0.026737949721862067,0.031739581853684515,0.026813260401666802,-0.012326985634141304,0.005889178537141086,0.03817738895068473
0.020062013207783707,0.042464552952363635,0.04285840586785073,0.1490235000165812,0.17261478729888552,0.030649767926407362,0.04760571059273811,0.07076802149743575
-0.05048509048736814,-0.08909078442242659,-0.03285882370809233,-0.006311680936694597,0.004365257466959028,-0.005408073254494841,-0.008692391891445047,0.007788784209245292
-0.049810014787943634,0.03193543260031706,0.0882510271764762,0.15502098794412242,0.11084285950107964,0.01104164929806478,0.056774947770157375,0.08720439087590025
-0.13486663958975798,0.11142319945788093,-0.07072629798797597,0.10351253293249993,-0.003398540911060304,0.022604419957490476,0.03932835245814005,0.04157976051686939
0.06132825380623704,-0.046845221871637775,0.19630874635292248,-0.0181835035940219,0.011580605411642016,-0.028273058444151677,0.010281631238099794,-0.00019207638797001997
-0.02759625905189687,-0.017308272811387318,-0.017193381435381783,0.0677087382307122,0.026229812136023024,0.007418895263220079,0.04511082068240365,0.01517902228508848
-0.013466526674247041,0.1743328047755412,0.04550429211984305,0.09788161601819555,0.03400648767448103,0.017440102103548263,0.02935943682144502,0.051082077093202276
0.056485506286897726,0.08653623552155117,0.052238281864956264,-0.014069503083926143,-0.014552694411001883,-0.04108768771495227,0.025445199688337562,0.0015729849426885662
-0.019760997885371806,0.09393056404367274,0.11251337874139798,0.06553300801417675,0.07022921154576153,0.012515825062651895,0.04544342564280085,0.007573757308724006
-0.03867637436183627,0.18047059696039014,-0.12044501470766875,0.10100762410211463,-2.7026873596758262e-05,-0.040469668759616224,0.04370796168430689,0.09776933117742398
-0.09787289448602994,-0.10963224633445183,0.04003711991656921,0.08974295332380192,0.11776966714956727,0.034547478530048296,0.03292499862398925,0.022270476169764367
-0.11387370704765828,0.17627260444902773,0.08825852976803802,0.09901361305034125,0.12157693275080252,0.01716753058254505,-0.008656018975830784,0.09050210144362697
0.013655432584341798,0.0003098468495163767,-0.02040408989317019,0.024712512360549273,0.029600850468256636,0.0057687410959568804,0.013208940087643003,0.005734831176949393
0.0643186811449089,0.0857794595432598,0.06711937626689066,0.04983066267774336,0.05995006213900487,-0.01701815134618922,-0.009051102605869188,0.07589991662980176
-0.03284523756140465,0.0546219656276672,-0.0520583804427963,0.05717470803208276,0.03429397729897965,0.012172197637611636,0.048435672870630594,-0.0034331624761594843
-0.026528699834067734,0.02370378871436091,0.0856762747145457,-0.05370778690635035,-0.057446071139247955,-0.01784629081397264,-0.029105184672047493,-0.006756311420330212
-0.024521112420952108,-0.003884086776151378,0.07878467225546767,0.028356605459461105,0.04833509272371287,-0.0041957303618928915,0.018028733156980625,0.014523602664373374
0.05688202303388237,-0.024553504180604813,0.0005635903025253781,0.05059788283040956,0.048224518231502304,-0.007790497117938812,0.030685006167078702,0.027703373781269663
-0.07523785502496654,0.15640005033052135,-0.047868612159101605,0.047008364117959354,0.09263332137082851,-0.014148677915140752,0.0018554399625009981,0.05930160207059911
-0.04599333644619352,0.22071492759690187,0.15811009985197302,0.01870657626117436,0.012543349360407739,0.022180972050462284,-0.0036915577830523116,0.00021716199376438836
0.08956660485207699,0.15468892087139713,0.19988454361748384,0.00403989324581767,0.02632802859729334,-0.028609794088392485,0.009337809506888242,0.02331187782732191
-0.13113797908820937,-0.07327035011470578,0.18091500428864216,0.031454080842763577,0.032636949816368103,0.022951340393328534,-0.017898126038549657,0.0264008664879847
0.041256753879054364,0.0027943596210176715,0.16942505985523224,0.10371380171367106,0.12092036528082398,0.010420625636478277,0.04644288106607258,0.046850295011120195
-0.02272058929490878,0.12579424441008705,0.24966983867387207,0.07525023465820292,0.017123353443769272,-0.008693240308282144,0.02748566262505994,0.05645781234142513
0.013940045031878559,0.04103110731279219,-0.010556706145153777,0.10730011985387651,0.03333112559222305,0.045747006005639634,0.006564276310286996,0.05498883753794988
0.06280145892448792,0.02420021237836986,0.012063541584847081,-0.005598001972219575,-0.047728760600367286,0.03695381934438125,-0.023506964363502823,-0.019044856953098
-0.05273369270982926,-0.04109451382132318,0.17809261700750725,0.07645204582300746,0.0005711672131940509,0.03848446040953603,0.0345159640836931,0.0034516213297783403
0.03902980761679186,-0.03724867156044718,0.09509732439648486,0.041878563539834324,0.04488119851198012,0.03582297762558858,0.01368451214811611,-0.007628926233870369
-0.1165009120352525,0.11144583003719276,0.07483364764670394,0.023264348983350797,0.02259142951993407,-0.013086293841116725,0.0001733555658692111,0.03617728725859831
0.06741367214785855,-0.12328036022432025,0.09837428935030637,0.06232381171797512,0.1347379980159076,0.008476312096807272,0.006698425068011586,0.04714907455315626
0.21638784021793525,0.0835657060783477,-0.03293916544415544,0.07406342976516705,0.07305530443800609,0.01871455430235494,0.009892080457160004,0.04545679500565211
-0.05568209897022551,-0.027878053102979607,0.20014630989509555,0.04525273426495129,0.04619996811359359,0.0005588903580659172,-0.0022786002174066448,0.046972444124292016
0.019816790346177393,-0.007811008041391449,0.07605907838863764,0.016842718859058255,-0.030139507962350938,0.00306974652729557,0.006087144849319191,0.007685827482443494
0.012669744382750805,-0.10361308582191332,0.030489613132675703,0.1363527670300813,0.09119637543080883,0.02927043846117672,-0.001923503963361169,0.10900583253226576
0.04663694196138695,0.04618138461120647,0.006121866730436155,0.07196194124166096,0.05538643498321872,-0.013762041373670196,0.030121794369826323,0.05560218824550483
0.013524981443751152,-0.04688681141440476,0.12793572357210098,-0.09557476898335289,-0.1209632942026418,-0.026468721696465,-0.015200938063091685,-0.05390510922379621
0.05005185443627596,0.10414780777727528,0.26922910254827664,0.0008121358327388071,0.0027765885176509264,-0.011306099294365973,-0.030347218480013576,0.042465453607118356
-0.04513464163338678,-0.12014809655900838,0.10347993975199501,0.1355009016471293,0.16034846264640656,0.04514491208213472,0.02282442619610796,0.06753156336888663
-0.028840324242564302,0.008204778646898276,0.08737618280436915,0.04470977209563647,0.03259080402377094,0.02375581918740967,-0.06627933344884863,0.08723328635707543
-0.00806974070917052,0.008151610777788152,-0.02218129899376625,-0.0015882827418466324,-0.010288722624466808,-0.009338566230192972,0.01179739352683825,-0.00404711003849191
-0.023827793193377907,0.15286542696258545,-0.07104331009290757,0.019880690055033106,0.06971910474298704,-0.023157265780663818,0.04789863744274847,-0.004860681607051539
-0.0025356223180006588,0.06942214446668554,-0.034082131682967184,0.12812471847097645,0.08270696157982595,0.01471075780978178,0.03983033074939691,0.07358362991179779
-0.044434285632267805,0.10255754753257411,0.03171324802256025,0.019701936571483458,-0.029285842965348346,0.008942929069909214,0.0008927329503510982,0.009866274551223147
0.11061493358001963,0.03181112681117914,-0.07918952810881257,0.04105082952749475,0.07722875561420875,-0.024254817696353553,-0.009170111221295298,0.0744757584451436
-0.1295242363533671,0.041769413728679566,0.05578607171102241,0.10558388638140577,0.013268930435232971,0.020774940991054373,0.03730259502315634,0.047506350367195076
0.06521866893640525,-0.13076897531280968,0.1597916023204321,0.03681836190604658,0.08521661792135406,0.016062426304649376,0.006611290060790531,0.014144645540606675
-0.014364044021446825,-0.11602954858104163,-0.021811332202443974,0.09607090785393686,0.06593712620715385,0.0032098951234587132,0.06340143222498602,0.029459580505492116
-0.12931063742398358,-0.04142267079067099,0.0307568770428435,0.029249797275686752,0.09202245084879923,0.0003409443228773623,0.005128812900309429,0.023780040052499958
-0.08978711765135237,0.11380562905790995,-0.06842727552414421,0.0662220125602482,0.01711689559823013,-0.011529164099605414,0.037038438992515264,0.04071273766733836
0.003494704408152957,-0.06272148372497414,0.19358023107438968,0.20234903616519123,0.15252005153643194,0.03390136773590627,0.030254953679279845,0.13819271475000514
-0.14612406958463778,-0.11601575978650686,-0.08763739914213686,-0.03407225387530775,-0.055484310657969,-0.006380164853478677,-0.03814107998954117,0.010448990967712101
0.0023675625624510915,-0.08453338383994705,0.06893411399940332,0.05932885185910308,0.10623735211907373,0.027925792957495938,0.03861247425306147,-0.007209415351454325
-0.1387004090554923,0.07718536408836425,0.01725173154089501,0.07555578163183979,0.08372992464852017,0.004123220754637923,0.003629459429735667,0.0678031014474662
-0.06723804335747952,0.031000975540986422,0.18863027587564288,0.07277277697925055,0.03199317167723471,0.017510002121379903,-0.0089901175275397,0.06425289238541035
0.021958349040326106,0.004008594145899869,-0.04639231703828353,-0.07156068787242316,-0.01839089238216464,-0.045060970403165576,-0.0236354723331629,-0.0028642451360946825
-0.17860232747642518,-0.0649566499777313,0.01847388527016321,0.10409457431912755,0.09664811104466578,0.011825146771500237,-0.005925210812767206,0.0981946383603945
0.0080870245929173,0.0725402111718816,0.1332845576300863,0.148573942030593,0.08060256627103167,0.04144380601958593,0.014201517940885993,0.09292861807012107
-0.11844580984319833,-0.05703865282072348,-0.04759121040051582,0.05897608823885868,0.06695638428171452,0.003946619090656517,0.0220420293092347,0.03298743983896746
-0.03205398730363313,0.020853228703404447,0.03378745896878222,0.022254041159296176,-0.023398648992955896,-0.0026019275184858957,0.02567980324583906,-0.0008238345680569858
-0.05958995080405604,-0.04138555751719939,-0.016197118518943013,-0.047990836327017436,0.007787132248540618,-0.03978657491480013,-0.01984439728040249,0.011640135868185188
-0.05912273299639808,0.01913650906148173,0.040151984478537225,-0.010429853316866322,0.001897739299326803,-0.025568843915580824,-0.018228505637403452,0.033367496236117955
-0.05052656510822848,0.08626313866776684,0.0025135109801220222,0.044204451217214315,-0.011912189447498313,0.029490292499645448,-0.012002671597268113,0.026716830314836976
-0.04172164119472073,0.02680786491474747,0.2954793044007867,0.06035008521895295,0.08616154811177257,0.07139607347639994,-0.0054559744230283395,-0.005590013834418656
0.07969061522783526,-0.05830059899235385,0.044166001969153365,0.07156883529806564,0.04912567624800507,0.016768071797368913,0.055146938702752,-0.00034617520205527296
0.05218526386122204,-0.01333517209196259,-0.0034324142943375864,0.17706149842866528,0.10507280227370373,0.023756544212227466,0.04124018115952412,0.1120647730569137
-0.02651951626137954,-0.04351398683908292,0.09406893574827807,-0.004816784727124061,-0.0008477561184255281,-0.029427403507661817,0.0077785696522315395,0.01683204912830621
0.002666930611554614,-0.1717651321525417,-0.0899227701558594,0.12044758676807044,0.08325613689874801,0.020671044607413452,0.07082443711346405,0.028952105047192936
